query_arxiv_id,rank,score,doc_arxiv_id,top_uni,relevant
0712.3875,1,0.922892689704895,2102.12545,False,True
0712.3875,2,0.9216469526290894,1001.0862,False,True
0712.3875,3,0.9170727729797363,1512.02298,False,True
0712.3875,4,0.9164760112762451,math/0610538,False,False
0712.3875,5,0.913642168045044,2410.18152,False,True
0712.3875,6,0.9128798842430115,0904.0088,False,False
0712.3875,7,0.9128657579421997,0910.5639,False,False
0712.3875,8,0.9113926291465759,2105.13286,False,False
0712.3875,9,0.9095832109451294,1608.00922,False,False
0712.3875,10,0.9084792137145996,math/0606720,False,True
0712.3875,11,0.9045305848121643,0802.2044,False,False
0712.3875,12,0.9036597609519958,math/0402453,False,False
0712.3875,13,0.9028570055961609,1510.06258,False,False
0712.3875,14,0.9025828242301941,2110.10251,False,False
0712.3875,15,0.9011639356613159,2212.02665,False,False
0712.3875,16,0.9006486535072327,0904.4858,False,True
0712.3875,17,0.8990196585655212,1112.2191,False,False
0712.3875,18,0.8978710174560547,1111.6710,False,False
0712.3875,19,0.8975168466567993,2106.14606,False,False
0712.3875,20,0.8969978094100952,1408.0392,False,False
0712.3875,21,0.8965755701065063,2306.05099,False,False
0712.3875,22,0.8964722156524658,2302.04205,False,True
0712.3875,23,0.8957627415657043,math/0006105,False,False
0712.3875,24,0.8954869508743286,2603.27937,False,False
0712.3875,25,0.8952033519744873,2502.18355,False,False
0712.3875,26,0.8932620882987976,0711.2522,False,False
0712.3875,27,0.8913684487342834,2006.04256,False,False
0712.3875,28,0.8911608457565308,1101.5064,False,False
0712.3875,29,0.8910859823226929,1701.04867,False,False
0712.3875,30,0.8909116387367249,1901.00320,False,False
0712.3875,31,0.8908762335777283,2010.03423,False,False
0712.3875,32,0.8903248310089111,0805.0703,False,False
0712.3875,33,0.890295684337616,math/0409039,False,False
0712.3875,34,0.889110803604126,1209.3528,False,False
0712.3875,35,0.8884302377700806,math/9912088,False,False
0712.3875,36,0.8881692886352539,1103.5316,False,False
0712.3875,37,0.8880796432495117,math/0603458,False,False
0712.3875,38,0.8880364894866943,2208.11504,False,True
0712.3875,39,0.8878052234649658,2501.10554,False,False
0712.3875,40,0.8874087929725647,math/9808125,False,False
0712.3875,41,0.8871329426765442,2306.10729,False,False
0712.3875,42,0.8867459297180176,2405.00152,False,True
0712.3875,43,0.886709451675415,math/9906081,False,False
0712.3875,44,0.8861809372901917,math/0507321,False,False
0712.3875,45,0.8860903978347778,math/0011210,False,False
0712.3875,46,0.8857353925704956,math/0511160,False,False
0712.3875,47,0.8850612044334412,math/0306414,False,False
0712.3875,48,0.8847615718841553,1605.08592,False,False
0712.3875,49,0.8847401738166809,1708.08020,False,False
0712.3875,50,0.8845839500427246,2201.06013,False,False
0712.3875,51,0.8840525150299072,1108.0622,True,False
0712.3875,52,0.8838173747062683,1608.06191,False,False
0712.3875,53,0.8837816119194031,1801.06633,False,False
0712.3875,54,0.8833631277084351,2602.02423,False,False
0712.3875,55,0.8833598494529724,2502.00956,False,False
0712.3875,56,0.8833439350128174,1507.08238,False,False
0712.3875,57,0.8824436664581299,1912.08109,False,False
0712.3875,58,0.8822985887527466,2508.13724,False,False
0712.3875,59,0.8822536468505859,1710.01958,False,False
0712.3875,60,0.8816977739334106,1509.01387,False,False
0712.3875,61,0.8816121220588684,2106.03440,False,False
0712.3875,62,0.8815290927886963,math/0503004,False,False
0712.3875,63,0.8812618851661682,1607.05565,False,False
0712.3875,64,0.8811060190200806,math/0006237,False,False
0712.3875,65,0.8807847499847412,2211.09991,False,False
0712.3875,66,0.8793867230415344,1511.01378,False,False
0712.3875,67,0.8788033723831177,2309.15219,False,True
0712.3875,68,0.8785774111747742,2202.08888,False,False
0712.3875,69,0.878334641456604,1112.1429,False,False
0712.3875,70,0.8780533075332642,1505.02942,False,False
0712.3875,71,0.8778687119483948,1606.01921,False,False
0712.3875,72,0.8775056600570679,1812.00042,False,False
0712.3875,73,0.8774482011795044,math/0209299,False,False
0712.3875,74,0.8774427175521851,0708.3912,False,False
0712.3875,75,0.8765210509300232,0906.5525,False,False
0712.3875,76,0.8763300776481628,math/0404212,False,False
0712.3875,77,0.8757750988006592,2412.16759,False,False
0712.3875,78,0.8752696514129639,2107.03782,False,False
0712.3875,79,0.8750264048576355,1406.3551,False,False
0712.3875,80,0.8749048113822937,1208.6417,False,False
0712.3875,81,0.8747002482414246,math/0005126,False,False
0712.3875,82,0.874553918838501,2104.08871,False,False
0712.3875,83,0.8742406368255615,math/9805034,False,False
0712.3875,84,0.8735541105270386,1107.3578,False,False
0712.3875,85,0.8733005523681641,2210.02277,False,True
0712.3875,86,0.8732719421386719,1411.4146,False,False
0712.3875,87,0.8732417225837708,2106.13294,False,False
0712.3875,88,0.87305748462677,1806.09910,False,False
0712.3875,89,0.8726913928985596,2011.01012,False,False
0712.3875,90,0.8726406097412109,1210.2026,False,True
0712.3875,91,0.8720949292182922,math/0409174,False,False
0712.3875,92,0.8719462752342224,math/9807048,False,False
0712.3875,93,0.8713478446006775,2105.14828,False,False
0712.3875,94,0.8713266849517822,1604.05454,False,False
0712.3875,95,0.8712984323501587,1910.12405,False,False
0712.3875,96,0.8710182309150696,2509.09548,False,False
0712.3875,97,0.8709006309509277,1702.08128,False,False
0712.3875,98,0.8707950115203857,math/0409527,False,False
0712.3875,99,0.8706664443016052,2503.23636,False,False
0712.3875,100,0.8704671859741211,2508.16137,False,True
0912.4838,1,0.9287530779838562,gr-qc/0212059,False,True
0912.4838,2,0.9190191030502319,1311.4172,False,True
0912.4838,3,0.9175441265106201,1712.09364,False,True
0912.4838,4,0.9163892269134521,1402.4141,False,False
0912.4838,5,0.9140012860298157,1002.1560,False,True
0912.4838,6,0.9133588075637817,hep-ph/9907218,False,False
0912.4838,7,0.9128720760345459,hep-th/0105320,False,False
0912.4838,8,0.9108883142471313,hep-th/0409055,False,False
0912.4838,9,0.9104834794998169,0704.1035,False,True
0912.4838,10,0.9099209308624268,1909.11353,False,True
0912.4838,11,0.9091628193855286,2110.13156,False,False
0912.4838,12,0.9086531400680542,hep-th/0202210,True,False
0912.4838,13,0.908454418182373,1201.3506,False,True
0912.4838,14,0.9071510434150696,hep-th/9911124,False,False
0912.4838,15,0.9055381417274475,1202.2221,False,False
0912.4838,16,0.9045528769493103,hep-th/0304211,False,False
0912.4838,17,0.9044114351272583,hep-th/0609034,False,False
0912.4838,18,0.9043824672698975,1311.6798,False,True
0912.4838,19,0.9043625593185425,hep-th/0112165,False,True
0912.4838,20,0.9035017490386963,2308.09503,False,True
0912.4838,21,0.9034978747367859,2111.00955,False,False
0912.4838,22,0.9025943875312805,0910.1777,False,True
0912.4838,23,0.9023625254631042,1505.07458,False,False
0912.4838,24,0.9018673300743103,hep-th/0311197,False,True
0912.4838,25,0.9017719030380249,1808.01506,False,True
0912.4838,26,0.9011667370796204,gr-qc/9703015,False,True
0912.4838,27,0.9010090827941895,hep-th/9910022,False,False
0912.4838,28,0.9004411697387695,0811.4629,False,True
0912.4838,29,0.9004106521606445,gr-qc/9708031,False,True
0912.4838,30,0.900148868560791,gr-qc/9804077,False,True
0912.4838,31,0.8997616767883301,2407.03410,False,True
0912.4838,32,0.8992810845375061,hep-th/0106010,False,False
0912.4838,33,0.8992141485214233,hep-th/0311076,False,False
0912.4838,34,0.899039626121521,hep-th/9807237,False,False
0912.4838,35,0.8988320827484131,0805.1451,True,True
0912.4838,36,0.8987510204315186,hep-th/0610114,False,False
0912.4838,37,0.8986939191818237,1105.6255,False,False
0912.4838,38,0.8986178636550903,0909.3319,True,False
0912.4838,39,0.8983286619186401,2312.00879,False,True
0912.4838,40,0.8976073861122131,1211.0038,False,True
0912.4838,41,0.8972467184066772,hep-th/9903267,False,False
0912.4838,42,0.8970633745193481,hep-th/0101091,False,False
0912.4838,43,0.8967903852462769,2209.01394,False,True
0912.4838,44,0.8967573642730713,1902.05941,False,True
0912.4838,45,0.896613597869873,2501.07495,False,True
0912.4838,46,0.8965833783149719,1902.10906,False,False
0912.4838,47,0.8964943885803223,1009.2442,False,True
0912.4838,48,0.896408200263977,astro-ph/0106421,False,False
0912.4838,49,0.8962605595588684,hep-th/0211011,False,False
0912.4838,50,0.8961122035980225,0912.3875,False,True
0912.4838,51,0.8953820466995239,hep-th/0103036,False,False
0912.4838,52,0.8949601650238037,1204.0886,False,True
0912.4838,53,0.8948976993560791,hep-th/0005087,False,False
0912.4838,54,0.8948928713798523,0909.0274,False,True
0912.4838,55,0.8942667841911316,gr-qc/0701104,False,True
0912.4838,56,0.8941512107849121,1010.6301,False,True
0912.4838,57,0.8941394686698914,1308.4482,False,True
0912.4838,58,0.8936617374420166,1008.3832,False,False
0912.4838,59,0.8933476805686951,1602.08661,False,True
0912.4838,60,0.892715573310852,2505.07934,False,True
0912.4838,61,0.8922955393791199,1106.3085,False,False
0912.4838,62,0.8922699689865112,hep-th/0602027,False,False
0912.4838,63,0.8922358751296997,hep-th/9909215,False,False
0912.4838,64,0.8917169570922852,1104.2260,False,True
0912.4838,65,0.8916911482810974,2403.14933,False,False
0912.4838,66,0.8914528489112854,hep-th/0405117,False,False
0912.4838,67,0.8911812901496887,hep-th/0405120,False,False
0912.4838,68,0.8911176919937134,0712.2860,False,False
0912.4838,69,0.8908639550209045,1202.4497,False,True
0912.4838,70,0.8907493352890015,hep-th/0207189,False,True
0912.4838,71,0.890662431716919,hep-th/0208142,False,False
0912.4838,72,0.8903099298477173,0803.1850,False,True
0912.4838,73,0.8901324272155762,1203.6179,False,True
0912.4838,74,0.8900432586669922,1207.2477,False,False
0912.4838,75,0.890017032623291,1011.2961,False,True
0912.4838,76,0.8899887800216675,2312.17549,False,True
0912.4838,77,0.8895745277404785,hep-th/0410158,False,True
0912.4838,78,0.8892042636871338,hep-th/0703261,False,False
0912.4838,79,0.8890314102172852,1107.5746,False,True
0912.4838,80,0.8881872892379761,hep-th/9703063,False,False
0912.4838,81,0.8879973888397217,hep-th/0304094,True,False
0912.4838,82,0.887814462184906,1705.00752,False,False
0912.4838,83,0.8876352310180664,hep-ph/0604152,False,False
0912.4838,84,0.8874467611312866,0705.2563,False,False
0912.4838,85,0.8873082399368286,hep-th/9908075,False,False
0912.4838,86,0.8872810006141663,2005.10991,False,True
0912.4838,87,0.8871335983276367,0802.0939,False,True
0912.4838,88,0.8870365619659424,1303.1995,True,True
0912.4838,89,0.8868941068649292,1811.09518,False,True
0912.4838,90,0.8868829607963562,2407.20319,False,False
0912.4838,91,0.8868534564971924,hep-th/0311055,False,False
0912.4838,92,0.8865240812301636,1910.12149,False,True
0912.4838,93,0.8864128589630127,1001.0394,False,False
0912.4838,94,0.8863193392753601,hep-th/9801053,False,True
0912.4838,95,0.886098325252533,1208.6244,False,False
0912.4838,96,0.8858944773674011,hep-th/0010208,False,False
0912.4838,97,0.8857038021087646,2306.08156,False,False
0912.4838,98,0.8856096267700195,1809.02090,False,False
0912.4838,99,0.8854513168334961,hep-th/0001011,False,False
0912.4838,100,0.8853132724761963,hep-th/0207226,False,False
1002.4743,1,0.8862809538841248,physics/0304042,False,True
1002.4743,2,0.8819962739944458,hep-ph/9911277,False,False
1002.4743,3,0.8706430196762085,2009.09651,False,True
1002.4743,4,0.8664771318435669,1609.02878,False,False
1002.4743,5,0.8646796345710754,2209.01049,False,True
1002.4743,6,0.8640591502189636,1810.01354,False,True
1002.4743,7,0.856191098690033,astro-ph/0201454,False,False
1002.4743,8,0.854314923286438,1412.5105,False,False
1002.4743,9,0.8537083268165588,2304.09480,False,False
1002.4743,10,0.8537032604217529,physics/0402107,False,True
1002.4743,11,0.8536869883537292,2407.12913,False,True
1002.4743,12,0.850817084312439,astro-ph/0605715,False,False
1002.4743,13,0.8500067591667175,2406.03020,False,False
1002.4743,14,0.8499305844306946,1004.1617,False,True
1002.4743,15,0.8477391600608826,physics/0610164,False,True
1002.4743,16,0.8465731739997864,2003.03820,False,False
1002.4743,17,0.844796895980835,1002.2073,False,False
1002.4743,18,0.8438175916671753,1606.00529,False,True
1002.4743,19,0.8423687815666199,1001.2514,False,True
1002.4743,20,0.8414589166641235,2008.04645,False,True
1002.4743,21,0.8383609056472778,2312.03592,False,False
1002.4743,22,0.8383092880249023,1711.10036,False,True
1002.4743,23,0.8382061123847961,1603.02857,False,False
1002.4743,24,0.8376361131668091,1501.00896,False,False
1002.4743,25,0.8368818759918213,1808.07546,False,True
1002.4743,26,0.8357190489768982,1408.6067,True,True
1002.4743,27,0.8349794149398804,1106.1373,False,False
1002.4743,28,0.8341253995895386,1610.05900,False,False
1002.4743,29,0.8339956998825073,astro-ph/0209493,False,False
1002.4743,30,0.8332610726356506,physics/9706010,False,True
1002.4743,31,0.8332362771034241,1801.10012,False,False
1002.4743,32,0.832978367805481,0902.1713,False,False
1002.4743,33,0.831132173538208,nlin/0611057,False,False
1002.4743,34,0.8297258019447327,physics/0103007,False,True
1002.4743,35,0.8286682963371277,0802.3602,False,True
1002.4743,36,0.8274267911911011,1703.01555,False,False
1002.4743,37,0.8271937966346741,hep-ph/0208042,False,False
1002.4743,38,0.8271241188049316,hep-ph/0102100,False,False
1002.4743,39,0.8270837068557739,2212.00577,False,True
1002.4743,40,0.8270716071128845,hep-ph/9412388,False,False
1002.4743,41,0.8268431425094604,physics/0604099,False,True
1002.4743,42,0.8264490365982056,astro-ph/0405627,False,False
1002.4743,43,0.825713574886322,1912.09751,False,False
1002.4743,44,0.8252947330474854,1910.03885,False,True
1002.4743,45,0.8252267241477966,1009.4029,False,False
1002.4743,46,0.8252121210098267,2001.00717,False,False
1002.4743,47,0.8249183297157288,quant-ph/0411187,False,False
1002.4743,48,0.824647068977356,1002.1534,False,False
1002.4743,49,0.8239055275917053,2412.16873,False,False
1002.4743,50,0.8235460519790649,1504.00335,False,True
1002.4743,51,0.822231650352478,2310.17605,False,False
1002.4743,52,0.822117269039154,hep-ph/0208139,False,False
1002.4743,53,0.8213998675346375,1303.2657,False,False
1002.4743,54,0.8212616443634033,nucl-ex/9504001,False,False
1002.4743,55,0.8210423588752747,2506.16439,False,False
1002.4743,56,0.8201090693473816,2104.14326,False,True
1002.4743,57,0.8197627663612366,physics/0003097,False,False
1002.4743,58,0.8197157979011536,2603.26826,False,False
1002.4743,59,0.8196589946746826,nlin/0608025,False,False
1002.4743,60,0.8193954825401306,0704.0712,False,True
1002.4743,61,0.819062352180481,1104.5124,False,False
1002.4743,62,0.8180121183395386,2604.14812,False,False
1002.4743,63,0.817764401435852,quant-ph/0111105,False,False
1002.4743,64,0.8177274465560913,quant-ph/0407044,False,False
1002.4743,65,0.8157359957695007,2003.10740,False,False
1002.4743,66,0.8154208660125732,2501.16774,False,True
1002.4743,67,0.8153074383735657,1105.3615,False,False
1002.4743,68,0.8149430155754089,1706.08785,False,True
1002.4743,69,0.8149410486221313,physics/0610113,False,True
1002.4743,70,0.8149349689483643,physics/0304084,False,True
1002.4743,71,0.8147631883621216,nucl-th/9808073,False,False
1002.4743,72,0.8129903674125671,2011.05300,False,False
1002.4743,73,0.8118557929992676,hep-ph/9606299,False,False
1002.4743,74,0.8115490674972534,hep-ph/0001050,True,False
1002.4743,75,0.8110854029655457,astro-ph/9211014,False,False
1002.4743,76,0.8108331561088562,2005.04745,False,True
1002.4743,77,0.810664176940918,0903.4639,False,False
1002.4743,78,0.8102646470069885,2410.19045,False,False
1002.4743,79,0.8101707696914673,2402.11636,False,False
1002.4743,80,0.8101196885108948,1509.00265,False,False
1002.4743,81,0.8095393776893616,0712.1168,False,False
1002.4743,82,0.8093546032905579,physics/0005084,False,False
1002.4743,83,0.8093448877334595,1509.04876,False,False
1002.4743,84,0.8091784715652466,math-ph/0406041,False,False
1002.4743,85,0.8088276386260986,nlin/0608022,False,True
1002.4743,86,0.8087339997291565,1911.01642,False,False
1002.4743,87,0.8085633516311646,nucl-th/9704044,False,False
1002.4743,88,0.8083993196487427,physics/0312090,False,True
1002.4743,89,0.8082055449485779,1803.05949,False,True
1002.4743,90,0.8081668019294739,nucl-th/0503055,False,False
1002.4743,91,0.8080266118049622,2410.06616,False,True
1002.4743,92,0.8077776432037354,chem-ph/9403004,False,False
1002.4743,93,0.8073948621749878,1812.10756,False,False
1002.4743,94,0.8071491718292236,nlin/0312058,False,False
1002.4743,95,0.8070642352104187,1203.4824,False,True
1002.4743,96,0.8064277172088623,cond-mat/0307729,False,False
1002.4743,97,0.8062729835510254,1001.0973,False,False
1002.4743,98,0.8062121272087097,0801.3793,False,False
1002.4743,99,0.8061659336090088,hep-ph/0505182,False,False
1002.4743,100,0.8061440587043762,2306.08886,False,False
1006.1997,1,0.8903019428253174,1307.3750,False,True
1006.1997,2,0.878655195236206,2512.05891,False,True
1006.1997,3,0.8751435279846191,1608.02223,False,False
1006.1997,4,0.8729391098022461,1005.1423,False,False
1006.1997,5,0.8703345060348511,1005.1949,False,True
1006.1997,6,0.869151771068573,1402.5499,False,False
1006.1997,7,0.8689258098602295,1112.1429,False,False
1006.1997,8,0.8685050010681152,1407.8519,False,False
1006.1997,9,0.8678808212280273,1606.08517,False,False
1006.1997,10,0.8678098917007446,1409.2249,False,False
1006.1997,11,0.8676712512969971,2201.06491,False,True
1006.1997,12,0.8675625324249268,math/0612823,False,True
1006.1997,13,0.8669894933700562,1601.00946,False,False
1006.1997,14,0.8665841221809387,2006.02025,False,True
1006.1997,15,0.8662931323051453,1403.2841,False,False
1006.1997,16,0.8655906915664673,1511.08451,False,False
1006.1997,17,0.8652850389480591,2203.03530,False,False
1006.1997,18,0.8643979430198669,1308.3022,False,False
1006.1997,19,0.864190936088562,2112.00524,False,True
1006.1997,20,0.8636239171028137,math/0610567,False,True
1006.1997,21,0.8635528683662415,1512.04513,False,True
1006.1997,22,0.8630325198173523,1203.5800,False,False
1006.1997,23,0.8628883361816406,0808.3646,False,False
1006.1997,24,0.8622637987136841,2401.15446,False,False
1006.1997,25,0.8620754480361938,1907.04856,False,False
1006.1997,26,0.861668586730957,1910.03050,False,False
1006.1997,27,0.8610450029373169,1809.05569,False,True
1006.1997,28,0.8609182834625244,1910.01159,False,False
1006.1997,29,0.8597888946533203,2112.04844,False,False
1006.1997,30,0.8594125509262085,1502.06637,False,False
1006.1997,31,0.858680248260498,1710.01424,False,True
1006.1997,32,0.8586623668670654,1106.4623,False,False
1006.1997,33,0.8585296869277954,math/0502127,False,False
1006.1997,34,0.8580998182296753,1708.09565,False,True
1006.1997,35,0.8580740690231323,1010.4349,False,True
1006.1997,36,0.8580390810966492,2407.15830,False,False
1006.1997,37,0.8578289151191711,2008.06010,False,False
1006.1997,38,0.8578025102615356,1810.13126,False,False
1006.1997,39,0.8577830791473389,1001.4001,False,False
1006.1997,40,0.8576636910438538,math/9805061,False,True
1006.1997,41,0.8571857213973999,2005.10653,False,True
1006.1997,42,0.8567836880683899,1907.07372,False,False
1006.1997,43,0.8567444682121277,1210.6087,False,True
1006.1997,44,0.8566847443580627,1007.4431,False,False
1006.1997,45,0.8566146492958069,2409.17797,False,False
1006.1997,46,0.8564888834953308,0709.0096,False,False
1006.1997,47,0.8564633131027222,1701.04867,False,False
1006.1997,48,0.8563276529312134,1103.2610,False,True
1006.1997,49,0.8562582731246948,2507.22138,False,False
1006.1997,50,0.8562145233154297,2208.11504,False,True
1006.1997,51,0.8555616140365601,2011.08394,False,False
1006.1997,52,0.855492115020752,math/0104151,False,True
1006.1997,53,0.8554792404174805,1902.09180,False,True
1006.1997,54,0.855067789554596,2605.23849,False,True
1006.1997,55,0.8550499677658081,0708.1661,False,False
1006.1997,56,0.8545048832893372,math/0702861,False,False
1006.1997,57,0.8543387651443481,0901.2442,False,False
1006.1997,58,0.8542493581771851,2602.17253,False,True
1006.1997,59,0.8542483448982239,quant-ph/0610009,False,False
1006.1997,60,0.8542068600654602,1008.1311,False,False
1006.1997,61,0.8538702130317688,1609.08322,False,False
1006.1997,62,0.8536943197250366,2602.02423,False,False
1006.1997,63,0.8536227941513062,0912.2291,False,True
1006.1997,64,0.8533347249031067,1912.08109,False,False
1006.1997,65,0.853101372718811,math/0402121,False,False
1006.1997,66,0.852658748626709,2106.10308,False,False
1006.1997,67,0.8526325225830078,2203.16391,False,True
1006.1997,68,0.8522434830665588,2602.08748,False,False
1006.1997,69,0.8520565032958984,2504.08107,False,False
1006.1997,70,0.8517842292785645,1911.12799,False,False
1006.1997,71,0.8517494797706604,2304.07053,False,False
1006.1997,72,0.8517274856567383,1305.5692,False,True
1006.1997,73,0.8509792685508728,1905.10973,False,True
1006.1997,74,0.8508487343788147,0902.1133,False,False
1006.1997,75,0.8508293628692627,1807.02375,False,False
1006.1997,76,0.8507044315338135,0711.2522,False,False
1006.1997,77,0.850516676902771,0709.4518,False,True
1006.1997,78,0.8504876494407654,1803.03637,False,False
1006.1997,79,0.8504438400268555,2210.03169,True,True
1006.1997,80,0.8504378795623779,2004.00767,False,True
1006.1997,81,0.8503661155700684,2409.17009,False,False
1006.1997,82,0.8502944707870483,2009.13489,False,False
1006.1997,83,0.8502730131149292,1104.4703,False,True
1006.1997,84,0.8502134084701538,2103.15661,False,True
1006.1997,85,0.850158154964447,2011.00280,False,False
1006.1997,86,0.8500881195068359,0902.0028,False,True
1006.1997,87,0.8500314950942993,2509.09548,False,False
1006.1997,88,0.8500086665153503,1705.00639,False,True
1006.1997,89,0.8499062061309814,1803.11165,False,False
1006.1997,90,0.8498923182487488,0807.4235,False,False
1006.1997,91,0.8497756719589233,1503.06935,False,False
1006.1997,92,0.8497355580329895,2303.13061,False,True
1006.1997,93,0.8497327566146851,1806.02729,False,True
1006.1997,94,0.8495450615882874,1703.07181,False,False
1006.1997,95,0.8492674827575684,1409.2443,False,False
1006.1997,96,0.8489896059036255,2212.02665,False,False
1006.1997,97,0.8487339615821838,2509.08677,False,False
1006.1997,98,0.8486711978912354,1009.3231,False,False
1006.1997,99,0.8486422300338745,1101.5064,False,False
1006.1997,100,0.8486045598983765,2010.01223,False,False
1008.4682,1,0.9287160634994507,cond-mat/0311090,False,False
1008.4682,2,0.8983466625213623,cond-mat/0108354,False,False
1008.4682,3,0.8974156379699707,1108.1740,False,False
1008.4682,4,0.8955913782119751,1906.10069,False,False
1008.4682,5,0.893229067325592,1311.1031,False,False
1008.4682,6,0.8931012749671936,cond-mat/0011174,True,False
1008.4682,7,0.8911471962928772,1812.00036,False,False
1008.4682,8,0.8911083340644836,2312.13144,False,False
1008.4682,9,0.8901207447052002,cond-mat/9707221,False,False
1008.4682,10,0.8885402083396912,2208.08452,False,False
1008.4682,11,0.8863275647163391,1011.2260,False,False
1008.4682,12,0.8856896162033081,1402.1581,False,False
1008.4682,13,0.8849079012870789,1807.03652,False,False
1008.4682,14,0.8839016556739807,cond-mat/0605471,False,False
1008.4682,15,0.8825887441635132,1408.5024,False,False
1008.4682,16,0.8823509216308594,2510.26821,False,False
1008.4682,17,0.881968080997467,1610.07685,False,False
1008.4682,18,0.881870687007904,0911.1724,True,False
1008.4682,19,0.881436824798584,1510.01474,False,False
1008.4682,20,0.8811097145080566,cond-mat/0109324,False,False
1008.4682,21,0.8798034191131592,hep-th/9304153,False,True
1008.4682,22,0.8792569637298584,2303.15295,False,False
1008.4682,23,0.8763068318367004,quant-ph/0004040,False,False
1008.4682,24,0.8758198022842407,1503.01808,False,False
1008.4682,25,0.8750699162483215,math-ph/0212012,False,False
1008.4682,26,0.8738992214202881,math-ph/0607038,True,False
1008.4682,27,0.8736487030982971,1007.1818,False,False
1008.4682,28,0.8729971647262573,1906.10677,False,False
1008.4682,29,0.8722953796386719,1909.12821,False,False
1008.4682,30,0.8722002506256104,1407.4127,False,True
1008.4682,31,0.872080385684967,1001.1821,True,False
1008.4682,32,0.8720410466194153,2301.09005,False,False
1008.4682,33,0.8716557621955872,2312.11052,False,False
1008.4682,34,0.8715856671333313,quant-ph/0303081,False,False
1008.4682,35,0.8710616827011108,1302.7164,False,False
1008.4682,36,0.8695375919342041,2002.10873,False,False
1008.4682,37,0.8690686821937561,1204.3023,False,False
1008.4682,38,0.8690614700317383,1501.07896,False,False
1008.4682,39,0.8680122494697571,1004.0372,False,False
1008.4682,40,0.8669525980949402,hep-th/9303055,False,False
1008.4682,41,0.8669461607933044,hep-ph/9605360,False,True
1008.4682,42,0.8668414354324341,physics/0304036,False,False
1008.4682,43,0.8667651414871216,1912.11518,False,False
1008.4682,44,0.8663627505302429,1602.05247,False,False
1008.4682,45,0.8655241131782532,2504.18192,False,False
1008.4682,46,0.8652032613754272,2201.04407,False,False
1008.4682,47,0.8645316362380981,1012.1107,False,False
1008.4682,48,0.8644083738327026,cond-mat/0703466,False,False
1008.4682,49,0.8643457293510437,math-ph/0505008,False,False
1008.4682,50,0.8642135262489319,q-bio/0403026,False,False
1008.4682,51,0.8640820980072021,2009.08944,False,False
1008.4682,52,0.8639241456985474,math/0406431,False,False
1008.4682,53,0.863695502281189,0705.2794,False,False
1008.4682,54,0.8636871576309204,hep-ph/0006160,True,True
1008.4682,55,0.863612174987793,2307.05607,False,False
1008.4682,56,0.8635072708129883,nlin/0001034,False,False
1008.4682,57,0.8632019758224487,nucl-ex/0201020,False,False
1008.4682,58,0.8627402782440186,1401.6636,False,False
1008.4682,59,0.8627001047134399,2511.09444,False,False
1008.4682,60,0.8626921772956848,1312.2499,False,False
1008.4682,61,0.8623327016830444,1312.0206,False,False
1008.4682,62,0.8623239994049072,1207.4409,False,False
1008.4682,63,0.8620989322662354,2509.01761,False,False
1008.4682,64,0.8611707091331482,1409.0360,False,False
1008.4682,65,0.8610327243804932,1408.6803,False,False
1008.4682,66,0.8609672784805298,1204.5591,False,False
1008.4682,67,0.8608907461166382,2112.14832,False,False
1008.4682,68,0.8608148694038391,1411.0953,False,False
1008.4682,69,0.8605670928955078,nlin/0509022,False,False
1008.4682,70,0.860458254814148,1607.08804,False,False
1008.4682,71,0.8604527711868286,1310.3867,False,False
1008.4682,72,0.8603981137275696,2202.09949,False,False
1008.4682,73,0.860150933265686,1706.00411,False,False
1008.4682,74,0.8601410984992981,2406.17007,False,False
1008.4682,75,0.8600481748580933,chao-dyn/9612022,False,False
1008.4682,76,0.8597311973571777,1804.01224,False,False
1008.4682,77,0.8596658110618591,1911.06690,False,False
1008.4682,78,0.8596556782722473,1608.01467,False,False
1008.4682,79,0.8593286871910095,1909.01798,True,False
1008.4682,80,0.8592343926429749,2103.10850,False,False
1008.4682,81,0.8591115474700928,2112.12184,False,False
1008.4682,82,0.8589962124824524,nlin/0501001,False,False
1008.4682,83,0.8589836359024048,2601.13985,False,False
1008.4682,84,0.8589547872543335,2303.13135,False,False
1008.4682,85,0.8588972687721252,1804.03510,False,False
1008.4682,86,0.8587725162506104,0712.1213,False,False
1008.4682,87,0.8587506413459778,0706.3968,False,False
1008.4682,88,0.858731210231781,1208.5823,False,False
1008.4682,89,0.8585147857666016,nlin/0409055,True,False
1008.4682,90,0.8583670258522034,1103.5625,False,False
1008.4682,91,0.8581867814064026,2209.11725,False,False
1008.4682,92,0.8581479787826538,1212.5070,False,False
1008.4682,93,0.8580277562141418,2108.09887,False,False
1008.4682,94,0.8578792810440063,cond-mat/9705230,False,False
1008.4682,95,0.8577440977096558,quant-ph/0412175,False,False
1008.4682,96,0.8576124906539917,1612.08008,False,False
1008.4682,97,0.8575284481048584,hep-ph/0208139,False,True
1008.4682,98,0.8572311401367188,2406.11630,False,False
1008.4682,99,0.8572015166282654,1207.5183,False,False
1008.4682,100,0.8570767641067505,1703.09151,False,False
1109.5817,1,0.810815691947937,0707.0450,False,False
1109.5817,2,0.8044816255569458,2112.02495,False,False
1109.5817,3,0.79732745885849,1109.2683,False,False
1109.5817,4,0.7851241827011108,1908.05693,False,False
1109.5817,5,0.7840358018875122,1105.5492,False,True
1109.5817,6,0.7838758230209351,2503.18475,False,False
1109.5817,7,0.7825878858566284,1502.03059,False,False
1109.5817,8,0.7801763415336609,2405.05961,False,False
1109.5817,9,0.776075005531311,physics/9701017,True,False
1109.5817,10,0.776038646697998,hep-ph/0012308,False,True
1109.5817,11,0.7758519053459167,2602.17712,False,False
1109.5817,12,0.772417426109314,1111.1948,False,False
1109.5817,13,0.7722139358520508,physics/9812048,False,False
1109.5817,14,0.7717214822769165,1510.04005,False,False
1109.5817,15,0.7712146043777466,1503.04433,True,False
1109.5817,16,0.7704274654388428,1208.6150,False,False
1109.5817,17,0.7701405882835388,1510.06102,False,False
1109.5817,18,0.7697445154190063,2407.10772,False,False
1109.5817,19,0.7683549523353577,1505.05591,False,False
1109.5817,20,0.7683542966842651,1704.06237,False,False
1109.5817,21,0.7680637240409851,2606.11064,False,False
1109.5817,22,0.7675967216491699,0904.1782,False,True
1109.5817,23,0.7668007016181946,2603.08025,False,False
1109.5817,24,0.7663499712944031,2407.21728,False,False
1109.5817,25,0.7660578489303589,0902.1599,False,False
1109.5817,26,0.7659658789634705,2410.01641,False,False
1109.5817,27,0.765778660774231,0907.2803,False,False
1109.5817,28,0.765444815158844,1511.06928,False,False
1109.5817,29,0.7653065323829651,1203.0700,False,True
1109.5817,30,0.7647569179534912,2503.00143,False,False
1109.5817,31,0.7647143006324768,cond-mat/0205171,False,False
1109.5817,32,0.7647010684013367,1910.09990,False,False
1109.5817,33,0.7646573185920715,math/0610567,False,False
1109.5817,34,0.7638832926750183,2205.06958,False,False
1109.5817,35,0.7635300159454346,hep-ph/9812446,True,True
1109.5817,36,0.7629951238632202,0911.2090,False,False
1109.5817,37,0.7629417777061462,2408.12973,False,False
1109.5817,38,0.7628918290138245,1408.6803,False,False
1109.5817,39,0.7623291015625,1806.10727,False,False
1109.5817,40,0.761695146560669,1309.1301,False,False
1109.5817,41,0.7611194252967834,2605.11995,False,False
1109.5817,42,0.7602753639221191,1203.5536,True,False
1109.5817,43,0.7592021226882935,math/0210275,False,False
1109.5817,44,0.758934736251831,2312.12884,False,False
1109.5817,45,0.7580494284629822,2601.12191,False,False
1109.5817,46,0.7578638792037964,1501.03611,False,False
1109.5817,47,0.757853627204895,astro-ph/9812329,True,False
1109.5817,48,0.7569455504417419,2407.12377,False,True
1109.5817,49,0.7564178109169006,0910.5085,False,False
1109.5817,50,0.755994975566864,1406.0781,False,False
1109.5817,51,0.7554171085357666,2104.13560,False,False
1109.5817,52,0.7551494836807251,hep-ph/0703073,False,True
1109.5817,53,0.7551286220550537,2509.10293,False,False
1109.5817,54,0.7548889517784119,cond-mat/0210512,False,False
1109.5817,55,0.7543123364448547,2501.09282,False,False
1109.5817,56,0.7543084025382996,2412.09201,False,False
1109.5817,57,0.7541302442550659,1611.08041,False,False
1109.5817,58,0.7540613412857056,1607.00868,False,False
1109.5817,59,0.7538473606109619,2412.05079,False,False
1109.5817,60,0.7534680366516113,1008.4019,False,False
1109.5817,61,0.7532557249069214,2403.04572,False,False
1109.5817,62,0.7530763149261475,2211.01491,False,False
1109.5817,63,0.7529671788215637,2010.14458,False,False
1109.5817,64,0.7526993155479431,2409.00710,False,False
1109.5817,65,0.7526443004608154,cond-mat/0307319,False,False
1109.5817,66,0.752238392829895,2409.18757,False,False
1109.5817,67,0.7521900534629822,1404.6437,False,False
1109.5817,68,0.7521737217903137,2112.07083,False,False
1109.5817,69,0.7520009279251099,2507.15014,False,False
1109.5817,70,0.7516181468963623,cond-mat/9708129,False,False
1109.5817,71,0.7509168982505798,0710.4927,False,False
1109.5817,72,0.7505760788917542,2210.11814,False,False
1109.5817,73,0.750069260597229,cond-mat/0701679,False,False
1109.5817,74,0.7499156594276428,math-ph/0212012,False,False
1109.5817,75,0.7491289377212524,q-bio/0402033,False,False
1109.5817,76,0.748974621295929,1705.08334,False,False
1109.5817,77,0.7487692832946777,2509.20058,False,False
1109.5817,78,0.7486551403999329,hep-lat/0702018,False,False
1109.5817,79,0.7484067678451538,1404.2012,False,False
1109.5817,80,0.7472923398017883,2509.09395,False,False
1109.5817,81,0.7472202181816101,0902.4603,False,False
1109.5817,82,0.7471019625663757,2603.05319,False,False
1109.5817,83,0.7467677593231201,1911.03550,False,False
1109.5817,84,0.7467562556266785,0804.2488,False,False
1109.5817,85,0.7467507719993591,1212.2526,False,False
1109.5817,86,0.7463712692260742,2009.08879,False,False
1109.5817,87,0.7459807395935059,1007.0273,False,False
1109.5817,88,0.7458942532539368,cond-mat/9812419,False,False
1109.5817,89,0.7456044554710388,2212.02091,False,False
1109.5817,90,0.7454917430877686,2312.01621,False,True
1109.5817,91,0.7454671263694763,0704.2077,False,False
1109.5817,92,0.7450786828994751,2010.04864,False,False
1109.5817,93,0.7450771331787109,1610.08588,False,False
1109.5817,94,0.744902491569519,0810.2660,False,False
1109.5817,95,0.7448434233665466,math-ph/0605046,False,False
1109.5817,96,0.7447442412376404,2308.10026,False,False
1109.5817,97,0.7447060942649841,1204.2084,False,False
1109.5817,98,0.7445355653762817,astro-ph/0209493,False,False
1109.5817,99,0.7444791793823242,1011.5028,False,False
1109.5817,100,0.744240939617157,1701.02822,False,False
1112.4003,1,0.8459302186965942,0708.3525,False,False
1112.4003,2,0.8422719836235046,nucl-th/9912073,False,False
1112.4003,3,0.8396286964416504,1907.00154,False,False
1112.4003,4,0.8394958972930908,2212.14081,False,True
1112.4003,5,0.838936984539032,hep-th/0106021,False,False
1112.4003,6,0.8360422253608704,1802.10169,False,False
1112.4003,7,0.8358808755874634,physics/0110092,False,False
1112.4003,8,0.831850528717041,1903.05070,False,False
1112.4003,9,0.8276032209396362,0801.0319,False,False
1112.4003,10,0.8271293044090271,1206.4376,False,False
1112.4003,11,0.8252038359642029,1609.07388,False,True
1112.4003,12,0.8250241279602051,1610.06716,False,False
1112.4003,13,0.8233057856559753,physics/0505025,False,False
1112.4003,14,0.8230817317962646,1911.01213,False,False
1112.4003,15,0.8207504749298096,1903.12072,False,True
1112.4003,16,0.819951057434082,1502.01225,False,True
1112.4003,17,0.8199371695518494,hep-th/9309058,False,False
1112.4003,18,0.8198424577713013,1601.03701,False,True
1112.4003,19,0.8193857073783875,1601.00472,False,True
1112.4003,20,0.8193625211715698,2308.00747,False,False
1112.4003,21,0.8191986680030823,1006.3903,False,True
1112.4003,22,0.817919135093689,1605.03888,False,True
1112.4003,23,0.817848801612854,1010.1467,False,False
1112.4003,24,0.817643404006958,hep-th/9805009,False,False
1112.4003,25,0.8174112439155579,hep-th/0302210,False,False
1112.4003,26,0.8169595003128052,quant-ph/0407044,False,False
1112.4003,27,0.8165489435195923,1705.05818,False,False
1112.4003,28,0.8160209655761719,1704.01830,False,False
1112.4003,29,0.8155592083930969,1509.05258,False,True
1112.4003,30,0.8141103982925415,2001.05174,False,False
1112.4003,31,0.814026415348053,2302.12551,False,True
1112.4003,32,0.8130590915679932,1208.3367,False,False
1112.4003,33,0.8130536079406738,physics/0602132,False,False
1112.4003,34,0.8116771578788757,hep-ph/9704349,False,False
1112.4003,35,0.8116579651832581,1907.05412,False,True
1112.4003,36,0.8112698793411255,1307.5618,False,True
1112.4003,37,0.8112376928329468,2602.13648,False,False
1112.4003,38,0.8109384775161743,1201.1597,False,False
1112.4003,39,0.8097941875457764,quant-ph/0304090,False,False
1112.4003,40,0.8093098998069763,1503.02449,False,False
1112.4003,41,0.8090649247169495,physics/0508225,False,False
1112.4003,42,0.8089361786842346,2606.14509,False,True
1112.4003,43,0.8088834881782532,hep-th/9207058,False,False
1112.4003,44,0.8085007667541504,1612.07792,False,False
1112.4003,45,0.8082365989685059,0907.1999,False,True
1112.4003,46,0.8079589605331421,hep-th/9910030,False,False
1112.4003,47,0.8075259923934937,1908.00138,False,True
1112.4003,48,0.8073453307151794,hep-th/0402172,False,False
1112.4003,49,0.8072705268859863,2305.13337,False,True
1112.4003,50,0.8061292171478271,2511.11342,False,False
1112.4003,51,0.8059345483779907,1707.02393,False,False
1112.4003,52,0.8056738972663879,2408.14958,False,False
1112.4003,53,0.8053582310676575,1507.05828,False,True
1112.4003,54,0.8052297234535217,2011.00736,False,True
1112.4003,55,0.8049659132957458,1501.00585,False,False
1112.4003,56,0.8047501444816589,2101.01795,False,True
1112.4003,57,0.8046820759773254,1807.01997,False,True
1112.4003,58,0.8045443892478943,0905.2424,False,True
1112.4003,59,0.8043632507324219,1505.06173,False,True
1112.4003,60,0.8041309118270874,2503.18039,False,True
1112.4003,61,0.8041231036186218,gr-qc/0101057,False,True
1112.4003,62,0.8041044473648071,2411.18802,False,False
1112.4003,63,0.8040462136268616,1707.06392,False,False
1112.4003,64,0.8040385842323303,0808.2730,False,True
1112.4003,65,0.8037253618240356,1309.7223,False,False
1112.4003,66,0.803113579750061,1711.03833,False,False
1112.4003,67,0.8028668761253357,gr-qc/9610075,False,True
1112.4003,68,0.8027898073196411,math/0509023,False,False
1112.4003,69,0.8027496337890625,physics/9703020,False,False
1112.4003,70,0.8024097681045532,2512.04498,False,False
1112.4003,71,0.8023669123649597,1311.5432,False,True
1112.4003,72,0.8023320436477661,hep-th/9812026,False,False
1112.4003,73,0.8023001551628113,0809.4752,False,True
1112.4003,74,0.8020302057266235,gr-qc/9304006,False,True
1112.4003,75,0.8019777536392212,gr-qc/0212130,False,True
1112.4003,76,0.8019734621047974,1307.3525,False,False
1112.4003,77,0.8012320399284363,2412.07949,False,False
1112.4003,78,0.8011584877967834,1803.04973,False,True
1112.4003,79,0.8008477687835693,quant-ph/0310128,False,False
1112.4003,80,0.8006116151809692,2201.00542,False,False
1112.4003,81,0.8006079196929932,gr-qc/0607109,False,True
1112.4003,82,0.8005927801132202,0807.4965,False,True
1112.4003,83,0.8005443811416626,1105.3315,False,False
1112.4003,84,0.8002711534500122,hep-th/0509010,False,True
1112.4003,85,0.8002241253852844,2005.14210,False,True
1112.4003,86,0.800189197063446,hep-th/0512078,False,True
1112.4003,87,0.7999395728111267,quant-ph/0304144,False,False
1112.4003,88,0.799934983253479,2402.13860,False,True
1112.4003,89,0.7995639443397522,1012.5860,False,True
1112.4003,90,0.7993998527526855,gr-qc/0105116,False,True
1112.4003,91,0.7993795871734619,0708.0490,False,True
1112.4003,92,0.7991657257080078,1502.03070,False,False
1112.4003,93,0.7988805174827576,2105.08430,False,True
1112.4003,94,0.7986702919006348,2510.24423,False,True
1112.4003,95,0.7980648279190063,gr-qc/0505047,False,True
1112.4003,96,0.7979918718338013,1602.06334,False,False
1112.4003,97,0.7975541949272156,1210.5923,False,True
1112.4003,98,0.7974410653114319,2604.19282,False,False
1112.4003,99,0.7973612546920776,gr-qc/0005116,False,True
1112.4003,100,0.7972091436386108,hep-th/9810101,False,False
1311.2773,1,0.8978182077407837,2506.10185,False,True
1311.2773,2,0.8955985307693481,0905.1723,False,True
1311.2773,3,0.8873429298400879,quant-ph/0408116,False,True
1311.2773,4,0.8838520646095276,1812.05142,False,True
1311.2773,5,0.8834937214851379,quant-ph/0310041,False,True
1311.2773,6,0.8830645084381104,1810.12949,False,True
1311.2773,7,0.8822041749954224,quant-ph/0210046,False,True
1311.2773,8,0.881447970867157,1609.02170,False,True
1311.2773,9,0.8809995055198669,1203.0861,False,True
1311.2773,10,0.8801738619804382,1803.02708,False,True
1311.2773,11,0.8797733187675476,1008.4136,False,True
1311.2773,12,0.8787332773208618,quant-ph/0106146,False,True
1311.2773,13,0.877848744392395,1304.2667,False,True
1311.2773,14,0.8773324489593506,1304.2197,False,True
1311.2773,15,0.8767367601394653,1110.3139,False,True
1311.2773,16,0.8767048120498657,2203.05737,False,True
1311.2773,17,0.8742961287498474,1408.2272,False,True
1311.2773,18,0.8741638660430908,1911.07533,False,True
1311.2773,19,0.8733059167861938,0712.0517,True,True
1311.2773,20,0.8723962903022766,1011.5210,False,True
1311.2773,21,0.8707144260406494,2009.14028,False,True
1311.2773,22,0.8706755042076111,1303.0055,False,True
1311.2773,23,0.8699414730072021,quant-ph/0608132,False,True
1311.2773,24,0.8694759011268616,1908.07694,False,True
1311.2773,25,0.8693534135818481,1007.1814,False,True
1311.2773,26,0.8690770268440247,quant-ph/0009051,False,True
1311.2773,27,0.8687955737113953,quant-ph/0404100,False,True
1311.2773,28,0.8680705428123474,1606.01505,False,True
1311.2773,29,0.8679808974266052,quant-ph/0510004,False,True
1311.2773,30,0.8656438589096069,0908.4214,False,True
1311.2773,31,0.8651173114776611,cs/0603045,False,False
1311.2773,32,0.8649168014526367,0807.3437,False,False
1311.2773,33,0.8647741675376892,2004.05547,False,True
1311.2773,34,0.8637665510177612,2503.21296,False,True
1311.2773,35,0.8621079325675964,2402.02462,False,True
1311.2773,36,0.8617779016494751,2212.14286,False,True
1311.2773,37,0.8617146015167236,1303.2849,True,True
1311.2773,38,0.8601529598236084,1009.2267,True,True
1311.2773,39,0.8598557114601135,2403.05954,False,True
1311.2773,40,0.8592561483383179,1708.04171,False,True
1311.2773,41,0.8587691187858582,1107.2754,True,True
1311.2773,42,0.8578826189041138,0710.1301,False,True
1311.2773,43,0.8572941422462463,2010.06054,False,True
1311.2773,44,0.856619119644165,1609.06981,False,True
1311.2773,45,0.856319785118103,1811.10140,False,True
1311.2773,46,0.856188952922821,quant-ph/9705051,False,True
1311.2773,47,0.855946958065033,1604.00532,False,True
1311.2773,48,0.8557537198066711,1804.01082,False,True
1311.2773,49,0.8548461198806763,2408.11111,False,True
1311.2773,50,0.8545148372650146,1903.00030,False,True
1311.2773,51,0.8543163537979126,2007.10483,False,True
1311.2773,52,0.8533464670181274,1011.3127,False,True
1311.2773,53,0.8533362746238708,quant-ph/0504026,False,True
1311.2773,54,0.8520767688751221,2506.18012,False,True
1311.2773,55,0.8520271182060242,quant-ph/0007062,False,True
1311.2773,56,0.8515317440032959,1202.3331,False,True
1311.2773,57,0.851495623588562,quant-ph/0207025,False,True
1311.2773,58,0.8513073325157166,1612.02488,False,True
1311.2773,59,0.8512046933174133,quant-ph/0412028,False,True
1311.2773,60,0.8503895401954651,1607.05723,True,True
1311.2773,61,0.8502151966094971,0811.1359,False,True
1311.2773,62,0.849632740020752,1505.08104,False,True
1311.2773,63,0.8494762778282166,1502.07654,False,True
1311.2773,64,0.849333643913269,1409.3719,False,True
1311.2773,65,0.8490610718727112,1906.06416,False,True
1311.2773,66,0.8490077257156372,1602.01850,False,True
1311.2773,67,0.8487597703933716,1702.01327,False,True
1311.2773,68,0.848461925983429,2309.07820,False,True
1311.2773,69,0.848429262638092,2402.05793,False,True
1311.2773,70,0.8483085632324219,1708.03040,False,False
1311.2773,71,0.847575843334198,1105.2109,False,True
1311.2773,72,0.847257137298584,1710.05051,False,True
1311.2773,73,0.8471632599830627,2601.23283,False,True
1311.2773,74,0.8470928072929382,1302.3465,False,True
1311.2773,75,0.8470327258110046,2508.13959,False,True
1311.2773,76,0.846963107585907,2603.22020,False,True
1311.2773,77,0.846835196018219,2408.13613,False,True
1311.2773,78,0.8464840650558472,1601.04416,False,False
1311.2773,79,0.8464686870574951,quant-ph/0405096,False,True
1311.2773,80,0.8460939526557922,2602.15452,False,True
1311.2773,81,0.8460582494735718,1512.02074,False,True
1311.2773,82,0.8459470868110657,1503.05084,False,True
1311.2773,83,0.8459124565124512,0908.0886,False,True
1311.2773,84,0.8456338047981262,0911.3274,False,True
1311.2773,85,0.8453437089920044,quant-ph/9806065,False,True
1311.2773,86,0.8446884751319885,1204.2722,False,True
1311.2773,87,0.8443020582199097,1304.7912,False,True
1311.2773,88,0.8441389799118042,quant-ph/0505016,False,True
1311.2773,89,0.8440171480178833,1103.3251,False,True
1311.2773,90,0.843235969543457,1004.2082,False,True
1311.2773,91,0.8430041670799255,1610.09646,False,True
1311.2773,92,0.8429126739501953,quant-ph/0504097,False,True
1311.2773,93,0.8428405523300171,2605.28152,False,True
1311.2773,94,0.8427869081497192,2103.05381,False,True
1311.2773,95,0.8425973653793335,1201.5151,False,True
1311.2773,96,0.8425700664520264,2511.01559,False,True
1311.2773,97,0.8422180414199829,1201.0640,False,False
1311.2773,98,0.842007577419281,2203.14244,False,True
1311.2773,99,0.8419708609580994,2003.12201,False,True
1311.2773,100,0.8419447541236877,1904.05722,False,True
1401.1090,1,0.8965469598770142,math/0310482,False,False
1401.1090,2,0.8943660855293274,math/0505150,False,False
1401.1090,3,0.8921326398849487,2505.00314,False,False
1401.1090,4,0.8901110291481018,2312.02876,False,False
1401.1090,5,0.8880677223205566,math/0610790,False,True
1401.1090,6,0.887772262096405,math/0012048,False,False
1401.1090,7,0.8847345113754272,2406.03347,False,True
1401.1090,8,0.8769329190254211,2605.26499,False,False
1401.1090,9,0.87363600730896,1711.03126,False,False
1401.1090,10,0.8735256791114807,2208.00421,False,False
1401.1090,11,0.872320830821991,math/0610721,False,False
1401.1090,12,0.8713392615318298,1705.00032,True,False
1401.1090,13,0.8695061206817627,0905.2360,False,False
1401.1090,14,0.8695034980773926,1412.1200,False,False
1401.1090,15,0.8694440126419067,1405.7886,False,False
1401.1090,16,0.8694213032722473,2205.00935,False,False
1401.1090,17,0.8688399791717529,math/0106256,False,False
1401.1090,18,0.8681958913803101,1302.0587,False,False
1401.1090,19,0.8676917552947998,2402.06893,False,False
1401.1090,20,0.8670123815536499,0906.2224,False,False
1401.1090,21,0.8665701150894165,1608.05821,False,False
1401.1090,22,0.865041196346283,1709.02544,False,False
1401.1090,23,0.8643079996109009,1802.00192,False,False
1401.1090,24,0.8642333745956421,1203.4688,True,False
1401.1090,25,0.8640049695968628,dg-ga/9507004,False,False
1401.1090,26,0.8636165857315063,1907.03949,False,False
1401.1090,27,0.8635693788528442,math/9710219,False,False
1401.1090,28,0.8628547787666321,1705.06999,False,True
1401.1090,29,0.8627634644508362,2510.05358,False,False
1401.1090,30,0.8627588748931885,1111.2174,False,False
1401.1090,31,0.8626565933227539,1010.1645,False,False
1401.1090,32,0.8620616793632507,1502.07922,True,False
1401.1090,33,0.8615155220031738,2206.08302,False,False
1401.1090,34,0.861449122428894,2602.15804,False,False
1401.1090,35,0.8612618446350098,2006.07922,False,False
1401.1090,36,0.8609206080436707,math/0209299,False,False
1401.1090,37,0.860550582408905,2308.06214,False,False
1401.1090,38,0.8604830503463745,2309.05151,False,True
1401.1090,39,0.8601393699645996,1211.4188,False,False
1401.1090,40,0.8597691655158997,math/0404463,False,False
1401.1090,41,0.8596585392951965,1806.02210,False,True
1401.1090,42,0.8594871759414673,math/0512036,False,False
1401.1090,43,0.8594382405281067,1912.10034,False,False
1401.1090,44,0.8593076467514038,2501.18584,False,False
1401.1090,45,0.8592405915260315,2308.11831,False,False
1401.1090,46,0.8590415716171265,0912.0787,False,False
1401.1090,47,0.8586972951889038,2009.06791,False,False
1401.1090,48,0.858691930770874,2202.10775,False,False
1401.1090,49,0.8580884337425232,2311.18267,False,False
1401.1090,50,0.8579438924789429,1503.04437,False,False
1401.1090,51,0.8578581809997559,2306.16151,False,False
1401.1090,52,0.8577460050582886,1907.07782,False,False
1401.1090,53,0.8575944304466248,math/9904034,False,False
1401.1090,54,0.8570941090583801,math/0404051,False,False
1401.1090,55,0.856818675994873,math/9810183,False,False
1401.1090,56,0.856755793094635,math/0505420,False,False
1401.1090,57,0.8565840125083923,math/0210283,False,False
1401.1090,58,0.8563394546508789,2003.12517,False,False
1401.1090,59,0.8557928800582886,1211.1100,False,False
1401.1090,60,0.8555192947387695,1006.2569,False,False
1401.1090,61,0.8554123044013977,2002.12849,False,False
1401.1090,62,0.8551812767982483,math/0401020,False,False
1401.1090,63,0.8549633026123047,1504.02669,False,False
1401.1090,64,0.8549351692199707,0803.3743,False,False
1401.1090,65,0.8546736836433411,math/0312327,False,False
1401.1090,66,0.8546733856201172,math/0508133,False,False
1401.1090,67,0.8544991612434387,2510.07095,False,False
1401.1090,68,0.8541954755783081,1709.06322,False,False
1401.1090,69,0.8539876937866211,math/0406029,False,False
1401.1090,70,0.8539800643920898,math/0207111,False,False
1401.1090,71,0.8539770245552063,1705.05818,False,True
1401.1090,72,0.8539414405822754,2307.03805,False,False
1401.1090,73,0.8539154529571533,2105.00523,False,False
1401.1090,74,0.853766679763794,2512.12237,False,False
1401.1090,75,0.8532370328903198,0802.3402,False,False
1401.1090,76,0.8530222177505493,1708.01451,False,False
1401.1090,77,0.8530107736587524,2111.01575,False,True
1401.1090,78,0.8528571128845215,2010.14846,False,False
1401.1090,79,0.8528011441230774,0704.3256,False,False
1401.1090,80,0.852570652961731,2409.17009,False,False
1401.1090,81,0.8522974252700806,2302.06027,False,False
1401.1090,82,0.8519032001495361,2111.09071,False,False
1401.1090,83,0.8517985939979553,2202.13814,False,False
1401.1090,84,0.8517544269561768,math/0103158,False,False
1401.1090,85,0.8514330983161926,math/9808063,False,False
1401.1090,86,0.8513631820678711,1407.1089,False,False
1401.1090,87,0.8509253859519958,2210.16208,False,False
1401.1090,88,0.8507832288742065,2312.14752,False,False
1401.1090,89,0.8501310348510742,1507.06511,False,False
1401.1090,90,0.8500831127166748,math/0402121,False,False
1401.1090,91,0.8496526479721069,1301.5424,False,False
1401.1090,92,0.8496373891830444,0904.1274,False,False
1401.1090,93,0.8496169447898865,math/0505565,False,False
1401.1090,94,0.8495670557022095,1809.09083,False,False
1401.1090,95,0.8493121266365051,1910.12264,False,False
1401.1090,96,0.8491472601890564,1401.7379,False,False
1401.1090,97,0.8491424322128296,1708.01174,False,False
1401.1090,98,0.8490297794342041,math/0104217,False,False
1401.1090,99,0.8490192890167236,1210.0523,False,False
1401.1090,100,0.8489073514938354,1806.06300,False,False
1407.5447,1,0.889706015586853,1211.0704,False,False
1407.5447,2,0.8813188076019287,1810.02989,False,False
1407.5447,3,0.874713659286499,1305.5884,False,False
1407.5447,4,0.8667866587638855,1510.05938,False,False
1407.5447,5,0.8640920519828796,1009.2858,False,False
1407.5447,6,0.8622841238975525,1005.1749,False,False
1407.5447,7,0.8616312742233276,0902.0558,False,False
1407.5447,8,0.861280083656311,1906.00284,False,False
1407.5447,9,0.8555265069007874,1012.0375,False,False
1407.5447,10,0.8552056550979614,2405.02694,True,False
1407.5447,11,0.8528226613998413,1810.05891,False,False
1407.5447,12,0.8514651656150818,1206.3120,False,False
1407.5447,13,0.850752592086792,2308.02734,False,False
1407.5447,14,0.8475463390350342,1208.0627,False,True
1407.5447,15,0.8474792242050171,1108.3780,False,False
1407.5447,16,0.8474515676498413,1602.07623,False,False
1407.5447,17,0.84550541639328,1602.07104,False,False
1407.5447,18,0.8404159545898438,1510.00620,False,False
1407.5447,19,0.837594747543335,1609.01322,False,False
1407.5447,20,0.8364271521568298,1302.4793,False,False
1407.5447,21,0.8346376419067383,2105.11865,False,False
1407.5447,22,0.8309030532836914,1611.02319,False,False
1407.5447,23,0.8303134441375732,1512.00556,False,False
1407.5447,24,0.8299316167831421,1903.00281,False,False
1407.5447,25,0.8291361331939697,2503.11552,False,False
1407.5447,26,0.8289955854415894,0810.4658,False,False
1407.5447,27,0.8271456360816956,1102.2293,False,False
1407.5447,28,0.8270564079284668,1702.07973,False,False
1407.5447,29,0.8268764615058899,2603.25549,False,False
1407.5447,30,0.8263549208641052,1606.07904,False,True
1407.5447,31,0.8253046274185181,2602.13311,False,False
1407.5447,32,0.8247934579849243,1803.10386,False,False
1407.5447,33,0.8227605223655701,0912.4595,False,False
1407.5447,34,0.8212408423423767,1602.08290,False,False
1407.5447,35,0.8212246894836426,2007.04573,False,False
1407.5447,36,0.8205609321594238,2508.12710,False,False
1407.5447,37,0.8201395273208618,1510.00798,False,False
1407.5447,38,0.819425106048584,2312.10888,False,False
1407.5447,39,0.8192452192306519,1312.4798,False,False
1407.5447,40,0.8191318511962891,2110.07927,False,False
1407.5447,41,0.8189582824707031,2405.03356,False,False
1407.5447,42,0.8187134861946106,2006.07668,False,False
1407.5447,43,0.8184215426445007,1803.07342,False,False
1407.5447,44,0.8179903030395508,2007.14938,False,False
1407.5447,45,0.8178051710128784,1512.03143,False,False
1407.5447,46,0.8164706230163574,1205.5649,False,False
1407.5447,47,0.8164575099945068,1603.08179,False,False
1407.5447,48,0.8162689805030823,1402.6474,False,False
1407.5447,49,0.816208004951477,2110.12491,False,False
1407.5447,50,0.8160642385482788,2402.18581,False,False
1407.5447,51,0.8157910704612732,cs/0508095,False,False
1407.5447,52,0.8153802156448364,2209.14141,False,False
1407.5447,53,0.8153747320175171,1903.05808,False,False
1407.5447,54,0.81514573097229,1209.2810,False,False
1407.5447,55,0.8146836161613464,cs/0512013,False,False
1407.5447,56,0.8145785927772522,2312.14982,False,False
1407.5447,57,0.8142367601394653,1801.05353,False,False
1407.5447,58,0.8141961097717285,1801.03975,False,False
1407.5447,59,0.8139098882675171,1105.1279,False,False
1407.5447,60,0.8138566613197327,1701.06673,False,False
1407.5447,61,0.8137401342391968,1812.06169,False,False
1407.5447,62,0.8135614395141602,2309.07272,False,False
1407.5447,63,0.8133653402328491,1201.6499,False,False
1407.5447,64,0.8130110502243042,1401.6621,False,False
1407.5447,65,0.8128559589385986,1405.2216,False,False
1407.5447,66,0.8125692009925842,1402.1137,False,False
1407.5447,67,0.8119440078735352,1804.11341,False,False
1407.5447,68,0.8119208812713623,2407.05239,False,False
1407.5447,69,0.8108451962471008,1608.05069,False,False
1407.5447,70,0.8106211423873901,1009.4300,False,False
1407.5447,71,0.810594379901886,0811.3585,False,False
1407.5447,72,0.8105880618095398,1310.5960,False,False
1407.5447,73,0.8102148771286011,1312.2338,False,False
1407.5447,74,0.8101984262466431,2501.00201,False,False
1407.5447,75,0.810131311416626,1503.01539,False,True
1407.5447,76,0.8090288639068604,1801.10417,False,False
1407.5447,77,0.8089504837989807,1501.00329,False,False
1407.5447,78,0.8087719678878784,2602.17619,False,False
1407.5447,79,0.8085120320320129,1306.6122,False,False
1407.5447,80,0.8072969913482666,1304.2269,False,False
1407.5447,81,0.8065693974494934,1605.05862,False,False
1407.5447,82,0.806293249130249,1912.09467,False,False
1407.5447,83,0.8060874342918396,1305.3774,False,False
1407.5447,84,0.805793285369873,0802.3490,False,False
1407.5447,85,0.8047473430633545,2012.05974,False,False
1407.5447,86,0.8046009540557861,2509.09005,False,False
1407.5447,87,0.8036167025566101,2509.00967,False,False
1407.5447,88,0.8033391237258911,1902.05495,False,False
1407.5447,89,0.8031226396560669,2506.06525,False,False
1407.5447,90,0.8026711940765381,1402.6835,False,False
1407.5447,91,0.8021807670593262,2508.18755,False,False
1407.5447,92,0.8020637631416321,2212.08631,False,False
1407.5447,93,0.8019104599952698,2208.01354,False,False
1407.5447,94,0.8019031286239624,1710.11523,False,False
1407.5447,95,0.8017573952674866,1611.06329,False,False
1407.5447,96,0.8016675710678101,1302.2824,False,False
1407.5447,97,0.8016084432601929,1806.10523,False,False
1407.5447,98,0.8012661933898926,1602.01623,False,False
1407.5447,99,0.8010391592979431,1602.01731,False,False
1407.5447,100,0.8008702993392944,1201.1175,False,False
1408.3524,1,0.8170909881591797,1502.00216,False,True
1408.3524,2,0.7931361198425293,1506.04783,False,True
1408.3524,3,0.7783597111701965,0805.3639,False,False
1408.3524,4,0.759825587272644,1502.05611,False,True
1408.3524,5,0.75825035572052,2007.13557,False,True
1408.3524,6,0.7576174736022949,2109.13950,False,True
1408.3524,7,0.7573293447494507,1401.5750,False,True
1408.3524,8,0.7479653358459473,2310.06608,False,False
1408.3524,9,0.7395886182785034,1310.3056,False,False
1408.3524,10,0.7384068965911865,1409.5607,False,False
1408.3524,11,0.7354186773300171,1908.02931,False,False
1408.3524,12,0.7352421283721924,2206.13380,False,True
1408.3524,13,0.7329064607620239,1712.00603,False,True
1408.3524,14,0.7304842472076416,2101.12450,False,True
1408.3524,15,0.730456531047821,2601.01314,False,False
1408.3524,16,0.727730393409729,2204.11281,False,True
1408.3524,17,0.7198842763900757,2110.00524,False,False
1408.3524,18,0.7155359983444214,2208.13836,False,False
1408.3524,19,0.7153707146644592,2101.07398,False,False
1408.3524,20,0.7140719890594482,2010.16079,False,True
1408.3524,21,0.7122175693511963,1904.04407,False,True
1408.3524,22,0.7109110355377197,1705.02896,False,True
1408.3524,23,0.7107421159744263,2103.01601,False,True
1408.3524,24,0.7103314399719238,2308.11338,False,True
1408.3524,25,0.7101538777351379,2211.06086,False,False
1408.3524,26,0.7077949047088623,1809.09779,False,True
1408.3524,27,0.7059386968612671,1806.10070,False,False
1408.3524,28,0.705864429473877,1405.4012,False,False
1408.3524,29,0.7027398943901062,hep-ph/0210215,False,False
1408.3524,30,0.7025139331817627,1704.05398,False,False
1408.3524,31,0.7024152278900146,2109.14428,False,True
1408.3524,32,0.695854902267456,2011.12226,False,False
1408.3524,33,0.6953170895576477,2106.10750,False,False
1408.3524,34,0.6952002644538879,astro-ph/0412393,False,False
1408.3524,35,0.6950836777687073,1009.0179,False,True
1408.3524,36,0.6939914226531982,1703.10574,False,True
1408.3524,37,0.6932452321052551,1101.5433,False,False
1408.3524,38,0.6926257014274597,1804.06150,False,True
1408.3524,39,0.6924983263015747,1611.06774,False,False
1408.3524,40,0.6922502517700195,2011.12756,False,False
1408.3524,41,0.6919508576393127,2001.08563,False,False
1408.3524,42,0.6909757256507874,astro-ph/0409213,False,False
1408.3524,43,0.6897720098495483,1307.3959,False,False
1408.3524,44,0.6872079968452454,2509.10258,False,True
1408.3524,45,0.6871209144592285,1203.6888,False,True
1408.3524,46,0.6868919730186462,astro-ph/0402368,False,False
1408.3524,47,0.6868562698364258,2601.03313,False,False
1408.3524,48,0.6865220665931702,1606.03013,False,True
1408.3524,49,0.6859944462776184,1601.02780,False,False
1408.3524,50,0.6858900189399719,2204.01616,False,False
1408.3524,51,0.685753583908081,1608.01435,False,True
1408.3524,52,0.6856337785720825,2104.06686,False,False
1408.3524,53,0.6855790615081787,1806.10967,False,False
1408.3524,54,0.685239851474762,1110.3624,False,False
1408.3524,55,0.6849198937416077,2603.07718,False,True
1408.3524,56,0.6845978498458862,2010.12241,False,True
1408.3524,57,0.6838951110839844,2401.02328,False,False
1408.3524,58,0.683866024017334,2301.09304,False,False
1408.3524,59,0.6838456392288208,1301.1874,False,True
1408.3524,60,0.682000458240509,1601.06639,False,False
1408.3524,61,0.6816830635070801,1309.5199,False,False
1408.3524,62,0.6814005374908447,0706.3046,True,False
1408.3524,63,0.6811974048614502,1805.09285,False,True
1408.3524,64,0.680962324142456,1411.5047,False,False
1408.3524,65,0.6802887320518494,2501.11147,False,False
1408.3524,66,0.679949164390564,1110.4818,False,True
1408.3524,67,0.6797236204147339,1808.09699,False,True
1408.3524,68,0.6796842217445374,0911.4227,False,False
1408.3524,69,0.6796393990516663,astro-ph/0210125,False,False
1408.3524,70,0.6793006062507629,1908.07424,False,True
1408.3524,71,0.6787235736846924,astro-ph/9806272,False,False
1408.3524,72,0.6785206198692322,2309.06385,False,False
1408.3524,73,0.6784839630126953,2601.06155,False,False
1408.3524,74,0.6783782243728638,2111.15423,False,False
1408.3524,75,0.6782695651054382,2105.01611,False,False
1408.3524,76,0.6776645183563232,0804.0063,False,False
1408.3524,77,0.6772724390029907,1304.5733,False,False
1408.3524,78,0.6772682070732117,astro-ph/0303542,False,False
1408.3524,79,0.6772602796554565,1612.04948,False,False
1408.3524,80,0.67710280418396,1208.3016,False,False
1408.3524,81,0.6770719885826111,1511.01120,False,False
1408.3524,82,0.6768813729286194,2406.00311,False,False
1408.3524,83,0.6762633323669434,1203.4366,False,False
1408.3524,84,0.6759499311447144,1701.08599,False,False
1408.3524,85,0.675703227519989,1812.11858,False,False
1408.3524,86,0.6752305030822754,1812.07222,False,True
1408.3524,87,0.6750664114952087,2208.07768,False,True
1408.3524,88,0.6745885610580444,2302.01183,False,False
1408.3524,89,0.6743568181991577,2401.10610,False,False
1408.3524,90,0.6730894446372986,2205.07543,False,False
1408.3524,91,0.672831118106842,2009.11826,False,True
1408.3524,92,0.6722674369812012,1711.04406,False,False
1408.3524,93,0.6722226738929749,1803.08482,False,False
1408.3524,94,0.6717668175697327,1304.6940,False,False
1408.3524,95,0.6714298725128174,0803.1210,False,False
1408.3524,96,0.6714282631874084,1511.08203,False,False
1408.3524,97,0.6711205244064331,0801.2068,False,False
1408.3524,98,0.6707413792610168,2208.10067,False,False
1408.3524,99,0.6707005500793457,2302.03436,False,False
1408.3524,100,0.6706758737564087,1703.03205,False,False
1502.07238,1,0.8364731669425964,1004.3155,False,True
1502.07238,2,0.82796311378479,0809.0514,False,True
1502.07238,3,0.8246121406555176,2602.20897,False,True
1502.07238,4,0.8169533014297485,1903.04291,False,True
1502.07238,5,0.8139567971229553,1401.2619,False,True
1502.07238,6,0.8115792870521545,2604.05298,False,False
1502.07238,7,0.8100283741950989,0907.2167,False,True
1502.07238,8,0.8017804026603699,cond-mat/0207598,False,False
1502.07238,9,0.8009830117225647,2409.14311,False,True
1502.07238,10,0.7991273403167725,1901.06790,False,False
1502.07238,11,0.7955595254898071,cond-mat/0508434,False,False
1502.07238,12,0.7955355048179626,1910.05979,False,False
1502.07238,13,0.7937802672386169,2511.05019,False,False
1502.07238,14,0.7936483025550842,2509.10333,False,False
1502.07238,15,0.79244464635849,2308.02895,False,True
1502.07238,16,0.7914413213729858,1901.05645,False,False
1502.07238,17,0.7911443710327148,1504.03033,False,True
1502.07238,18,0.7907487154006958,2511.10193,False,True
1502.07238,19,0.7905802726745605,1406.7551,False,True
1502.07238,20,0.7898887991905212,1805.05500,False,False
1502.07238,21,0.7894899249076843,1703.06361,False,True
1502.07238,22,0.7868204712867737,1212.2607,False,False
1502.07238,23,0.7860719561576843,1305.0768,False,True
1502.07238,24,0.7854465246200562,2202.03961,False,True
1502.07238,25,0.7847980856895447,2606.05563,False,False
1502.07238,26,0.7846758365631104,1103.4659,True,True
1502.07238,27,0.7845487594604492,2104.09112,False,False
1502.07238,28,0.7826492190361023,1208.1740,False,False
1502.07238,29,0.7826378345489502,2104.05007,False,False
1502.07238,30,0.7826045751571655,physics/0501160,False,True
1502.07238,31,0.7823101282119751,2108.00733,False,False
1502.07238,32,0.7822063565254211,2111.11949,False,True
1502.07238,33,0.7812818288803101,1911.00872,False,False
1502.07238,34,0.7803979516029358,1304.4704,False,True
1502.07238,35,0.779403567314148,2509.01014,False,True
1502.07238,36,0.7792989015579224,physics/0505157,False,True
1502.07238,37,0.7759441137313843,2006.06035,True,False
1502.07238,38,0.7752882838249207,1201.5198,True,True
1502.07238,39,0.7751202583312988,2204.13360,False,True
1502.07238,40,0.7748731374740601,2604.08616,False,False
1502.07238,41,0.7747594118118286,2210.01163,False,False
1502.07238,42,0.7738696336746216,1212.0576,False,True
1502.07238,43,0.7727993726730347,2407.10254,False,False
1502.07238,44,0.7726171016693115,2401.03536,False,False
1502.07238,45,0.771777331829071,2203.16386,False,False
1502.07238,46,0.7710147500038147,1308.2607,False,False
1502.07238,47,0.7702548503875732,cond-mat/0107236,False,False
1502.07238,48,0.7701168060302734,2010.08635,False,True
1502.07238,49,0.7699283361434937,1011.2395,False,True
1502.07238,50,0.7695285081863403,2602.21470,False,False
1502.07238,51,0.7694885730743408,1704.02453,False,False
1502.07238,52,0.7693958282470703,2507.21631,False,False
1502.07238,53,0.7692850232124329,1805.10244,False,True
1502.07238,54,0.7688376307487488,1311.5728,False,False
1502.07238,55,0.7685132026672363,1803.05046,False,False
1502.07238,56,0.7680808305740356,1506.00012,False,False
1502.07238,57,0.7675787210464478,1502.07162,False,True
1502.07238,58,0.7675670385360718,2606.05349,False,False
1502.07238,59,0.7671319842338562,cond-mat/0109324,False,False
1502.07238,60,0.7670637369155884,hep-ex/0411043,False,False
1502.07238,61,0.7666866183280945,cs/0512083,False,False
1502.07238,62,0.7665823101997375,2605.09747,False,False
1502.07238,63,0.7660672664642334,1508.03594,False,True
1502.07238,64,0.7656287550926208,2312.15198,False,False
1502.07238,65,0.7654457688331604,2306.13961,False,False
1502.07238,66,0.7650892734527588,2310.19628,False,True
1502.07238,67,0.764653205871582,1908.04358,False,True
1502.07238,68,0.7644884586334229,math/0604340,False,False
1502.07238,69,0.7642747163772583,1702.01327,False,False
1502.07238,70,0.7640170454978943,1606.01148,False,False
1502.07238,71,0.7637710571289062,2308.04276,False,False
1502.07238,72,0.7635825276374817,2604.12685,False,True
1502.07238,73,0.7635645270347595,1308.3340,False,True
1502.07238,74,0.7632473111152649,1703.02223,False,True
1502.07238,75,0.7627161145210266,2407.05196,False,False
1502.07238,76,0.7623615264892578,2301.06938,False,False
1502.07238,77,0.7622803449630737,2302.03263,False,False
1502.07238,78,0.7620155811309814,2605.26278,False,False
1502.07238,79,0.7615427374839783,2006.10733,False,False
1502.07238,80,0.7608276605606079,1803.04225,False,False
1502.07238,81,0.7602131366729736,2503.18444,False,False
1502.07238,82,0.7600756883621216,0806.1552,False,False
1502.07238,83,0.7596797347068787,2111.15445,False,False
1502.07238,84,0.7596672773361206,2501.05292,False,False
1502.07238,85,0.7592264413833618,2407.21067,False,True
1502.07238,86,0.7591368556022644,0908.1181,False,False
1502.07238,87,0.7589501142501831,2603.26166,False,False
1502.07238,88,0.758756160736084,2012.00892,False,True
1502.07238,89,0.7583543062210083,2408.17426,False,False
1502.07238,90,0.7583213448524475,0808.3090,False,False
1502.07238,91,0.757980465888977,2605.31330,False,False
1502.07238,92,0.7577782869338989,cond-mat/0103112,False,False
1502.07238,93,0.757752001285553,1907.02058,False,True
1502.07238,94,0.7575710415840149,2511.17837,False,True
1502.07238,95,0.7573778629302979,2401.04769,False,False
1502.07238,96,0.7569980621337891,2312.15105,False,False
1502.07238,97,0.7566799521446228,2111.03900,False,False
1502.07238,98,0.7564893960952759,q-bio/0403026,False,False
1502.07238,99,0.756238579750061,1601.01923,False,False
1502.07238,100,0.7559669017791748,1505.02595,False,False
1508.01238,1,0.8896661400794983,0902.1875,False,False
1508.01238,2,0.8874257802963257,1005.3550,False,True
1508.01238,3,0.8852574229240417,2103.15192,False,False
1508.01238,4,0.8839154839515686,1708.06287,False,False
1508.01238,5,0.8827953338623047,math/0409534,False,False
1508.01238,6,0.8825337886810303,2509.06123,False,False
1508.01238,7,0.8823134899139404,0901.0235,False,True
1508.01238,8,0.881963312625885,1201.5186,False,False
1508.01238,9,0.8814605474472046,0906.5525,False,True
1508.01238,10,0.8801308274269104,2402.06961,False,False
1508.01238,11,0.8797791600227356,1406.4368,False,True
1508.01238,12,0.8790869116783142,1609.08322,False,False
1508.01238,13,0.87891685962677,2305.12558,False,False
1508.01238,14,0.8778904676437378,2509.20470,False,False
1508.01238,15,0.8778563737869263,0806.1038,False,True
1508.01238,16,0.8766098022460938,math/0309233,False,False
1508.01238,17,0.8758869171142578,math/0006237,False,False
1508.01238,18,0.8758120536804199,2604.12937,False,False
1508.01238,19,0.8745592832565308,1511.08113,False,False
1508.01238,20,0.8740153312683105,0812.0495,False,False
1508.01238,21,0.8740000128746033,1907.04856,False,False
1508.01238,22,0.872232973575592,0706.2595,False,False
1508.01238,23,0.8715829253196716,2411.01372,False,False
1508.01238,24,0.8709791898727417,2205.07165,False,False
1508.01238,25,0.8703556060791016,0910.5416,False,False
1508.01238,26,0.8702841401100159,2008.08556,False,False
1508.01238,27,0.870254635810852,2501.07662,False,False
1508.01238,28,0.8700629472732544,0811.0358,False,False
1508.01238,29,0.8680542707443237,1212.0199,False,False
1508.01238,30,0.8679391741752625,2502.14480,False,False
1508.01238,31,0.8676638603210449,2001.05882,False,False
1508.01238,32,0.8667193651199341,1012.5437,False,False
1508.01238,33,0.8664991855621338,1811.07019,False,False
1508.01238,34,0.8663145303726196,1405.4025,False,False
1508.01238,35,0.8661637306213379,1807.05558,False,False
1508.01238,36,0.8658750653266907,2411.01287,False,False
1508.01238,37,0.8657682538032532,1902.09180,False,False
1508.01238,38,0.8656163811683655,1908.03934,False,True
1508.01238,39,0.8654240965843201,2509.09548,False,False
1508.01238,40,0.8652077913284302,0906.4121,False,False
1508.01238,41,0.8648810386657715,0708.0537,False,False
1508.01238,42,0.8645098209381104,2002.02292,False,False
1508.01238,43,0.8643529415130615,2406.16599,False,False
1508.01238,44,0.864220380783081,1211.1353,False,False
1508.01238,45,0.8640248775482178,2001.06976,False,False
1508.01238,46,0.8634346127510071,2509.11558,False,False
1508.01238,47,0.863121509552002,1809.04448,False,False
1508.01238,48,0.8627787232398987,1305.2720,False,False
1508.01238,49,0.8627372980117798,1912.08109,False,False
1508.01238,50,0.8625549674034119,math/0304410,False,False
1508.01238,51,0.8625159859657288,math/0503507,False,True
1508.01238,52,0.8624389171600342,1511.01274,False,False
1508.01238,53,0.8623292446136475,1712.06266,False,False
1508.01238,54,0.8622278571128845,0707.0782,False,False
1508.01238,55,0.8620567321777344,math/0611488,False,False
1508.01238,56,0.8617582321166992,1502.04346,False,False
1508.01238,57,0.8616051077842712,1910.07884,False,False
1508.01238,58,0.8613993525505066,2103.13152,False,False
1508.01238,59,0.8613675832748413,2508.04657,False,True
1508.01238,60,0.8612678050994873,2212.02665,False,False
1508.01238,61,0.8612450361251831,1103.5151,False,False
1508.01238,62,0.8607122898101807,math/0310434,False,False
1508.01238,63,0.8602616190910339,1812.00042,False,True
1508.01238,64,0.8602274656295776,2003.01689,False,False
1508.01238,65,0.8599311709403992,math/0211395,False,False
1508.01238,66,0.8598796129226685,math/0608321,False,False
1508.01238,67,0.8596981763839722,0707.3010,False,False
1508.01238,68,0.8596933484077454,2411.06933,False,False
1508.01238,69,0.8593864440917969,q-alg/9507033,False,False
1508.01238,70,0.8592742681503296,2102.07027,False,True
1508.01238,71,0.8592386841773987,1506.06420,False,False
1508.01238,72,0.8589269518852234,2004.04841,False,False
1508.01238,73,0.858841061592102,1310.2958,False,False
1508.01238,74,0.858790397644043,1702.08128,False,False
1508.01238,75,0.8587775826454163,2411.02981,False,False
1508.01238,76,0.8583529591560364,1112.0410,False,False
1508.01238,77,0.8579972386360168,2002.10355,False,False
1508.01238,78,0.8579330444335938,1501.00178,False,False
1508.01238,79,0.857904851436615,2305.19140,False,False
1508.01238,80,0.8577908873558044,funct-an/9712008,False,False
1508.01238,81,0.8576764464378357,1903.07310,False,False
1508.01238,82,0.8576329350471497,1208.1968,False,False
1508.01238,83,0.8572455048561096,0804.3226,False,True
1508.01238,84,0.8571969270706177,1205.0992,False,False
1508.01238,85,0.8571947813034058,2003.13095,False,False
1508.01238,86,0.8570154905319214,0711.2769,False,False
1508.01238,87,0.8569602370262146,math/0610538,False,False
1508.01238,88,0.8568459749221802,2412.00825,False,True
1508.01238,89,0.856714129447937,1706.02032,False,False
1508.01238,90,0.8565607070922852,1910.10990,False,False
1508.01238,91,0.8565574884414673,math/0211190,False,False
1508.01238,92,0.8563987016677856,quant-ph/0610009,False,False
1508.01238,93,0.8562443256378174,2112.04844,False,False
1508.01238,94,0.8561999201774597,1304.1053,False,False
1508.01238,95,0.8561174273490906,2107.01945,False,True
1508.01238,96,0.8559914827346802,2207.04114,False,False
1508.01238,97,0.855974555015564,0811.0620,False,False
1508.01238,98,0.8559643030166626,1308.4152,False,False
1508.01238,99,0.8559486865997314,2402.13477,False,False
1508.01238,100,0.855804443359375,math/0505146,False,False
1508.07619,1,0.9011428356170654,2211.05264,False,False
1508.07619,2,0.893604576587677,1508.06903,False,False
1508.07619,3,0.8902509212493896,2106.01201,False,False
1508.07619,4,0.8893929123878479,0710.1246,True,False
1508.07619,5,0.8860558271408081,1210.8029,False,False
1508.07619,6,0.8840882778167725,1105.3221,False,False
1508.07619,7,0.883280336856842,1507.06022,False,False
1508.07619,8,0.882412314414978,1604.01546,False,False
1508.07619,9,0.8811933398246765,2005.06295,False,False
1508.07619,10,0.8803213834762573,2507.10888,False,False
1508.07619,11,0.8786688446998596,2501.06477,False,False
1508.07619,12,0.8775878548622131,1801.02319,False,False
1508.07619,13,0.8753988742828369,astro-ph/0610810,False,False
1508.07619,14,0.8718894720077515,2508.14362,False,False
1508.07619,15,0.8716673851013184,2310.02415,False,False
1508.07619,16,0.8705383539199829,1612.00695,False,False
1508.07619,17,0.8699452877044678,1209.2302,False,False
1508.07619,18,0.8697326183319092,2601.05704,False,False
1508.07619,19,0.8684307336807251,hep-ph/0603029,False,False
1508.07619,20,0.8657706379890442,2204.09415,False,False
1508.07619,21,0.8649675846099854,cond-mat/0104094,False,False
1508.07619,22,0.8638216853141785,1011.2617,False,False
1508.07619,23,0.8631770610809326,physics/9906011,False,False
1508.07619,24,0.8625739216804504,2102.04403,False,False
1508.07619,25,0.8623079657554626,2102.11988,False,False
1508.07619,26,0.8616464734077454,astro-ph/0205282,False,False
1508.07619,27,0.8614649772644043,1812.06699,False,False
1508.07619,28,0.8612201809883118,1010.2722,False,False
1508.07619,29,0.8602539896965027,2010.14348,False,False
1508.07619,30,0.8594285845756531,2306.11555,False,False
1508.07619,31,0.8589680790901184,1101.0883,False,False
1508.07619,32,0.8578777313232422,1405.4302,False,False
1508.07619,33,0.8575233817100525,2512.12516,False,False
1508.07619,34,0.8574763536453247,1003.1091,False,False
1508.07619,35,0.8571427464485168,1708.09509,False,False
1508.07619,36,0.8567394018173218,1207.5377,False,False
1508.07619,37,0.8561317920684814,1911.01501,False,False
1508.07619,38,0.8561068773269653,astro-ph/0502331,False,False
1508.07619,39,0.8552461266517639,0912.4543,False,False
1508.07619,40,0.8549327850341797,2412.10070,False,False
1508.07619,41,0.854740560054779,1405.5247,False,False
1508.07619,42,0.8543239831924438,2007.09533,False,False
1508.07619,43,0.8533150553703308,astro-ph/0212155,False,False
1508.07619,44,0.8529126644134521,1103.1621,False,False
1508.07619,45,0.8522050380706787,2501.11954,False,False
1508.07619,46,0.8517967462539673,1303.4340,False,False
1508.07619,47,0.851402759552002,2503.05674,False,False
1508.07619,48,0.8508070707321167,1808.06697,False,False
1508.07619,49,0.8505862951278687,2509.17245,False,False
1508.07619,50,0.8505204916000366,2303.01097,False,False
1508.07619,51,0.8498984575271606,1906.04451,False,False
1508.07619,52,0.8497809767723083,2508.08533,False,False
1508.07619,53,0.8489646315574646,1007.0216,False,False
1508.07619,54,0.8489142656326294,astro-ph/9902094,False,False
1508.07619,55,0.8489015698432922,1909.11352,False,False
1508.07619,56,0.8486037254333496,2311.02163,True,False
1508.07619,57,0.8485545516014099,1410.0146,False,False
1508.07619,58,0.8479132652282715,0904.0970,False,False
1508.07619,59,0.8470965623855591,1503.04695,False,False
1508.07619,60,0.8468866944313049,astro-ph/0701264,False,False
1508.07619,61,0.8467832803726196,1903.02745,True,False
1508.07619,62,0.8467445373535156,astro-ph/0508502,False,False
1508.07619,63,0.8459165692329407,astro-ph/9605151,False,False
1508.07619,64,0.8454088568687439,2103.10326,False,False
1508.07619,65,0.8452017903327942,1210.1417,False,False
1508.07619,66,0.8451378345489502,2008.12558,False,False
1508.07619,67,0.8448861241340637,1501.07595,False,False
1508.07619,68,0.8445123434066772,1109.4158,False,False
1508.07619,69,0.8443906307220459,2206.03602,False,False
1508.07619,70,0.8441111445426941,2503.18777,False,False
1508.07619,71,0.8437520861625671,1611.03951,False,False
1508.07619,72,0.8435707092285156,2108.11614,False,False
1508.07619,73,0.8435623049736023,2008.06820,False,False
1508.07619,74,0.8432718515396118,1805.04438,False,False
1508.07619,75,0.8431921601295471,2601.01671,False,False
1508.07619,76,0.8430941104888916,2203.07152,False,False
1508.07619,77,0.8423428535461426,1106.4791,False,False
1508.07619,78,0.8418455719947815,2209.06151,False,False
1508.07619,79,0.8417497277259827,2303.16286,False,False
1508.07619,80,0.8416646122932434,2407.01915,False,False
1508.07619,81,0.8415656089782715,2411.14294,False,False
1508.07619,82,0.8415003418922424,1506.05318,False,False
1508.07619,83,0.8403563499450684,1611.01476,False,False
1508.07619,84,0.8401609659194946,2008.12157,False,False
1508.07619,85,0.8401213884353638,1912.01770,False,False
1508.07619,86,0.8398191928863525,2511.18339,False,True
1508.07619,87,0.8394901156425476,1207.4419,False,False
1508.07619,88,0.8389713168144226,1612.02430,False,False
1508.07619,89,0.8386228084564209,2002.12172,False,False
1508.07619,90,0.8385306000709534,astro-ph/0604161,False,False
1508.07619,91,0.8384989500045776,astro-ph/0509329,False,False
1508.07619,92,0.8382193446159363,2306.01932,False,False
1508.07619,93,0.8376278877258301,2103.03616,False,False
1508.07619,94,0.8375277519226074,1810.07726,False,False
1508.07619,95,0.8374608755111694,1708.06193,False,False
1508.07619,96,0.8373109698295593,2110.03204,False,False
1508.07619,97,0.8371065855026245,0710.5612,False,False
1508.07619,98,0.8364871144294739,1405.1306,False,False
1508.07619,99,0.8357552289962769,0905.1071,False,False
1508.07619,100,0.835635781288147,astro-ph/0005331,False,False
1511.05420,1,0.9090842604637146,0704.1136,False,True
1511.05420,2,0.8752458095550537,1207.6810,False,True
1511.05420,3,0.8663314580917358,2606.11413,False,True
1511.05420,4,0.8511368632316589,2406.03588,False,True
1511.05420,5,0.847764790058136,1902.02957,False,True
1511.05420,6,0.8428878784179688,0808.0475,False,True
1511.05420,7,0.8404116630554199,gr-qc/0611133,False,True
1511.05420,8,0.839647114276886,2404.18964,False,True
1511.05420,9,0.8393361568450928,2403.19261,False,False
1511.05420,10,0.8370833992958069,1611.04454,False,False
1511.05420,11,0.8367538452148438,1801.08334,False,True
1511.05420,12,0.8332182765007019,2405.06900,False,True
1511.05420,13,0.828201413154602,2210.01695,False,False
1511.05420,14,0.8279037475585938,2201.08392,False,True
1511.05420,15,0.8239117860794067,gr-qc/9905033,False,True
1511.05420,16,0.8208183646202087,1602.08301,False,True
1511.05420,17,0.8201760053634644,1711.08182,False,False
1511.05420,18,0.8190027475357056,1408.3352,True,True
1511.05420,19,0.8184010982513428,2004.06073,False,False
1511.05420,20,0.8183602690696716,1712.06533,False,True
1511.05420,21,0.8176990747451782,1108.0116,False,True
1511.05420,22,0.8164068460464478,gr-qc/9803098,False,True
1511.05420,23,0.8163015842437744,2012.13564,False,True
1511.05420,24,0.8157966136932373,2507.14750,False,True
1511.05420,25,0.8147954940795898,astro-ph/0410451,False,False
1511.05420,26,0.8145653009414673,2301.05037,False,True
1511.05420,27,0.8143512606620789,gr-qc/0208022,False,True
1511.05420,28,0.814241349697113,1801.05621,False,True
1511.05420,29,0.8133051991462708,1510.05548,False,True
1511.05420,30,0.8132767677307129,1401.8085,False,True
1511.05420,31,0.8125050067901611,1901.04314,False,True
1511.05420,32,0.8124545812606812,2405.15061,False,False
1511.05420,33,0.8124434351921082,1304.0898,False,False
1511.05420,34,0.8123005628585815,1404.2726,False,True
1511.05420,35,0.812118411064148,1912.01184,False,True
1511.05420,36,0.8120473623275757,1110.5409,False,False
1511.05420,37,0.8112852573394775,1709.09034,False,True
1511.05420,38,0.8111572265625,2311.05703,False,True
1511.05420,39,0.8105162978172302,hep-ph/9812296,False,True
1511.05420,40,0.8103929162025452,1211.1060,False,True
1511.05420,41,0.8100472688674927,2304.12640,False,True
1511.05420,42,0.810038149356842,2207.09472,False,True
1511.05420,43,0.8088734745979309,2202.04084,False,True
1511.05420,44,0.8083109259605408,1812.01798,False,True
1511.05420,45,0.8078456521034241,1903.05113,True,True
1511.05420,46,0.8077887296676636,1201.2244,False,False
1511.05420,47,0.8077793121337891,1307.4741,False,False
1511.05420,48,0.8075217008590698,2111.11726,False,False
1511.05420,49,0.8075057864189148,2003.10842,False,True
1511.05420,50,0.8071451783180237,1305.0259,False,True
1511.05420,51,0.8068695068359375,1211.4878,False,True
1511.05420,52,0.8066704869270325,1206.6924,False,True
1511.05420,53,0.8065898418426514,2412.02496,False,False
1511.05420,54,0.8064889907836914,2103.10721,False,False
1511.05420,55,0.8061865568161011,2412.19627,False,True
1511.05420,56,0.8060312867164612,1410.0721,False,False
1511.05420,57,0.8059269189834595,2308.16624,False,True
1511.05420,58,0.8053439855575562,2410.05769,False,True
1511.05420,59,0.8046126961708069,1804.01779,False,True
1511.05420,60,0.8045937418937683,nlin/0404039,False,False
1511.05420,61,0.8037933111190796,gr-qc/9702043,False,True
1511.05420,62,0.8036437034606934,1908.10817,False,True
1511.05420,63,0.8034297227859497,1103.4635,False,True
1511.05420,64,0.8033623099327087,2105.03318,False,False
1511.05420,65,0.8030120134353638,1212.1421,False,True
1511.05420,66,0.8028063774108887,2204.02834,False,False
1511.05420,67,0.8025040626525879,0907.2339,False,True
1511.05420,68,0.8024783730506897,1504.05819,False,False
1511.05420,69,0.801671028137207,2006.15610,False,True
1511.05420,70,0.801414966583252,2109.00875,False,True
1511.05420,71,0.8011319637298584,2209.05327,False,True
1511.05420,72,0.8007055521011353,2103.13714,True,True
1511.05420,73,0.8002029061317444,astro-ph/9512071,False,True
1511.05420,74,0.8000083565711975,2003.11891,False,True
1511.05420,75,0.7999865412712097,1307.6150,False,True
1511.05420,76,0.7998391389846802,1111.1928,False,False
1511.05420,77,0.7993900179862976,1602.03824,False,True
1511.05420,78,0.7993100881576538,2411.03967,False,False
1511.05420,79,0.7991551756858826,2012.03416,False,True
1511.05420,80,0.7985156178474426,nucl-th/9906030,False,False
1511.05420,81,0.7985122203826904,0906.0990,False,True
1511.05420,82,0.7983510494232178,1502.00760,False,False
1511.05420,83,0.7983009219169617,2201.13051,False,False
1511.05420,84,0.7979660034179688,1701.01556,False,False
1511.05420,85,0.7978566884994507,1212.4357,False,True
1511.05420,86,0.7969661951065063,1710.07109,False,True
1511.05420,87,0.7969372272491455,2602.11811,False,True
1511.05420,88,0.7969202399253845,2207.08541,False,False
1511.05420,89,0.796744167804718,1708.04003,False,True
1511.05420,90,0.7965164184570312,1309.0901,False,True
1511.05420,91,0.7964612245559692,1811.01322,False,True
1511.05420,92,0.7963347434997559,nlin/0201020,False,False
1511.05420,93,0.7961490750312805,1602.03687,False,False
1511.05420,94,0.7961409687995911,2604.25916,False,True
1511.05420,95,0.7960969805717468,physics/9612003,False,False
1511.05420,96,0.7958550453186035,2605.15797,False,False
1511.05420,97,0.795731246471405,2606.10486,False,False
1511.05420,98,0.7955635190010071,1206.4374,False,True
1511.05420,99,0.7952086329460144,2401.05448,False,True
1511.05420,100,0.7951328754425049,2002.10756,False,False
1603.04165,1,0.9022437334060669,0902.3502,False,True
1603.04165,2,0.8897757530212402,1805.10092,False,True
1603.04165,3,0.8880254030227661,2110.03530,False,False
1603.04165,4,0.8879072070121765,1411.2460,False,True
1603.04165,5,0.8876206278800964,hep-th/0006127,False,True
1603.04165,6,0.8855258226394653,2004.02909,False,True
1603.04165,7,0.8850322961807251,2112.03628,False,False
1603.04165,8,0.883479118347168,1208.1307,False,True
1603.04165,9,0.8823890089988708,2507.15943,False,True
1603.04165,10,0.8813961744308472,2305.00106,False,True
1603.04165,11,0.8813044428825378,gr-qc/0306126,False,True
1603.04165,12,0.8808524012565613,hep-th/0608111,False,True
1603.04165,13,0.8805649280548096,2412.01647,False,True
1603.04165,14,0.8803960680961609,1401.5286,False,True
1603.04165,15,0.8796697854995728,1808.08735,False,True
1603.04165,16,0.8782349824905396,1508.03246,False,True
1603.04165,17,0.8776435852050781,1307.7260,False,True
1603.04165,18,0.8773334622383118,1812.07580,False,True
1603.04165,19,0.8754518032073975,1506.01881,False,True
1603.04165,20,0.8753148317337036,hep-th/0307087,False,True
1603.04165,21,0.8748641014099121,1607.08361,False,True
1603.04165,22,0.8743807077407837,2604.08093,False,True
1603.04165,23,0.8738685846328735,1508.01564,False,True
1603.04165,24,0.8738268613815308,physics/0006052,False,False
1603.04165,25,0.873812198638916,hep-th/0607239,False,True
1603.04165,26,0.8735840320587158,1904.08453,False,True
1603.04165,27,0.8732521533966064,gr-qc/0701059,False,False
1603.04165,28,0.8725918531417847,1212.5215,False,True
1603.04165,29,0.8722463846206665,1902.06510,False,True
1603.04165,30,0.8721741437911987,1711.06545,False,False
1603.04165,31,0.8718956112861633,hep-th/0311164,False,True
1603.04165,32,0.8718826770782471,2402.17869,False,True
1603.04165,33,0.8718818426132202,hep-th/9504158,False,True
1603.04165,34,0.8718818426132202,1709.02345,False,True
1603.04165,35,0.8717451095581055,1602.09057,False,True
1603.04165,36,0.8711945414543152,1710.02130,False,True
1603.04165,37,0.8711041808128357,hep-th/9207115,False,True
1603.04165,38,0.8693123459815979,gr-qc/9904060,False,False
1603.04165,39,0.869143009185791,gr-qc/9609066,False,True
1603.04165,40,0.86906498670578,1409.1162,False,False
1603.04165,41,0.8689992427825928,hep-th/9407019,False,True
1603.04165,42,0.8688215017318726,1711.05530,False,True
1603.04165,43,0.8687750697135925,1503.09158,False,True
1603.04165,44,0.8684312105178833,2401.02007,False,True
1603.04165,45,0.8684030771255493,0909.4066,False,True
1603.04165,46,0.8676257133483887,1305.4815,False,True
1603.04165,47,0.8672223091125488,2407.03029,False,False
1603.04165,48,0.8671756982803345,hep-th/9601082,False,True
1603.04165,49,0.8670272827148438,0711.4723,False,False
1603.04165,50,0.8669928908348083,gr-qc/9908074,False,False
1603.04165,51,0.866790771484375,1404.1299,False,True
1603.04165,52,0.866095781326294,gr-qc/0604099,False,True
1603.04165,53,0.866093635559082,hep-th/0005194,False,True
1603.04165,54,0.8659106492996216,1305.5705,False,True
1603.04165,55,0.8656318187713623,1512.01381,False,True
1603.04165,56,0.8653212189674377,1903.01781,False,False
1603.04165,57,0.8653180003166199,1212.1902,False,True
1603.04165,58,0.8652673363685608,1510.01184,False,True
1603.04165,59,0.864726722240448,1712.09272,False,True
1603.04165,60,0.8643745183944702,1809.02179,False,True
1603.04165,61,0.8642653822898865,2311.05525,False,False
1603.04165,62,0.863774836063385,hep-ph/0610009,False,False
1603.04165,63,0.8633796572685242,hep-th/0306130,False,True
1603.04165,64,0.8628263473510742,1410.6197,False,True
1603.04165,65,0.8627978563308716,1808.08386,False,False
1603.04165,66,0.862568736076355,1407.1134,False,False
1603.04165,67,0.8624376654624939,2401.14048,False,False
1603.04165,68,0.8623947501182556,1907.05829,False,True
1603.04165,69,0.8623512983322144,1506.08557,True,True
1603.04165,70,0.8616963624954224,hep-th/0701161,False,True
1603.04165,71,0.8613221049308777,1604.08385,False,True
1603.04165,72,0.8611286878585815,hep-th/0203268,False,True
1603.04165,73,0.8608794212341309,2409.05967,False,True
1603.04165,74,0.8604158163070679,1811.00993,False,False
1603.04165,75,0.860282301902771,hep-th/0405057,True,True
1603.04165,76,0.859734296798706,physics/9703020,False,False
1603.04165,77,0.8594425320625305,1009.2166,False,True
1603.04165,78,0.8592884540557861,2006.06022,False,True
1603.04165,79,0.8590190410614014,1806.01901,False,True
1603.04165,80,0.8589426875114441,hep-ph/9907249,False,False
1603.04165,81,0.858485996723175,2007.01140,False,False
1603.04165,82,0.8583309650421143,1001.0375,False,False
1603.04165,83,0.8582240343093872,1409.4550,False,True
1603.04165,84,0.8581098318099976,2202.04084,False,True
1603.04165,85,0.858051598072052,1203.2116,False,False
1603.04165,86,0.857835590839386,hep-th/9510151,True,True
1603.04165,87,0.8577142953872681,2406.06447,False,True
1603.04165,88,0.8576940298080444,0906.0156,False,False
1603.04165,89,0.8576629161834717,1208.3367,False,True
1603.04165,90,0.8576406836509705,2009.10715,False,False
1603.04165,91,0.8576201796531677,gr-qc/9402009,False,False
1603.04165,92,0.8573413491249084,1403.0896,False,True
1603.04165,93,0.8570593595504761,gr-qc/0512052,False,True
1603.04165,94,0.8567379117012024,1912.06626,False,True
1603.04165,95,0.856569766998291,0903.0081,False,False
1603.04165,96,0.8565130829811096,hep-th/0106200,False,True
1603.04165,97,0.856270432472229,2001.10539,False,True
1603.04165,98,0.8559629917144775,2104.00036,False,True
1603.04165,99,0.8558146953582764,hep-th/0004090,False,True
1603.04165,100,0.855786919593811,hep-th/0212309,False,True
1604.04601,1,0.9151581525802612,2311.00305,False,True
1604.04601,2,0.9136818647384644,1706.06204,False,True
1604.04601,3,0.9136216044425964,1805.02721,False,True
1604.04601,4,0.907738983631134,1611.07648,False,True
1604.04601,5,0.9046792984008789,1803.03303,False,True
1604.04601,6,0.9045985341072083,1003.0633,False,True
1604.04601,7,0.9043905138969421,1806.01181,False,True
1604.04601,8,0.9021626710891724,1301.2741,False,True
1604.04601,9,0.9020392298698425,2111.14602,False,True
1604.04601,10,0.9017212390899658,astro-ph/0512635,False,False
1604.04601,11,0.8991082906723022,2010.06928,False,True
1604.04601,12,0.8966112732887268,astro-ph/0503660,True,False
1604.04601,13,0.8953379988670349,2406.09337,False,True
1604.04601,14,0.8914234042167664,0905.2365,True,True
1604.04601,15,0.8913359045982361,2304.09189,False,True
1604.04601,16,0.8892034292221069,1611.00526,True,True
1604.04601,17,0.888763964176178,2102.02815,False,True
1604.04601,18,0.8879956007003784,1811.05955,False,True
1604.04601,19,0.887947142124176,1509.07750,True,True
1604.04601,20,0.8878074884414673,2210.08996,False,True
1604.04601,21,0.8874908089637756,1510.08453,False,True
1604.04601,22,0.8871550559997559,1903.05623,False,True
1604.04601,23,0.8853781819343567,1109.1561,False,True
1604.04601,24,0.8851147890090942,1803.10526,False,True
1604.04601,25,0.8847671747207642,0902.2063,True,True
1604.04601,26,0.8835936188697815,1109.6724,False,False
1604.04601,27,0.8833560943603516,2601.05976,False,True
1604.04601,28,0.8827369213104248,1008.3539,False,False
1604.04601,29,0.8822486400604248,0911.0819,False,True
1604.04601,30,0.882092297077179,1601.07635,False,True
1604.04601,31,0.8809230923652649,1004.2458,False,True
1604.04601,32,0.8802235722541809,astro-ph/0410468,False,False
1604.04601,33,0.8798297643661499,1001.0572,False,True
1604.04601,34,0.8794015049934387,2408.00725,False,True
1604.04601,35,0.8785673379898071,2008.06411,False,True
1604.04601,36,0.8782180547714233,1301.4720,False,False
1604.04601,37,0.8776845932006836,2507.04440,False,True
1604.04601,38,0.8775550127029419,1508.06520,True,True
1604.04601,39,0.8764632940292358,1007.2497,False,True
1604.04601,40,0.8762916922569275,1411.3348,False,False
1604.04601,41,0.8759775757789612,1210.1217,False,True
1604.04601,42,0.8732614517211914,2305.16495,False,True
1604.04601,43,0.8728316426277161,1211.0218,False,True
1604.04601,44,0.8727030754089355,1401.6324,False,True
1604.04601,45,0.8726764917373657,1107.5750,True,True
1604.04601,46,0.8723177313804626,0807.0835,True,False
1604.04601,47,0.872261106967926,1604.01781,False,True
1604.04601,48,0.8718562722206116,2303.08174,False,True
1604.04601,49,0.871526837348938,2602.18108,False,True
1604.04601,50,0.8715064525604248,2206.05439,True,True
1604.04601,51,0.8713844418525696,0908.0241,False,True
1604.04601,52,0.8698769807815552,1109.5166,False,True
1604.04601,53,0.8690927624702454,1809.07374,False,True
1604.04601,54,0.868916928768158,2010.07323,False,True
1604.04601,55,0.868675947189331,astro-ph/0703166,False,False
1604.04601,56,0.8682585954666138,2302.12960,False,False
1604.04601,57,0.8680431246757507,1210.3045,False,True
1604.04601,58,0.8679322600364685,1609.02530,False,True
1604.04601,59,0.8677787780761719,2012.14742,False,False
1604.04601,60,0.8668415546417236,0906.1799,False,False
1604.04601,61,0.8667494058609009,1904.08295,False,True
1604.04601,62,0.8667218685150146,1210.5540,False,True
1604.04601,63,0.8665231466293335,1804.05976,False,False
1604.04601,64,0.866272509098053,1010.3118,False,True
1604.04601,65,0.8662664890289307,1712.06500,False,True
1604.04601,66,0.8661869168281555,1411.0641,False,False
1604.04601,67,0.8659431338310242,astro-ph/0604049,False,False
1604.04601,68,0.8658190369606018,0905.0929,False,False
1604.04601,69,0.8656643033027649,1507.06697,False,True
1604.04601,70,0.8656350374221802,2009.03624,False,True
1604.04601,71,0.8654268383979797,2402.07861,False,True
1604.04601,72,0.8653570413589478,0802.3995,False,False
1604.04601,73,0.8649964332580566,astro-ph/0306019,False,False
1604.04601,74,0.8649089336395264,1903.01995,False,True
1604.04601,75,0.8642378449440002,1612.01616,True,True
1604.04601,76,0.8640931844711304,2211.07987,False,True
1604.04601,77,0.8639434576034546,1410.5203,False,True
1604.04601,78,0.8637465238571167,1607.05111,False,True
1604.04601,79,0.8633720278739929,2107.14015,False,True
1604.04601,80,0.8633632063865662,astro-ph/0103076,False,False
1604.04601,81,0.8633177876472473,1903.09258,False,True
1604.04601,82,0.8630771636962891,1703.07125,False,True
1604.04601,83,0.8630613088607788,0707.1711,False,False
1604.04601,84,0.8624461889266968,2001.07345,False,True
1604.04601,85,0.8621299862861633,1608.01138,False,False
1604.04601,86,0.8620454668998718,astro-ph/0608230,False,False
1604.04601,87,0.8619028925895691,astro-ph/0008062,False,False
1604.04601,88,0.8613248467445374,1004.2755,False,False
1604.04601,89,0.8607304096221924,1505.01848,False,False
1604.04601,90,0.860541045665741,2308.07532,False,True
1604.04601,91,0.8605390191078186,1609.09581,False,False
1604.04601,92,0.860443651676178,2210.09109,False,True
1604.04601,93,0.8600927591323853,2512.01911,False,True
1604.04601,94,0.860019326210022,0907.2956,True,True
1604.04601,95,0.8598626852035522,1902.04532,False,True
1604.04601,96,0.8598111867904663,2410.00102,False,False
1604.04601,97,0.8596023917198181,astro-ph/0211062,True,False
1604.04601,98,0.8595564961433411,2601.11280,False,True
1604.04601,99,0.8595338463783264,1702.03797,False,True
1604.04601,100,0.8594954013824463,astro-ph/0409505,False,False
1604.06344,1,0.9405717849731445,astro-ph/0510764,False,False
1604.06344,2,0.9136052131652832,2505.03972,False,True
1604.06344,3,0.9094829559326172,astro-ph/0506231,False,False
1604.06344,4,0.9091320633888245,2402.04443,False,True
1604.06344,5,0.9088881015777588,astro-ph/0506135,False,False
1604.06344,6,0.9082247614860535,0704.2836,False,False
1604.06344,7,0.9077703952789307,1810.00922,False,False
1604.06344,8,0.9072301387786865,astro-ph/0401006,False,False
1604.06344,9,0.9040349721908569,1704.01182,False,True
1604.06344,10,0.9032623767852783,1208.1280,False,True
1604.06344,11,0.9031170606613159,1407.7076,False,True
1604.06344,12,0.9006500244140625,1808.01645,False,True
1604.06344,13,0.9006257057189941,0812.4860,False,False
1604.06344,14,0.9005730748176575,astro-ph/0610653,False,False
1604.06344,15,0.8983339071273804,1904.10034,False,True
1604.06344,16,0.8977200984954834,1804.04673,False,True
1604.06344,17,0.8975047469139099,1912.02533,False,False
1604.06344,18,0.8969427347183228,2306.15342,False,True
1604.06344,19,0.8965750932693481,2302.04656,False,True
1604.06344,20,0.8962811231613159,2503.08812,False,True
1604.06344,21,0.8945956230163574,astro-ph/9708195,False,False
1604.06344,22,0.8924877047538757,astro-ph/0511618,False,False
1604.06344,23,0.8923256993293762,astro-ph/0312403,False,False
1604.06344,24,0.8919914960861206,2209.04463,False,False
1604.06344,25,0.8919278979301453,2006.00965,False,True
1604.06344,26,0.8912806510925293,astro-ph/0409646,True,False
1604.06344,27,0.891161322593689,1609.02915,False,True
1604.06344,28,0.8911157250404358,2211.06942,True,True
1604.06344,29,0.8908684253692627,2112.04140,False,True
1604.06344,30,0.8908224105834961,2310.03204,False,True
1604.06344,31,0.8904283046722412,astro-ph/0208433,True,False
1604.06344,32,0.8892331123352051,1510.07448,False,True
1604.06344,33,0.8889437913894653,astro-ph/0505525,False,False
1604.06344,34,0.888832151889801,1902.01416,False,True
1604.06344,35,0.8871493339538574,astro-ph/0502510,False,False
1604.06344,36,0.886999249458313,astro-ph/0608215,False,False
1604.06344,37,0.8864359259605408,1505.04852,False,True
1604.06344,38,0.8863800168037415,2305.12713,False,True
1604.06344,39,0.8862288594245911,2406.12684,False,True
1604.06344,40,0.8858287930488586,2302.10962,False,True
1604.06344,41,0.8857105374336243,1306.2337,False,True
1604.06344,42,0.8855834603309631,2605.16916,False,False
1604.06344,43,0.8853025436401367,0712.1229,False,False
1604.06344,44,0.8852035999298096,2207.02001,False,True
1604.06344,45,0.8851949572563171,2512.23428,False,False
1604.06344,46,0.8849769234657288,1609.02822,False,True
1604.06344,47,0.884502649307251,0706.3281,False,False
1604.06344,48,0.8843916058540344,2401.05889,False,False
1604.06344,49,0.8842727541923523,2105.10405,False,True
1604.06344,50,0.8841705322265625,astro-ph/0503429,False,False
1604.06344,51,0.8838828802108765,1712.04872,False,True
1604.06344,52,0.8835954070091248,1601.00874,False,True
1604.06344,53,0.8830146789550781,2512.04147,False,True
1604.06344,54,0.8827970623970032,astro-ph/0001519,False,False
1604.06344,55,0.8823672533035278,2303.05051,False,True
1604.06344,56,0.882105827331543,1611.07080,False,True
1604.06344,57,0.8817316293716431,2201.00771,False,False
1604.06344,58,0.8816243410110474,2502.02751,False,False
1604.06344,59,0.8811718821525574,1009.4857,False,False
1604.06344,60,0.8808848857879639,1711.05800,False,False
1604.06344,61,0.8807982206344604,1307.0790,True,True
1604.06344,62,0.8806658983230591,2510.09569,False,False
1604.06344,63,0.8797780871391296,1311.4792,False,True
1604.06344,64,0.879744291305542,1911.07734,False,True
1604.06344,65,0.8790820240974426,2410.06448,False,True
1604.06344,66,0.879037082195282,2008.13242,False,True
1604.06344,67,0.8783978223800659,1810.11051,False,False
1604.06344,68,0.8783659338951111,1309.4561,False,True
1604.06344,69,0.8780517578125,1401.4190,True,True
1604.06344,70,0.8778805732727051,1304.2398,False,True
1604.06344,71,0.8775568604469299,1810.09457,False,True
1604.06344,72,0.8774490356445312,2211.07899,False,True
1604.06344,73,0.8770577907562256,1912.05549,False,True
1604.06344,74,0.8768223524093628,2210.03873,False,True
1604.06344,75,0.8764389157295227,1310.2596,False,True
1604.06344,76,0.8762911558151245,2605.22802,False,True
1604.06344,77,0.8762656450271606,astro-ph/0401540,False,False
1604.06344,78,0.8762149214744568,1003.3744,False,True
1604.06344,79,0.8759451508522034,2302.04879,False,True
1604.06344,80,0.8758134245872498,astro-ph/0611461,False,False
1604.06344,81,0.875660240650177,astro-ph/0303439,False,False
1604.06344,82,0.8755781054496765,1409.2274,False,True
1604.06344,83,0.8745479583740234,1908.03199,False,False
1604.06344,84,0.8745425939559937,0711.4548,False,False
1604.06344,85,0.8743199706077576,0810.5558,False,False
1604.06344,86,0.8736098408699036,astro-ph/0306019,False,False
1604.06344,87,0.8732731938362122,1810.09764,False,True
1604.06344,88,0.8730520606040955,1006.4954,False,False
1604.06344,89,0.8730330467224121,1707.06290,False,False
1604.06344,90,0.8728763461112976,2605.00344,False,True
1604.06344,91,0.8726957440376282,astro-ph/0303542,False,False
1604.06344,92,0.8726645708084106,astro-ph/9709171,False,False
1604.06344,93,0.8726622462272644,1912.07878,False,False
1604.06344,94,0.8726027011871338,0807.0935,False,False
1604.06344,95,0.8725984692573547,1305.3270,False,True
1604.06344,96,0.8724452257156372,astro-ph/0410611,False,False
1604.06344,97,0.872145414352417,1101.1430,False,True
1604.06344,98,0.8719412684440613,1009.2961,False,True
1604.06344,99,0.8718680143356323,0711.0297,False,False
1604.06344,100,0.8716186881065369,2501.08475,False,False
1612.01800,1,0.8707282543182373,2002.03900,False,True
1612.01800,2,0.8644864559173584,cond-mat/0009324,False,True
1612.01800,3,0.8626002073287964,1905.03829,False,True
1612.01800,4,0.858238935470581,cond-mat/0203195,True,False
1612.01800,5,0.8496435880661011,cond-mat/0102511,False,False
1612.01800,6,0.8488311171531677,1508.04701,False,False
1612.01800,7,0.84501713514328,1505.03849,False,False
1612.01800,8,0.844936728477478,1411.3689,False,True
1612.01800,9,0.8438333868980408,2302.03190,False,False
1612.01800,10,0.8431852459907532,2309.13919,False,False
1612.01800,11,0.8410482406616211,2310.04049,False,True
1612.01800,12,0.840950608253479,2503.12922,False,True
1612.01800,13,0.8403619527816772,2012.15305,False,True
1612.01800,14,0.8399513959884644,2506.06070,False,True
1612.01800,15,0.8398818969726562,cond-mat/0311441,False,True
1612.01800,16,0.8396960496902466,1404.6437,False,True
1612.01800,17,0.8393794298171997,2212.06237,False,False
1612.01800,18,0.8387337923049927,2004.03144,False,True
1612.01800,19,0.8385261297225952,1505.08160,False,True
1612.01800,20,0.8377231359481812,1708.04090,False,True
1612.01800,21,0.837502658367157,cond-mat/0403251,False,True
1612.01800,22,0.8369916081428528,2311.16767,False,False
1612.01800,23,0.8367246389389038,2007.00633,False,True
1612.01800,24,0.8364731073379517,2605.01651,False,False
1612.01800,25,0.8354896903038025,1310.1675,False,True
1612.01800,26,0.8353039026260376,cond-mat/9812366,False,True
1612.01800,27,0.8342357277870178,2302.10733,False,True
1612.01800,28,0.8339318633079529,cond-mat/9309009,False,False
1612.01800,29,0.8339062333106995,2511.02311,False,False
1612.01800,30,0.8329731225967407,2511.22517,False,True
1612.01800,31,0.8328751921653748,cond-mat/0106166,False,False
1612.01800,32,0.832633912563324,2302.06036,False,False
1612.01800,33,0.8319748044013977,cond-mat/0104323,False,False
1612.01800,34,0.8315368890762329,2101.06017,False,True
1612.01800,35,0.8313484787940979,1407.0746,False,True
1612.01800,36,0.8308659791946411,cond-mat/0209005,False,True
1612.01800,37,0.8302550315856934,2302.06956,False,False
1612.01800,38,0.8302008509635925,1003.3793,False,False
1612.01800,39,0.8300899863243103,2210.12117,False,True
1612.01800,40,0.8298243284225464,cond-mat/9610032,False,False
1612.01800,41,0.8296681046485901,2205.12296,False,True
1612.01800,42,0.828663170337677,2603.05123,False,False
1612.01800,43,0.8285443782806396,2207.07448,False,True
1612.01800,44,0.8285260796546936,1706.03641,False,False
1612.01800,45,0.8282648324966431,2201.10065,False,False
1612.01800,46,0.8275826573371887,2111.14926,False,True
1612.01800,47,0.8271278738975525,2310.18947,False,False
1612.01800,48,0.8269670009613037,1211.4222,False,False
1612.01800,49,0.8269641399383545,1904.07819,False,True
1612.01800,50,0.8269362449645996,2603.17777,False,False
1612.01800,51,0.82688307762146,0805.0009,False,False
1612.01800,52,0.8258899450302124,0904.0264,False,False
1612.01800,53,0.8256747722625732,0704.2077,False,False
1612.01800,54,0.8254096508026123,cond-mat/0306470,False,False
1612.01800,55,0.8252578973770142,cond-mat/0006089,False,False
1612.01800,56,0.8251090049743652,2202.11492,True,False
1612.01800,57,0.8247214555740356,cond-mat/0603544,False,True
1612.01800,58,0.8242774605751038,1011.6643,False,True
1612.01800,59,0.8241438865661621,1412.7329,False,True
1612.01800,60,0.8233747482299805,1305.3632,False,True
1612.01800,61,0.8221380710601807,1210.2634,False,True
1612.01800,62,0.8220710158348083,cond-mat/9505129,False,False
1612.01800,63,0.8219107389450073,cond-mat/0508154,False,True
1612.01800,64,0.8216993808746338,cond-mat/0202243,False,False
1612.01800,65,0.8216814994812012,2511.07079,False,True
1612.01800,66,0.8211038112640381,cond-mat/0504639,False,False
1612.01800,67,0.8211019039154053,cond-mat/0508739,False,True
1612.01800,68,0.82100909948349,1902.03182,False,False
1612.01800,69,0.8207326531410217,1401.4072,False,True
1612.01800,70,0.8201884031295776,cond-mat/0206304,False,True
1612.01800,71,0.8201444149017334,1206.4392,False,True
1612.01800,72,0.8200985193252563,0908.3442,False,True
1612.01800,73,0.8200911283493042,2208.08545,False,True
1612.01800,74,0.8196959495544434,1901.01563,False,True
1612.01800,75,0.8193495869636536,cond-mat/0410075,False,False
1612.01800,76,0.8192876577377319,1005.0601,False,True
1612.01800,77,0.8189259171485901,2601.12184,False,False
1612.01800,78,0.8187111616134644,2101.06075,True,True
1612.01800,79,0.8171368837356567,2403.09238,False,False
1612.01800,80,0.8163958787918091,0904.1739,False,True
1612.01800,81,0.8160977363586426,cond-mat/0407609,False,False
1612.01800,82,0.8160387277603149,cond-mat/0306272,False,False
1612.01800,83,0.815898060798645,0912.3334,False,False
1612.01800,84,0.8157895803451538,1210.3645,False,False
1612.01800,85,0.8156716823577881,0803.0851,False,False
1612.01800,86,0.814834713935852,cond-mat/0403389,False,False
1612.01800,87,0.8148128390312195,2109.09632,False,True
1612.01800,88,0.8145273923873901,cond-mat/0210705,False,False
1612.01800,89,0.814249575138092,cond-mat/0404162,True,False
1612.01800,90,0.8138202428817749,cond-mat/0411041,False,True
1612.01800,91,0.8138155937194824,1011.5028,False,False
1612.01800,92,0.813740611076355,1502.07324,False,False
1612.01800,93,0.8128644227981567,0812.4961,False,True
1612.01800,94,0.8127248287200928,1612.04948,False,True
1612.01800,95,0.8127017021179199,2405.20714,False,True
1612.01800,96,0.8125395178794861,1312.6441,False,False
1612.01800,97,0.8125343918800354,1704.08054,False,True
1612.01800,98,0.8123339414596558,1812.01489,False,False
1612.01800,99,0.8123174905776978,1103.2450,False,True
1612.01800,100,0.8122940063476562,1504.04197,False,False
1711.04797,1,0.9000115394592285,1103.5539,False,False
1711.04797,2,0.8900542855262756,0706.2910,False,False
1711.04797,3,0.8808608055114746,1912.10710,False,True
1711.04797,4,0.8762773871421814,2309.04007,False,True
1711.04797,5,0.8719899654388428,1303.2500,False,False
1711.04797,6,0.8670052289962769,2409.18380,False,False
1711.04797,7,0.8666622042655945,2009.05017,False,False
1711.04797,8,0.8647535443305969,2404.08954,False,True
1711.04797,9,0.8643283843994141,2203.03249,False,True
1711.04797,10,0.8634315133094788,2501.10554,False,False
1711.04797,11,0.8629973530769348,1406.3551,False,False
1711.04797,12,0.8628756999969482,1301.5533,False,False
1711.04797,13,0.8615251779556274,math/0502261,False,True
1711.04797,14,0.8614895939826965,1202.4803,False,False
1711.04797,15,0.8606714010238647,1604.05454,False,False
1711.04797,16,0.8590564131736755,0711.2522,False,False
1711.04797,17,0.8589748740196228,1505.02942,False,True
1711.04797,18,0.858695924282074,2403.12673,False,False
1711.04797,19,0.8575706481933594,1902.09180,False,False
1711.04797,20,0.8573901057243347,1912.00923,False,True
1711.04797,21,0.8567525744438171,1501.03791,False,False
1711.04797,22,0.8565552234649658,2010.11434,False,False
1711.04797,23,0.8554626107215881,2208.10034,False,True
1711.04797,24,0.855355441570282,2003.02254,False,False
1711.04797,25,0.8550617694854736,1806.02108,False,False
1711.04797,26,0.8550102710723877,1609.08322,False,False
1711.04797,27,0.8549821376800537,1407.4175,False,True
1711.04797,28,0.8549043536186218,1711.06331,False,False
1711.04797,29,0.854755699634552,1706.09983,False,True
1711.04797,30,0.8546592593193054,math/9908027,False,True
1711.04797,31,0.8537018895149231,2405.03175,False,False
1711.04797,32,0.8533800840377808,2010.03423,False,False
1711.04797,33,0.853366494178772,2403.09103,False,False
1711.04797,34,0.8529388308525085,0904.1998,False,True
1711.04797,35,0.8525131940841675,1212.0199,False,False
1711.04797,36,0.8524207472801208,math/0402453,False,True
1711.04797,37,0.8521498441696167,1502.06637,False,False
1711.04797,38,0.8519619107246399,2303.06619,False,False
1711.04797,39,0.8519293069839478,1912.08109,False,True
1711.04797,40,0.8517104387283325,0806.0306,False,True
1711.04797,41,0.8509413599967957,math/0602399,False,True
1711.04797,42,0.8508214950561523,2411.15788,False,False
1711.04797,43,0.8507753014564514,2508.19079,False,False
1711.04797,44,0.8507503271102905,1302.4151,False,False
1711.04797,45,0.8504488468170166,1304.2692,False,False
1711.04797,46,0.8503807187080383,1510.03304,False,False
1711.04797,47,0.850331723690033,1910.12405,False,True
1711.04797,48,0.8503260016441345,1904.06719,False,False
1711.04797,49,0.8502165675163269,math/0702610,False,False
1711.04797,50,0.8500109314918518,1101.2771,False,True
1711.04797,51,0.8495896458625793,1607.02262,False,False
1711.04797,52,0.8493689298629761,1012.1162,False,False
1711.04797,53,0.8491816520690918,2212.02665,False,True
1711.04797,54,0.8487029075622559,0904.4858,False,False
1711.04797,55,0.8485680222511292,2112.14568,False,True
1711.04797,56,0.8485301733016968,2208.07351,False,False
1711.04797,57,0.8483231663703918,math/0409039,False,False
1711.04797,58,0.8482503294944763,1803.03936,False,False
1711.04797,59,0.847671627998352,1211.4401,False,False
1711.04797,60,0.8476051092147827,math/0310352,False,False
1711.04797,61,0.8473633527755737,0904.0088,False,False
1711.04797,62,0.8469292521476746,1409.7632,False,False
1711.04797,63,0.8467804193496704,1812.00042,False,False
1711.04797,64,0.8467481732368469,2503.03737,False,False
1711.04797,65,0.8466117978096008,1503.06439,False,True
1711.04797,66,0.8466019630432129,1408.0392,False,True
1711.04797,67,0.8464715480804443,math/0011210,False,True
1711.04797,68,0.8462970852851868,1608.02223,False,False
1711.04797,69,0.8457240462303162,2501.13666,False,False
1711.04797,70,0.845418393611908,1012.0213,False,True
1711.04797,71,0.845375657081604,1304.7572,False,False
1711.04797,72,0.8453754186630249,2508.02648,False,True
1711.04797,73,0.8450464010238647,2305.18151,False,False
1711.04797,74,0.8446955680847168,2410.21224,False,True
1711.04797,75,0.8441098928451538,1610.05227,False,False
1711.04797,76,0.8439461588859558,2204.02613,False,True
1711.04797,77,0.84370356798172,1112.2191,False,True
1711.04797,78,0.8433504104614258,math/0601580,False,True
1711.04797,79,0.8431171774864197,1502.00479,False,False
1711.04797,80,0.842872142791748,1911.10411,False,True
1711.04797,81,0.842864453792572,2109.04616,False,False
1711.04797,82,0.8426626920700073,0810.3335,False,True
1711.04797,83,0.8425022959709167,1904.00166,False,False
1711.04797,84,0.8422043323516846,2508.13063,False,False
1711.04797,85,0.8420121073722839,2002.06671,False,False
1711.04797,86,0.8418624401092529,math/0610728,False,False
1711.04797,87,0.8418290615081787,math/0104151,False,True
1711.04797,88,0.8416098356246948,2012.12359,False,False
1711.04797,89,0.8415626287460327,2309.02377,False,False
1711.04797,90,0.8412929773330688,2410.14039,False,False
1711.04797,91,0.8412023782730103,2510.11446,False,False
1711.04797,92,0.8410555720329285,math/0010226,False,False
1711.04797,93,0.8409706950187683,2402.15918,False,False
1711.04797,94,0.8409540057182312,2605.23167,False,True
1711.04797,95,0.8408532738685608,1110.5293,False,False
1711.04797,96,0.8408306837081909,2012.14479,False,False
1711.04797,97,0.8406134843826294,2309.02522,False,False
1711.04797,98,0.840591549873352,1205.5981,False,False
1711.04797,99,0.8404021263122559,0712.3875,False,False
1711.04797,100,0.8399916887283325,2202.09768,False,True
1810.07251,1,0.890937089920044,2002.07442,False,True
1810.07251,2,0.887649655342102,2103.11511,False,True
1810.07251,3,0.8693262934684753,1804.00892,False,True
1810.07251,4,0.8667101860046387,2104.14558,False,True
1810.07251,5,0.8544912338256836,2302.14309,False,True
1810.07251,6,0.853737473487854,1804.09066,False,True
1810.07251,7,0.8534636497497559,2110.02829,False,True
1810.07251,8,0.8475098013877869,2207.11504,False,True
1810.07251,9,0.8463051319122314,1409.4127,False,True
1810.07251,10,0.8461459875106812,1609.02612,False,True
1810.07251,11,0.8442956209182739,2501.10562,False,True
1810.07251,12,0.8426353335380554,1911.11206,False,True
1810.07251,13,0.8412465453147888,2303.14124,False,True
1810.07251,14,0.8409218788146973,2503.19904,False,True
1810.07251,15,0.8400654196739197,1705.02699,False,True
1810.07251,16,0.8400169610977173,2502.01330,False,True
1810.07251,17,0.8338819146156311,1511.06380,False,True
1810.07251,18,0.8333303332328796,2107.07127,False,True
1810.07251,19,0.832541286945343,2509.24871,False,True
1810.07251,20,0.8323075771331787,2103.05669,False,True
1810.07251,21,0.8313676714897156,2405.05584,False,True
1810.07251,22,0.8297738432884216,2410.24213,False,True
1810.07251,23,0.8294336795806885,2502.09318,False,True
1810.07251,24,0.8292993903160095,1705.08764,False,True
1810.07251,25,0.8277731537818909,2403.19888,False,True
1810.07251,26,0.824244499206543,2010.01220,False,True
1810.07251,27,0.8232563734054565,2004.02432,False,True
1810.07251,28,0.8231616616249084,2407.09533,False,True
1810.07251,29,0.823051929473877,1807.08259,False,True
1810.07251,30,0.8228123188018799,2501.00584,False,True
1810.07251,31,0.8220298290252686,2304.08424,False,True
1810.07251,32,0.8215687274932861,2003.00773,False,False
1810.07251,33,0.8197958469390869,1712.00097,False,True
1810.07251,34,0.8174192905426025,2510.23685,False,True
1810.07251,35,0.8168532848358154,1907.08310,False,True
1810.07251,36,0.8149324059486389,2106.11310,False,True
1810.07251,37,0.8147971034049988,2511.20462,False,True
1810.07251,38,0.8137716054916382,1610.02583,False,True
1810.07251,39,0.8127909898757935,2303.08340,False,True
1810.07251,40,0.812582790851593,2501.13528,False,True
1810.07251,41,0.8118506669998169,2502.11729,False,False
1810.07251,42,0.8117371201515198,2604.07279,False,True
1810.07251,43,0.8116880059242249,1901.08096,False,True
1810.07251,44,0.8112213015556335,2410.11488,False,True
1810.07251,45,0.8110601305961609,2410.14994,False,True
1810.07251,46,0.8105162382125854,2108.11774,False,True
1810.07251,47,0.8104715347290039,1710.11311,False,True
1810.07251,48,0.8101968765258789,2206.07689,False,True
1810.07251,49,0.8092182278633118,2309.13414,False,True
1810.07251,50,0.8080954551696777,2103.00776,False,True
1810.07251,51,0.80809485912323,2206.15296,False,True
1810.07251,52,0.8080403804779053,2310.17942,False,True
1810.07251,53,0.8066663146018982,1808.08784,False,True
1810.07251,54,0.8061434030532837,2407.16965,False,False
1810.07251,55,0.8059635162353516,2507.19789,False,True
1810.07251,56,0.8040509223937988,1905.00078,True,True
1810.07251,57,0.8036470413208008,2308.00725,False,True
1810.07251,58,0.8024570345878601,2303.09756,False,True
1810.07251,59,0.802061915397644,2603.26365,False,True
1810.07251,60,0.8019787073135376,1908.02939,False,False
1810.07251,61,0.8015844821929932,1810.00530,False,True
1810.07251,62,0.8012230396270752,1710.09363,False,True
1810.07251,63,0.800564169883728,2603.19899,False,True
1810.07251,64,0.8001050353050232,2512.04025,False,True
1810.07251,65,0.7999366521835327,2305.01476,False,False
1810.07251,66,0.799275279045105,1902.10877,False,True
1810.07251,67,0.799079179763794,1710.10330,False,True
1810.07251,68,0.7978968620300293,2302.10779,False,True
1810.07251,69,0.797451913356781,2510.18409,False,False
1810.07251,70,0.7968090176582336,2412.17805,False,True
1810.07251,71,0.7966986894607544,2012.15378,False,True
1810.07251,72,0.7962000966072083,2002.09423,False,True
1810.07251,73,0.7961256504058838,2409.02095,False,True
1810.07251,74,0.7957145571708679,2104.10615,False,True
1810.07251,75,0.7955310344696045,2106.05392,False,True
1810.07251,76,0.7951071262359619,2411.00282,False,True
1810.07251,77,0.7950280904769897,2405.17051,False,True
1810.07251,78,0.794907808303833,2005.03230,False,True
1810.07251,79,0.7946639060974121,2009.02007,False,True
1810.07251,80,0.7943246364593506,2302.10719,False,True
1810.07251,81,0.7938795685768127,1807.03748,False,True
1810.07251,82,0.7935418486595154,2108.09982,False,True
1810.07251,83,0.7933783531188965,2203.02506,False,True
1810.07251,84,0.7933089733123779,2507.20629,False,True
1810.07251,85,0.7931991219520569,2104.01778,True,False
1810.07251,86,0.7926811575889587,2003.00434,False,True
1810.07251,87,0.7921993732452393,2009.00945,False,True
1810.07251,88,0.791938066482544,1812.07995,False,True
1810.07251,89,0.7912998199462891,2106.08856,False,True
1810.07251,90,0.7910903692245483,2601.05230,False,True
1810.07251,91,0.7907856106758118,1810.04622,False,True
1810.07251,92,0.7900700569152832,2203.12310,False,False
1810.07251,93,0.7896972894668579,2309.15946,False,True
1810.07251,94,0.7896701097488403,2206.02002,False,True
1810.07251,95,0.7895846366882324,1810.03023,False,True
1810.07251,96,0.7891912460327148,2501.03230,False,True
1810.07251,97,0.7889918088912964,1603.09509,False,True
1810.07251,98,0.7889618873596191,2412.12227,False,True
1810.07251,99,0.788794994354248,2204.03865,False,True
1810.07251,100,0.7886054515838623,2204.14030,False,True
1909.05881,1,0.882353663444519,1805.10323,True,True
1909.05881,2,0.8778699040412903,cond-mat/0207032,False,False
1909.05881,3,0.8725864887237549,cond-mat/0407051,False,True
1909.05881,4,0.8717639446258545,2208.05759,False,True
1909.05881,5,0.8692537546157837,2010.00807,False,False
1909.05881,6,0.8667161464691162,cond-mat/0206534,False,False
1909.05881,7,0.8650321960449219,2502.20646,False,True
1909.05881,8,0.8645939826965332,1812.08884,False,True
1909.05881,9,0.8610548377037048,2009.01160,False,True
1909.05881,10,0.8582156896591187,cond-mat/0412554,False,True
1909.05881,11,0.8577023148536682,2209.02859,False,True
1909.05881,12,0.8565405607223511,2005.10375,False,False
1909.05881,13,0.856199324131012,1605.05058,False,True
1909.05881,14,0.8560754656791687,0912.1213,False,True
1909.05881,15,0.8554863929748535,1808.00347,False,True
1909.05881,16,0.8552359342575073,1205.0511,False,False
1909.05881,17,0.8550177812576294,2304.08029,False,False
1909.05881,18,0.8546058535575867,1012.0099,False,False
1909.05881,19,0.8508784174919128,1112.3158,False,False
1909.05881,20,0.8506557941436768,2301.03268,False,True
1909.05881,21,0.8484512567520142,cond-mat/0504604,False,True
1909.05881,22,0.8484188914299011,1108.4454,False,True
1909.05881,23,0.8483284115791321,1201.1148,False,False
1909.05881,24,0.8473630547523499,2401.08235,False,True
1909.05881,25,0.8469446897506714,2003.12688,False,False
1909.05881,26,0.8462153673171997,1509.04801,False,False
1909.05881,27,0.8453347682952881,2510.02644,False,True
1909.05881,28,0.8449182510375977,1206.1816,False,False
1909.05881,29,0.8445658087730408,1209.4216,False,False
1909.05881,30,0.8441168665885925,2308.15372,False,False
1909.05881,31,0.8440209627151489,2310.11839,False,True
1909.05881,32,0.8439327478408813,1101.5789,False,False
1909.05881,33,0.8437081575393677,1509.05295,False,True
1909.05881,34,0.8433953523635864,1711.10790,False,True
1909.05881,35,0.8433456420898438,2505.24520,False,True
1909.05881,36,0.8422680497169495,cond-mat/0601017,False,True
1909.05881,37,0.8421311378479004,1312.0385,False,True
1909.05881,38,0.8421053886413574,2410.02508,False,True
1909.05881,39,0.8420137166976929,2108.08893,False,False
1909.05881,40,0.8419315218925476,cond-mat/9611109,False,False
1909.05881,41,0.8417019844055176,1008.1148,False,False
1909.05881,42,0.8412082195281982,1610.00222,False,True
1909.05881,43,0.8401757478713989,1409.4122,False,True
1909.05881,44,0.8397383689880371,0808.1781,False,False
1909.05881,45,0.839659571647644,2409.07807,False,False
1909.05881,46,0.8395607471466064,2211.09921,False,True
1909.05881,47,0.8393131494522095,1704.04030,True,True
1909.05881,48,0.8386117815971375,0708.0701,False,False
1909.05881,49,0.837727427482605,1411.1713,False,False
1909.05881,50,0.8377180099487305,1211.5943,False,True
1909.05881,51,0.8375145196914673,cond-mat/0606401,False,False
1909.05881,52,0.8372566103935242,2407.04957,False,False
1909.05881,53,0.836764931678772,1908.10877,False,False
1909.05881,54,0.8365855813026428,0912.0163,False,False
1909.05881,55,0.8365089893341064,1409.3491,False,True
1909.05881,56,0.8344879150390625,2511.09986,False,False
1909.05881,57,0.8343912363052368,cond-mat/9704065,False,False
1909.05881,58,0.8339210748672485,1609.04227,False,True
1909.05881,59,0.8338543176651001,1610.02313,False,True
1909.05881,60,0.8333458304405212,cond-mat/0202153,False,False
1909.05881,61,0.8333324790000916,cond-mat/0109052,False,True
1909.05881,62,0.833261251449585,cond-mat/0512623,False,False
1909.05881,63,0.8324235677719116,0808.2913,False,True
1909.05881,64,0.8322906494140625,1008.0739,False,True
1909.05881,65,0.831935465335846,cond-mat/0211095,False,False
1909.05881,66,0.8305535912513733,1809.08306,False,True
1909.05881,67,0.8304721117019653,cond-mat/0003097,False,False
1909.05881,68,0.8304499983787537,1106.5347,False,False
1909.05881,69,0.8300428986549377,1403.3324,False,False
1909.05881,70,0.8300341367721558,1101.0667,False,True
1909.05881,71,0.8294382691383362,2507.02623,False,True
1909.05881,72,0.8293138742446899,2605.10700,False,True
1909.05881,73,0.8293104767799377,1711.02084,False,False
1909.05881,74,0.8289206624031067,1212.6634,False,False
1909.05881,75,0.8285520076751709,2004.01405,False,False
1909.05881,76,0.82844477891922,2307.07795,False,True
1909.05881,77,0.8282941579818726,2605.01872,False,True
1909.05881,78,0.8281753063201904,2410.21380,False,False
1909.05881,79,0.8281458020210266,0809.0093,False,False
1909.05881,80,0.828068196773529,2402.01977,False,True
1909.05881,81,0.8279902338981628,1210.3481,False,True
1909.05881,82,0.827721118927002,2603.17635,False,False
1909.05881,83,0.8276197910308838,1604.03326,False,True
1909.05881,84,0.8274030685424805,2408.12207,False,True
1909.05881,85,0.8272448778152466,2409.08878,False,True
1909.05881,86,0.826812744140625,1806.07719,False,True
1909.05881,87,0.8265030384063721,2408.07814,False,True
1909.05881,88,0.8264340162277222,2008.05692,False,True
1909.05881,89,0.8264035582542419,1806.08334,False,False
1909.05881,90,0.8263375759124756,1005.2121,False,True
1909.05881,91,0.8260852098464966,cond-mat/9704185,False,False
1909.05881,92,0.8259174823760986,1903.11414,False,True
1909.05881,93,0.8256705403327942,2006.04592,False,False
1909.05881,94,0.8255758285522461,cond-mat/0409593,False,True
1909.05881,95,0.8254168629646301,1506.05622,False,False
1909.05881,96,0.8251752853393555,cond-mat/9610009,False,False
1909.05881,97,0.8249715566635132,1901.10823,False,True
1909.05881,98,0.824933648109436,cond-mat/0409295,False,False
1909.05881,99,0.8244280815124512,cond-mat/0702487,False,True
1909.05881,100,0.8243865370750427,2210.02754,False,False
1912.08033,1,0.8997979164123535,1209.0439,False,False
1912.08033,2,0.8890349864959717,2407.15432,False,True
1912.08033,3,0.8884265422821045,math/9906217,False,True
1912.08033,4,0.886568009853363,1602.07426,False,True
1912.08033,5,0.8865119218826294,1511.08468,False,False
1912.08033,6,0.8863637447357178,1805.05618,False,False
1912.08033,7,0.8810056447982788,math/0601580,False,True
1912.08033,8,0.878830075263977,2511.11948,False,True
1912.08033,9,0.8788012266159058,0802.1450,False,False
1912.08033,10,0.8717079162597656,1603.07489,False,True
1912.08033,11,0.8714593648910522,1408.1733,False,True
1912.08033,12,0.8713608980178833,math/9907013,False,False
1912.08033,13,0.8704043626785278,2602.14888,False,False
1912.08033,14,0.8685753345489502,math/0301240,False,True
1912.08033,15,0.868017852306366,0911.4734,False,False
1912.08033,16,0.8675419092178345,alg-geom/9712027,False,False
1912.08033,17,0.8644653558731079,math/0504576,False,False
1912.08033,18,0.8643702864646912,1403.7557,False,True
1912.08033,19,0.864188551902771,1503.05691,False,True
1912.08033,20,0.8641673922538757,1711.02170,False,True
1912.08033,21,0.8630973696708679,2105.13752,False,False
1912.08033,22,0.8628503680229187,1207.1672,False,True
1912.08033,23,0.8619850873947144,2307.16346,False,True
1912.08033,24,0.8617115020751953,1711.04797,False,True
1912.08033,25,0.8605263233184814,2410.22714,False,True
1912.08033,26,0.8602073192596436,1610.06689,False,False
1912.08033,27,0.860199511051178,1011.3648,False,False
1912.08033,28,0.8600406050682068,2403.19663,False,False
1912.08033,29,0.858424723148346,2305.01956,False,True
1912.08033,30,0.8575427532196045,math/0608247,False,True
1912.08033,31,0.8574467301368713,1904.11369,False,True
1912.08033,32,0.8562878370285034,2001.07273,False,True
1912.08033,33,0.856177568435669,1107.5603,False,False
1912.08033,34,0.8551738858222961,1708.07057,False,False
1912.08033,35,0.8550449013710022,2212.12985,False,False
1912.08033,36,0.8547655344009399,1710.05228,False,True
1912.08033,37,0.854637861251831,math/9911028,False,False
1912.08033,38,0.8543930053710938,1810.09566,False,True
1912.08033,39,0.8542211055755615,2511.04609,False,True
1912.08033,40,0.8538010120391846,2401.07281,False,False
1912.08033,41,0.8537048101425171,1211.1353,False,True
1912.08033,42,0.8534471988677979,math/0701319,False,False
1912.08033,43,0.8533431887626648,0806.0306,False,True
1912.08033,44,0.8531957268714905,1412.2827,False,True
1912.08033,45,0.8531351089477539,2202.09768,False,False
1912.08033,46,0.8524537682533264,1608.03382,False,True
1912.08033,47,0.8524497151374817,1202.3567,False,True
1912.08033,48,0.8521590828895569,2406.16514,False,False
1912.08033,49,0.8518701791763306,1512.07657,False,False
1912.08033,50,0.8512320518493652,1505.08059,False,True
1912.08033,51,0.8512179851531982,2103.07921,False,False
1912.08033,52,0.8507145047187805,2511.19921,False,True
1912.08033,53,0.8501614928245544,2105.06248,False,False
1912.08033,54,0.8500961661338806,2407.11891,False,True
1912.08033,55,0.8499027490615845,1202.5265,False,True
1912.08033,56,0.8495622873306274,0707.2976,False,True
1912.08033,57,0.8485813140869141,2509.09548,False,True
1912.08033,58,0.848054826259613,1910.02589,False,True
1912.08033,59,0.8479776978492737,math/0101050,False,True
1912.08033,60,0.8478560447692871,2411.03155,False,True
1912.08033,61,0.8474730253219604,1004.2753,False,True
1912.08033,62,0.8472269773483276,1103.2169,False,False
1912.08033,63,0.8471444845199585,2003.12357,False,True
1912.08033,64,0.8468183279037476,math/0412372,False,True
1912.08033,65,0.8465870022773743,0708.1661,False,False
1912.08033,66,0.8460538387298584,1305.0222,False,True
1912.08033,67,0.8457647562026978,2103.14773,False,True
1912.08033,68,0.8447331786155701,2306.01928,False,False
1912.08033,69,0.8447167873382568,2208.06253,False,False
1912.08033,70,0.8446637392044067,1002.2023,False,False
1912.08033,71,0.844634473323822,2303.06385,False,False
1912.08033,72,0.8444927334785461,1203.1075,False,True
1912.08033,73,0.8444375991821289,1806.10022,False,True
1912.08033,74,0.8437619209289551,1711.03196,False,True
1912.08033,75,0.8436219692230225,1208.6220,False,True
1912.08033,76,0.8435595631599426,alg-geom/9301002,False,False
1912.08033,77,0.8434224724769592,1707.00232,False,False
1912.08033,78,0.8432783484458923,2501.02382,False,True
1912.08033,79,0.8427239656448364,1911.07739,False,False
1912.08033,80,0.8426079750061035,1510.06377,False,False
1912.08033,81,0.8425240516662598,2109.07457,False,True
1912.08033,82,0.8424568176269531,1901.08897,False,False
1912.08033,83,0.8420809507369995,1905.10973,False,False
1912.08033,84,0.841890811920166,2409.03985,False,False
1912.08033,85,0.8414364457130432,2312.07307,False,True
1912.08033,86,0.8413002490997314,2004.05042,False,False
1912.08033,87,0.841027021408081,1401.3935,False,False
1912.08033,88,0.8410124778747559,1509.02871,False,False
1912.08033,89,0.8408030867576599,2510.07323,False,True
1912.08033,90,0.8407192230224609,0708.2046,False,True
1912.08033,91,0.8405426740646362,1902.02743,False,False
1912.08033,92,0.8405306935310364,2004.07025,False,False
1912.08033,93,0.8401665091514587,1612.02730,False,False
1912.08033,94,0.840147852897644,2306.11080,False,True
1912.08033,95,0.8398898839950562,2409.02024,False,True
1912.08033,96,0.8398048877716064,2106.10440,False,False
1912.08033,97,0.8397876024246216,1707.08558,False,False
1912.08033,98,0.8397007584571838,2307.03350,False,True
1912.08033,99,0.8394856452941895,1208.4342,False,False
1912.08033,100,0.8392755389213562,math/0405052,False,False
2002.12172,1,0.8553801774978638,0804.4189,False,False
2002.12172,2,0.8497082591056824,0911.1641,False,False
2002.12172,3,0.8416295051574707,2505.18155,False,False
2002.12172,4,0.8339957594871521,1809.05677,False,False
2002.12172,5,0.8325147032737732,1306.5303,False,False
2002.12172,6,0.8313207030296326,1802.10416,False,True
2002.12172,7,0.8279489874839783,1109.4158,False,False
2002.12172,8,0.8279215693473816,1308.3645,False,True
2002.12172,9,0.8274481296539307,1902.04829,False,False
2002.12172,10,0.8268471956253052,2310.07308,False,True
2002.12172,11,0.8255910873413086,2504.04306,False,False
2002.12172,12,0.8249830007553101,2603.06433,False,False
2002.12172,13,0.8236813545227051,1805.05449,False,False
2002.12172,14,0.8235379457473755,1812.05460,False,True
2002.12172,15,0.8223955035209656,astro-ph/0702626,False,False
2002.12172,16,0.821323812007904,1103.3299,False,True
2002.12172,17,0.8205122947692871,2010.06074,False,True
2002.12172,18,0.8201155662536621,1811.06970,False,True
2002.12172,19,0.8197049498558044,2401.01157,False,True
2002.12172,20,0.8187705874443054,2102.11988,False,False
2002.12172,21,0.8174352049827576,1810.07726,False,True
2002.12172,22,0.8173917531967163,1110.6245,False,True
2002.12172,23,0.8168882727622986,1610.01584,False,False
2002.12172,24,0.8164359331130981,0909.2722,False,True
2002.12172,25,0.8163402676582336,2409.12628,False,False
2002.12172,26,0.8151540756225586,astro-ph/0501143,False,False
2002.12172,27,0.8150206804275513,1108.1991,False,True
2002.12172,28,0.8149517178535461,1502.01258,False,False
2002.12172,29,0.8148881793022156,2207.10310,False,True
2002.12172,30,0.8147962093353271,1105.3221,False,False
2002.12172,31,0.8146650195121765,physics/0508211,False,True
2002.12172,32,0.8145676851272583,1904.03457,False,True
2002.12172,33,0.813697874546051,2108.00075,False,True
2002.12172,34,0.8133201599121094,2510.05389,False,True
2002.12172,35,0.8130555152893066,2309.16222,False,True
2002.12172,36,0.8130018711090088,2108.11614,False,False
2002.12172,37,0.8126829266548157,1712.10049,False,True
2002.12172,38,0.8126072883605957,astro-ph/0208293,False,False
2002.12172,39,0.8110893368721008,1505.06016,False,False
2002.12172,40,0.8110759854316711,1811.11877,False,True
2002.12172,41,0.8109610080718994,1411.4707,False,True
2002.12172,42,0.8108901381492615,2510.13141,False,True
2002.12172,43,0.8104737997055054,2303.01097,False,True
2002.12172,44,0.8098887801170349,2403.12735,False,False
2002.12172,45,0.8097361326217651,2312.09600,False,True
2002.12172,46,0.809381902217865,2211.05264,False,False
2002.12172,47,0.8080541491508484,0902.0581,False,False
2002.12172,48,0.807375967502594,2306.01932,False,False
2002.12172,49,0.8070748448371887,1302.5745,True,False
2002.12172,50,0.8068519234657288,2008.05322,False,False
2002.12172,51,0.806816577911377,1802.05955,False,False
2002.12172,52,0.8066108226776123,2305.16805,False,False
2002.12172,53,0.806449294090271,astro-ph/0212155,False,False
2002.12172,54,0.806223452091217,1506.04561,False,True
2002.12172,55,0.8060615062713623,nucl-th/0107001,True,False
2002.12172,56,0.8054683804512024,2504.12686,False,False
2002.12172,57,0.8054518699645996,2210.05752,False,False
2002.12172,58,0.8053887486457825,astro-ph/0611143,False,False
2002.12172,59,0.8053447008132935,hep-ph/9809463,False,False
2002.12172,60,0.8049509525299072,1210.1417,False,False
2002.12172,61,0.8048244714736938,2109.04895,False,False
2002.12172,62,0.8046655654907227,1908.07850,False,True
2002.12172,63,0.8041439056396484,2111.07440,False,True
2002.12172,64,0.8041090965270996,chao-dyn/9912027,False,False
2002.12172,65,0.8038420677185059,2501.06477,False,False
2002.12172,66,0.8037948608398438,2306.07143,False,True
2002.12172,67,0.8036340475082397,2312.02634,False,False
2002.12172,68,0.8035866022109985,2409.08452,False,True
2002.12172,69,0.80245041847229,1802.07356,False,False
2002.12172,70,0.802354097366333,2403.06706,False,False
2002.12172,71,0.8021178841590881,1301.7096,False,True
2002.12172,72,0.8020738959312439,1911.01501,False,False
2002.12172,73,0.8020414710044861,2509.16401,False,False
2002.12172,74,0.8011467456817627,astro-ph/0601480,False,False
2002.12172,75,0.8007248044013977,1312.3691,False,False
2002.12172,76,0.8005553483963013,physics/0405034,False,True
2002.12172,77,0.8004303574562073,1308.5099,False,True
2002.12172,78,0.8003174662590027,astro-ph/0502331,False,False
2002.12172,79,0.800098717212677,2512.12516,False,True
2002.12172,80,0.7999802827835083,2302.07945,False,False
2002.12172,81,0.7999060750007629,1209.2302,False,True
2002.12172,82,0.7994568943977356,1812.09174,False,True
2002.12172,83,0.7994182109832764,2302.01844,False,True
2002.12172,84,0.7993301749229431,1812.06699,False,False
2002.12172,85,0.7992914319038391,2405.00499,False,False
2002.12172,86,0.7992300987243652,1704.02975,False,False
2002.12172,87,0.7984367609024048,1702.08468,False,True
2002.12172,88,0.7982959747314453,2411.06769,False,False
2002.12172,89,0.7981737852096558,1712.09825,False,True
2002.12172,90,0.7981237769126892,astro-ph/0109223,False,False
2002.12172,91,0.7980508804321289,2008.13219,False,False
2002.12172,92,0.7980000376701355,chao-dyn/9901021,False,False
2002.12172,93,0.7979258894920349,astro-ph/0610810,False,False
2002.12172,94,0.7977831363677979,nlin/0409022,False,False
2002.12172,95,0.7977623343467712,2209.10749,False,True
2002.12172,96,0.7977239489555359,2508.14362,False,False
2002.12172,97,0.7975485324859619,1207.4728,False,True
2002.12172,98,0.7973930835723877,1211.5932,False,False
2002.12172,99,0.7971760034561157,1703.01238,False,False
2002.12172,100,0.7970222234725952,cond-mat/9705230,False,False
2003.06358,1,0.7801180481910706,cond-mat/0702595,False,False
2003.06358,2,0.7759690880775452,1406.7635,True,False
2003.06358,3,0.7748792171478271,2404.02436,False,False
2003.06358,4,0.7725317478179932,2512.00921,False,False
2003.06358,5,0.7716678380966187,2409.10355,False,False
2003.06358,6,0.7707889676094055,1410.6121,False,True
2003.06358,7,0.7704123258590698,1908.02305,False,False
2003.06358,8,0.7699928283691406,2003.01029,False,True
2003.06358,9,0.7697715163230896,2305.07679,False,False
2003.06358,10,0.769748330116272,1508.04150,False,False
2003.06358,11,0.7697266340255737,2106.10325,False,True
2003.06358,12,0.7691323161125183,2111.15352,False,False
2003.06358,13,0.767296314239502,2512.19732,False,False
2003.06358,14,0.7668725252151489,1110.3624,False,False
2003.06358,15,0.7663196921348572,cond-mat/0307084,False,True
2003.06358,16,0.7643858790397644,1305.4144,False,False
2003.06358,17,0.7639662027359009,2411.19701,False,False
2003.06358,18,0.7634240388870239,2107.09159,False,False
2003.06358,19,0.7632997035980225,1211.1324,False,True
2003.06358,20,0.7629801034927368,2211.16627,False,False
2003.06358,21,0.7628890872001648,0801.4520,False,False
2003.06358,22,0.7626526355743408,2004.03144,False,True
2003.06358,23,0.7621744275093079,0710.2052,False,False
2003.06358,24,0.7612890601158142,2512.08471,False,False
2003.06358,25,0.761107325553894,2005.13227,False,False
2003.06358,26,0.760822594165802,2509.19479,False,False
2003.06358,27,0.7600845694541931,cond-mat/9901207,True,True
2003.06358,28,0.7595857977867126,math/0503419,False,False
2003.06358,29,0.7591625452041626,2102.00960,False,False
2003.06358,30,0.7589876651763916,0911.2813,False,False
2003.06358,31,0.7588028907775879,1905.05912,False,False
2003.06358,32,0.7585557103157043,2104.06760,False,True
2003.06358,33,0.7583231329917908,2112.11946,False,False
2003.06358,34,0.7578430771827698,2403.09403,False,False
2003.06358,35,0.7572425007820129,1401.0749,False,False
2003.06358,36,0.7568798661231995,1712.02312,False,False
2003.06358,37,0.7568157315254211,1902.10641,False,False
2003.06358,38,0.7567814588546753,2206.14270,False,False
2003.06358,39,0.755281925201416,2212.06237,False,False
2003.06358,40,0.7548781037330627,2602.17712,False,False
2003.06358,41,0.7544305920600891,cond-mat/0412347,False,False
2003.06358,42,0.7539704442024231,2201.03458,False,False
2003.06358,43,0.7537795305252075,2409.19803,False,False
2003.06358,44,0.7537413239479065,2502.10470,False,False
2003.06358,45,0.7537263631820679,1309.3043,False,False
2003.06358,46,0.7532314658164978,1102.5250,False,False
2003.06358,47,0.7531112432479858,2512.12626,False,False
2003.06358,48,0.7530215382575989,2410.10484,False,False
2003.06358,49,0.7529119253158569,2008.03067,False,False
2003.06358,50,0.7528859972953796,2108.09887,False,False
2003.06358,51,0.7527700662612915,cond-mat/0303572,False,False
2003.06358,52,0.7526658773422241,2304.06822,False,False
2003.06358,53,0.7525776028633118,2201.01201,False,False
2003.06358,54,0.7525339126586914,1811.09592,False,False
2003.06358,55,0.7524290084838867,2405.08531,False,False
2003.06358,56,0.7519421577453613,2504.21130,False,False
2003.06358,57,0.7516943216323853,cs/0101018,False,False
2003.06358,58,0.7514874935150146,0709.3231,False,False
2003.06358,59,0.7512298226356506,0804.3039,False,False
2003.06358,60,0.7511903047561646,2410.19438,False,False
2003.06358,61,0.7511600255966187,hep-ph/0307284,False,False
2003.06358,62,0.7510219812393188,2501.09282,False,False
2003.06358,63,0.7508927583694458,1302.2419,False,False
2003.06358,64,0.7508895993232727,1902.09007,False,False
2003.06358,65,0.7507486939430237,1212.2526,False,False
2003.06358,66,0.7507467865943909,0801.3332,False,False
2003.06358,67,0.7505009770393372,cond-mat/0509146,False,True
2003.06358,68,0.7502710819244385,2406.17007,False,False
2003.06358,69,0.7502551674842834,2103.03653,False,False
2003.06358,70,0.75016850233078,2008.01275,False,False
2003.06358,71,0.7499844431877136,1407.1008,False,False
2003.06358,72,0.7495977878570557,1911.05826,False,False
2003.06358,73,0.7495445609092712,math-ph/0505008,False,False
2003.06358,74,0.7493796944618225,hep-ph/0104138,False,False
2003.06358,75,0.7493589520454407,math/9403215,False,False
2003.06358,76,0.7493430376052856,1902.06836,True,False
2003.06358,77,0.7493289113044739,1911.03797,False,False
2003.06358,78,0.749065101146698,1407.4127,False,False
2003.06358,79,0.7489300966262817,1203.5536,True,False
2003.06358,80,0.7487296462059021,math-ph/0305026,False,False
2003.06358,81,0.7484368681907654,2409.17797,False,False
2003.06358,82,0.7480804324150085,2603.14155,False,False
2003.06358,83,0.7480592131614685,1104.5538,False,False
2003.06358,84,0.747974693775177,2010.00115,False,False
2003.06358,85,0.7479190230369568,1404.4807,False,False
2003.06358,86,0.7477617263793945,2412.05079,False,False
2003.06358,87,0.7476826906204224,2405.05961,False,False
2003.06358,88,0.7476096153259277,1712.06119,False,False
2003.06358,89,0.7475669384002686,1605.05874,False,True
2003.06358,90,0.7474042177200317,1111.1895,False,True
2003.06358,91,0.7473934292793274,1612.02488,False,False
2003.06358,92,0.7472786903381348,1604.06774,False,False
2003.06358,93,0.747215986251831,1611.08627,False,False
2003.06358,94,0.7471123337745667,0711.3846,False,False
2003.06358,95,0.7468976378440857,2206.05793,False,False
2003.06358,96,0.7466378808021545,1505.02946,False,True
2003.06358,97,0.7465370893478394,2509.00032,False,False
2003.06358,98,0.7461760640144348,2602.16636,False,False
2003.06358,99,0.7461733222007751,1610.09805,False,False
2003.06358,100,0.7458819150924683,2104.15044,False,False
2007.13334,1,0.9105985164642334,hep-th/9402027,False,True
2007.13334,2,0.8839429616928101,math/0006114,False,True
2007.13334,3,0.8773516416549683,2204.06495,False,True
2007.13334,4,0.876579761505127,1807.04310,False,False
2007.13334,5,0.8750241994857788,2005.10241,False,True
2007.13334,6,0.8750181198120117,0808.2730,False,True
2007.13334,7,0.8703765273094177,1210.1225,False,False
2007.13334,8,0.870120108127594,hep-th/9906219,False,True
2007.13334,9,0.8684664964675903,1503.05675,False,True
2007.13334,10,0.868084728717804,1002.4771,False,False
2007.13334,11,0.8636095523834229,hep-th/0409042,False,True
2007.13334,12,0.863154411315918,hep-ph/9404205,True,False
2007.13334,13,0.8630757331848145,1904.05357,False,True
2007.13334,14,0.8629854917526245,2210.13196,False,True
2007.13334,15,0.8616219758987427,2412.05350,False,False
2007.13334,16,0.8605140447616577,1309.6037,False,True
2007.13334,17,0.8604177236557007,math-ph/0503029,False,False
2007.13334,18,0.8601899147033691,hep-th/0007023,False,True
2007.13334,19,0.8601716756820679,hep-th/0104158,False,True
2007.13334,20,0.8595114946365356,0807.0289,False,False
2007.13334,21,0.8592746257781982,2511.11342,False,False
2007.13334,22,0.8591816425323486,0907.1999,False,True
2007.13334,23,0.8588321805000305,2302.01958,True,True
2007.13334,24,0.8587813377380371,0804.3969,False,False
2007.13334,25,0.8583083748817444,hep-th/9709105,False,True
2007.13334,26,0.8580285310745239,math/0110081,False,False
2007.13334,27,0.8575054407119751,2312.07308,False,True
2007.13334,28,0.8574295043945312,1409.1799,False,True
2007.13334,29,0.8572055697441101,1510.08218,False,False
2007.13334,30,0.8569615483283997,0907.3946,False,True
2007.13334,31,0.8565549850463867,hep-lat/9302004,False,False
2007.13334,32,0.856392502784729,quant-ph/0310158,False,False
2007.13334,33,0.856350302696228,2512.24833,False,True
2007.13334,34,0.8560612201690674,math/0511452,False,False
2007.13334,35,0.8556383848190308,1904.08453,False,True
2007.13334,36,0.8551541566848755,1201.5743,False,True
2007.13334,37,0.8549082279205322,0908.2568,False,True
2007.13334,38,0.8544895648956299,2405.05863,False,False
2007.13334,39,0.8542229533195496,hep-th/9712256,False,True
2007.13334,40,0.8539746999740601,hep-th/9901139,False,True
2007.13334,41,0.8539254069328308,hep-th/9906017,False,True
2007.13334,42,0.8533779382705688,hep-th/0301015,False,True
2007.13334,43,0.8531734943389893,2004.12662,False,False
2007.13334,44,0.8528232574462891,hep-th/0511065,True,True
2007.13334,45,0.8527981638908386,1607.05458,False,True
2007.13334,46,0.8525599837303162,hep-ph/9308212,True,True
2007.13334,47,0.8525351285934448,hep-th/9304089,False,True
2007.13334,48,0.8522186875343323,hep-th/0308162,False,True
2007.13334,49,0.8516874313354492,2405.09325,False,True
2007.13334,50,0.8515845537185669,hep-th/0110151,False,True
2007.13334,51,0.851210355758667,physics/0005084,False,True
2007.13334,52,0.8510959148406982,2406.06698,False,True
2007.13334,53,0.8509708046913147,hep-th/0607239,False,True
2007.13334,54,0.8509145975112915,gr-qc/9408028,False,True
2007.13334,55,0.8506821393966675,hep-th/0404200,False,True
2007.13334,56,0.8503924012184143,2511.22672,False,True
2007.13334,57,0.8502417802810669,1802.01036,False,True
2007.13334,58,0.8502374291419983,2308.00747,False,True
2007.13334,59,0.8501545190811157,hep-th/9809013,False,True
2007.13334,60,0.8499811887741089,2512.03163,False,True
2007.13334,61,0.8498089909553528,1001.2254,False,True
2007.13334,62,0.8491687774658203,1802.10537,False,True
2007.13334,63,0.8489868640899658,2507.01777,False,True
2007.13334,64,0.8489842414855957,2102.09371,False,False
2007.13334,65,0.848949134349823,2604.19282,False,False
2007.13334,66,0.8489381670951843,1901.02076,False,True
2007.13334,67,0.8486689329147339,2112.08403,False,True
2007.13334,68,0.848389208316803,0908.0307,False,True
2007.13334,69,0.848336935043335,1512.03353,False,True
2007.13334,70,0.848334550857544,0709.2359,False,False
2007.13334,71,0.8482145667076111,math-ph/0012035,False,True
2007.13334,72,0.8481630682945251,1605.08192,False,False
2007.13334,73,0.8480880260467529,1105.0194,False,True
2007.13334,74,0.8478467464447021,hep-th/9710246,False,True
2007.13334,75,0.8471813201904297,hep-th/0309214,False,True
2007.13334,76,0.8471595048904419,1604.06257,False,True
2007.13334,77,0.8470378518104553,2412.01647,False,True
2007.13334,78,0.8469464778900146,1501.04371,False,True
2007.13334,79,0.8466911911964417,1202.6667,False,True
2007.13334,80,0.8461768627166748,2204.02991,False,True
2007.13334,81,0.8460123538970947,2005.10841,False,True
2007.13334,82,0.845950722694397,2011.09976,False,False
2007.13334,83,0.845922589302063,1503.02449,False,False
2007.13334,84,0.8457118272781372,hep-th/0002163,False,True
2007.13334,85,0.8457010388374329,2008.02713,False,True
2007.13334,86,0.8456740379333496,quant-ph/0312158,False,False
2007.13334,87,0.8454788327217102,2512.21687,False,True
2007.13334,88,0.8454148769378662,hep-th/9408075,False,True
2007.13334,89,0.8451429009437561,2311.00699,False,True
2007.13334,90,0.8448907732963562,1704.07831,False,True
2007.13334,91,0.844834566116333,hep-th/0505245,False,True
2007.13334,92,0.8447831869125366,2312.16317,False,True
2007.13334,93,0.8445833921432495,1708.07192,False,True
2007.13334,94,0.8445802927017212,1311.1643,False,True
2007.13334,95,0.8445293307304382,hep-th/0411159,False,True
2007.13334,96,0.8442617058753967,2307.03384,False,False
2007.13334,97,0.8442592620849609,1909.11991,False,True
2007.13334,98,0.8441309928894043,1105.3315,False,False
2007.13334,99,0.8438909649848938,1709.09993,False,True
2007.13334,100,0.8437618017196655,2301.06664,False,False
2109.03095,1,0.8883377313613892,0909.5449,False,False
2109.03095,2,0.8871985673904419,0903.0303,False,False
2109.03095,3,0.8784737586975098,0710.4167,True,False
2109.03095,4,0.8782960772514343,2204.13682,False,False
2109.03095,5,0.8770115971565247,1710.06955,False,False
2109.03095,6,0.8687341213226318,2211.12218,False,False
2109.03095,7,0.8679932951927185,1611.06584,False,True
2109.03095,8,0.8675060868263245,0903.1752,False,True
2109.03095,9,0.865986168384552,2305.03116,False,False
2109.03095,10,0.8646433353424072,1501.03267,False,True
2109.03095,11,0.8636817336082458,2011.12717,False,False
2109.03095,12,0.8633993268013,2407.04045,False,True
2109.03095,13,0.863172709941864,1708.00724,False,True
2109.03095,14,0.8631553053855896,1103.3757,False,True
2109.03095,15,0.8621934652328491,2110.03436,False,True
2109.03095,16,0.8615531325340271,2308.01820,False,True
2109.03095,17,0.8607323169708252,1507.08773,False,False
2109.03095,18,0.8600343465805054,2304.14792,False,False
2109.03095,19,0.859492301940918,1011.6605,False,True
2109.03095,20,0.8594818711280823,1212.3842,False,False
2109.03095,21,0.8587979674339294,2110.10058,False,True
2109.03095,22,0.8587431907653809,2101.07185,False,False
2109.03095,23,0.8582232594490051,1411.6073,False,False
2109.03095,24,0.8572245836257935,1112.0676,False,False
2109.03095,25,0.8571667671203613,2509.17687,False,False
2109.03095,26,0.8568124175071716,1410.4851,False,True
2109.03095,27,0.8562653660774231,2308.16815,False,False
2109.03095,28,0.8554593324661255,1312.1396,False,False
2109.03095,29,0.8539226055145264,1612.03028,False,False
2109.03095,30,0.8538035750389099,2005.05745,False,True
2109.03095,31,0.8533582091331482,1110.6602,False,False
2109.03095,32,0.8532196879386902,2304.13885,False,True
2109.03095,33,0.8529303073883057,2008.09278,False,True
2109.03095,34,0.8526220321655273,1202.2226,False,True
2109.03095,35,0.8524904847145081,1503.05535,False,False
2109.03095,36,0.8522975444793701,2004.09782,False,True
2109.03095,37,0.8507760763168335,funct-an/9702013,False,True
2109.03095,38,0.8507621884346008,1801.08593,False,False
2109.03095,39,0.8507586717605591,1203.6002,False,False
2109.03095,40,0.8497218489646912,math/9212206,False,True
2109.03095,41,0.8496361970901489,1010.4922,False,True
2109.03095,42,0.8495831489562988,quant-ph/0009072,False,False
2109.03095,43,0.849552571773529,1306.3826,False,False
2109.03095,44,0.8493776917457581,2410.09182,False,False
2109.03095,45,0.8493724465370178,1602.02329,False,False
2109.03095,46,0.848819375038147,1707.07039,False,False
2109.03095,47,0.8487459421157837,1305.1860,False,False
2109.03095,48,0.848487377166748,1806.01549,False,False
2109.03095,49,0.8483415842056274,2106.16217,False,True
2109.03095,50,0.8483087420463562,2005.04329,False,True
2109.03095,51,0.8483068943023682,2410.16318,False,True
2109.03095,52,0.8482040166854858,math/0306074,False,True
2109.03095,53,0.8480027318000793,1606.02158,False,False
2109.03095,54,0.8478139042854309,2309.01695,False,False
2109.03095,55,0.8469674587249756,2106.11835,False,True
2109.03095,56,0.8467395305633545,1904.10531,False,True
2109.03095,57,0.8466356992721558,1808.08516,False,False
2109.03095,58,0.8464314937591553,0812.0495,False,False
2109.03095,59,0.8463993668556213,1707.08181,False,False
2109.03095,60,0.8463651537895203,2007.13873,False,True
2109.03095,61,0.8459288477897644,2304.00621,False,True
2109.03095,62,0.8454969525337219,2305.02683,False,False
2109.03095,63,0.8453667163848877,1412.4157,False,False
2109.03095,64,0.8452253937721252,2104.03497,False,False
2109.03095,65,0.8451731204986572,2601.19596,False,True
2109.03095,66,0.8450391292572021,1909.10689,False,True
2109.03095,67,0.8445913195610046,1507.02803,False,False
2109.03095,68,0.8445514440536499,2403.17821,False,False
2109.03095,69,0.8444621562957764,1611.02786,True,False
2109.03095,70,0.8443955183029175,1711.03786,False,False
2109.03095,71,0.8443243503570557,2404.17536,False,False
2109.03095,72,0.8443142175674438,2411.11181,False,False
2109.03095,73,0.844240128993988,math/0604128,False,True
2109.03095,74,0.8441740274429321,1907.05679,False,False
2109.03095,75,0.8440824151039124,math/0402392,False,False
2109.03095,76,0.8437231779098511,2405.05684,False,False
2109.03095,77,0.8436618447303772,1512.01466,False,False
2109.03095,78,0.8433017134666443,1210.5042,False,False
2109.03095,79,0.842826247215271,1605.01799,False,False
2109.03095,80,0.8426642417907715,2508.18644,False,False
2109.03095,81,0.8426194787025452,1304.1053,False,False
2109.03095,82,0.8424736261367798,0704.0359,False,False
2109.03095,83,0.8421735763549805,2008.05167,False,False
2109.03095,84,0.8417984843254089,2003.12157,False,False
2109.03095,85,0.8417352437973022,2206.12024,False,True
2109.03095,86,0.8416111469268799,1508.07353,False,True
2109.03095,87,0.8414623737335205,1004.0581,False,True
2109.03095,88,0.8414562940597534,1210.5190,False,False
2109.03095,89,0.8414533138275146,2305.18849,False,False
2109.03095,90,0.8412590026855469,2203.15938,False,True
2109.03095,91,0.8408864736557007,math/9909110,False,True
2109.03095,92,0.8406796455383301,1308.5340,False,False
2109.03095,93,0.8406327962875366,1011.3615,False,False
2109.03095,94,0.8406211137771606,1207.5183,False,False
2109.03095,95,0.8400275707244873,2309.16762,False,True
2109.03095,96,0.8398261070251465,0910.2026,False,True
2109.03095,97,0.8393796682357788,2604.02747,False,False
2109.03095,98,0.839284360408783,2408.00007,False,False
2109.03095,99,0.839049220085144,2507.19355,False,False
2109.03095,100,0.8390137553215027,1607.07802,False,False
2201.07330,1,0.8586735129356384,physics/0205049,False,True
2201.07330,2,0.8542418479919434,1903.04661,False,True
2201.07330,3,0.8353410363197327,1509.03967,False,True
2201.07330,4,0.8253515362739563,2507.02603,False,True
2201.07330,5,0.8204615116119385,2412.18308,False,True
2201.07330,6,0.8108745813369751,2401.12760,False,False
2201.07330,7,0.805375337600708,1606.07220,False,False
2201.07330,8,0.8017638325691223,1810.11168,False,True
2201.07330,9,0.80168616771698,1501.01236,True,True
2201.07330,10,0.7957249879837036,2112.02245,False,False
2201.07330,11,0.795688271522522,2601.15456,False,False
2201.07330,12,0.7910445332527161,2112.13025,False,False
2201.07330,13,0.7909708619117737,1508.03279,False,False
2201.07330,14,0.7893068790435791,1807.03255,False,True
2201.07330,15,0.7886601686477661,1602.00331,False,True
2201.07330,16,0.7876488566398621,2002.10794,False,False
2201.07330,17,0.7870897054672241,2008.07540,False,True
2201.07330,18,0.7852328419685364,2305.09603,False,True
2201.07330,19,0.7852146625518799,physics/0505097,True,False
2201.07330,20,0.7848837971687317,2404.13210,False,True
2201.07330,21,0.7831187844276428,1812.00973,False,True
2201.07330,22,0.782661497592926,1511.00443,False,True
2201.07330,23,0.7825722694396973,1002.1534,False,False
2201.07330,24,0.778023898601532,1506.02853,False,False
2201.07330,25,0.7746129035949707,2412.11821,False,False
2201.07330,26,0.774511456489563,1304.3413,True,False
2201.07330,27,0.7735521197319031,1208.4345,False,False
2201.07330,28,0.7732810974121094,1909.06612,False,True
2201.07330,29,0.773241400718689,2103.10628,False,False
2201.07330,30,0.772864043712616,1805.12399,False,True
2201.07330,31,0.7721300721168518,0805.2937,False,True
2201.07330,32,0.771882951259613,0806.0270,True,False
2201.07330,33,0.7718221545219421,1406.6673,False,True
2201.07330,34,0.771632194519043,2303.16395,False,True
2201.07330,35,0.7715753316879272,2103.02088,False,True
2201.07330,36,0.7715685963630676,1502.05444,False,False
2201.07330,37,0.7708870768547058,physics/0209019,False,True
2201.07330,38,0.7706742286682129,2403.14288,False,True
2201.07330,39,0.7698518633842468,quant-ph/0508154,False,False
2201.07330,40,0.7695508003234863,1209.3182,False,True
2201.07330,41,0.7681959271430969,2504.00237,False,False
2201.07330,42,0.7677468061447144,2504.10674,False,False
2201.07330,43,0.7669994235038757,1407.7607,False,False
2201.07330,44,0.7668977975845337,2304.14346,False,False
2201.07330,45,0.7666314244270325,1812.00928,False,False
2201.07330,46,0.7658520936965942,1909.04399,False,False
2201.07330,47,0.7650356292724609,1702.03240,False,False
2201.07330,48,0.7649707794189453,2602.09408,False,False
2201.07330,49,0.7638353705406189,1304.6940,False,True
2201.07330,50,0.7635693550109863,2005.12008,False,True
2201.07330,51,0.7632279992103577,2007.02866,False,False
2201.07330,52,0.7626583576202393,0806.3901,False,False
2201.07330,53,0.7626112103462219,quant-ph/0307101,False,False
2201.07330,54,0.7625154852867126,1605.08769,False,False
2201.07330,55,0.7621972560882568,1808.08043,False,True
2201.07330,56,0.7612022757530212,1710.02872,False,False
2201.07330,57,0.7606571912765503,2507.03791,False,False
2201.07330,58,0.7604057788848877,2401.16523,False,False
2201.07330,59,0.7598137259483337,1704.01990,False,False
2201.07330,60,0.7597852945327759,0704.1974,False,True
2201.07330,61,0.7592929005622864,1906.01945,False,False
2201.07330,62,0.7591356039047241,2207.04670,False,False
2201.07330,63,0.7589535117149353,2307.06761,False,False
2201.07330,64,0.7588575482368469,2511.16220,False,True
2201.07330,65,0.7585573792457581,2205.12866,False,False
2201.07330,66,0.7585118412971497,2005.05018,False,True
2201.07330,67,0.7575165033340454,1505.03649,False,False
2201.07330,68,0.7572746872901917,2306.09531,False,False
2201.07330,69,0.7571592330932617,2411.11243,False,False
2201.07330,70,0.7571017146110535,2603.12984,False,False
2201.07330,71,0.7566890716552734,1007.2677,False,False
2201.07330,72,0.7560626268386841,2001.10976,False,True
2201.07330,73,0.7557339668273926,2507.16760,False,True
2201.07330,74,0.7554465532302856,2502.12703,False,True
2201.07330,75,0.7552627325057983,2409.15598,False,True
2201.07330,76,0.7549837827682495,1601.01119,False,True
2201.07330,77,0.7544212341308594,1506.00720,False,False
2201.07330,78,0.75441575050354,2006.06239,False,True
2201.07330,79,0.7543751001358032,1203.2135,False,False
2201.07330,80,0.7542982697486877,2407.17916,False,False
2201.07330,81,0.7537479400634766,2510.01557,False,False
2201.07330,82,0.7535115480422974,1407.3138,False,True
2201.07330,83,0.7534517049789429,0810.0179,False,True
2201.07330,84,0.7531046867370605,1610.02104,False,False
2201.07330,85,0.7528901696205139,1108.5559,False,False
2201.07330,86,0.7527702450752258,2011.07623,False,False
2201.07330,87,0.7526371479034424,2603.24789,False,True
2201.07330,88,0.7526232004165649,1302.0047,False,False
2201.07330,89,0.7515342235565186,1102.5250,False,False
2201.07330,90,0.7514528632164001,1206.3107,False,False
2201.07330,91,0.7513417601585388,1612.04178,False,True
2201.07330,92,0.7512198686599731,1403.0195,False,True
2201.07330,93,0.751070499420166,0802.3005,False,False
2201.07330,94,0.7501377463340759,2212.04588,False,False
2201.07330,95,0.7499839067459106,1811.06945,False,False
2201.07330,96,0.7499651908874512,2101.01988,False,True
2201.07330,97,0.7499260306358337,2008.01280,False,False
2201.07330,98,0.7496227622032166,2309.14026,False,True
2201.07330,99,0.7495225071907043,1710.02489,False,True
2201.07330,100,0.7494611144065857,1705.10643,False,False
2208.08634,1,0.938530445098877,1108.4311,False,True
2208.08634,2,0.9209554195404053,1507.07885,False,True
2208.08634,3,0.8978091478347778,cond-mat/0405287,False,True
2208.08634,4,0.8963087201118469,cond-mat/9902077,False,True
2208.08634,5,0.896176278591156,1505.07728,False,True
2208.08634,6,0.8922609686851501,0908.1088,False,True
2208.08634,7,0.8921974301338196,0711.4865,False,True
2208.08634,8,0.8903116583824158,cond-mat/0506515,False,True
2208.08634,9,0.8889470100402832,1903.04699,False,True
2208.08634,10,0.8886617422103882,0803.3052,False,True
2208.08634,11,0.888019859790802,cond-mat/0109230,False,True
2208.08634,12,0.8866240382194519,cond-mat/0411217,False,True
2208.08634,13,0.8831108808517456,cond-mat/0101352,False,False
2208.08634,14,0.8830471634864807,0804.2403,True,True
2208.08634,15,0.8825341463088989,cond-mat/0609479,False,True
2208.08634,16,0.8822560906410217,cond-mat/0303243,False,True
2208.08634,17,0.881308913230896,1205.5518,False,True
2208.08634,18,0.88127601146698,1506.08104,False,True
2208.08634,19,0.8810997009277344,1907.04204,True,True
2208.08634,20,0.8774747848510742,cond-mat/9806233,False,True
2208.08634,21,0.8770619034767151,1711.11540,False,True
2208.08634,22,0.876288890838623,cond-mat/0607171,False,True
2208.08634,23,0.8755146265029907,cond-mat/9604057,False,False
2208.08634,24,0.8752689957618713,1012.5461,False,True
2208.08634,25,0.8752262592315674,2603.05123,False,True
2208.08634,26,0.8747774362564087,1912.01509,False,True
2208.08634,27,0.8747227787971497,1409.1537,False,True
2208.08634,28,0.8744089603424072,cond-mat/0410068,False,True
2208.08634,29,0.8743329644203186,2112.04557,True,True
2208.08634,30,0.8742203116416931,1005.0601,False,True
2208.08634,31,0.8740378618240356,1110.5735,False,False
2208.08634,32,0.873700737953186,2408.04151,False,True
2208.08634,33,0.8736245036125183,cond-mat/0210182,False,True
2208.08634,34,0.8736031651496887,2312.01439,False,True
2208.08634,35,0.8735464811325073,1202.2959,False,True
2208.08634,36,0.8728809356689453,cond-mat/0609250,False,True
2208.08634,37,0.8721573352813721,cond-mat/9702209,False,True
2208.08634,38,0.8706320524215698,1107.5503,False,True
2208.08634,39,0.8701042532920837,0912.3334,False,True
2208.08634,40,0.8695985674858093,1502.02273,False,True
2208.08634,41,0.8694145083427429,1902.00122,False,True
2208.08634,42,0.8682543635368347,cond-mat/9703107,False,True
2208.08634,43,0.8672921657562256,2101.10516,False,True
2208.08634,44,0.8664977550506592,cond-mat/0509414,False,True
2208.08634,45,0.8664504885673523,2002.02786,False,True
2208.08634,46,0.8664381504058838,0808.3167,False,True
2208.08634,47,0.8661614656448364,1301.4267,False,True
2208.08634,48,0.8660239577293396,1001.0218,False,False
2208.08634,49,0.865812361240387,0905.0568,False,True
2208.08634,50,0.8651526570320129,cond-mat/9707262,False,True
2208.08634,51,0.864990234375,1211.2724,False,True
2208.08634,52,0.8636966943740845,1702.02782,False,True
2208.08634,53,0.8636581897735596,cond-mat/9306051,False,False
2208.08634,54,0.863639235496521,2511.03792,False,True
2208.08634,55,0.8632780313491821,cond-mat/9801294,False,True
2208.08634,56,0.8632088899612427,cond-mat/0408685,False,True
2208.08634,57,0.8625727891921997,1111.4781,False,True
2208.08634,58,0.8622927665710449,cond-mat/9412067,False,False
2208.08634,59,0.8618418574333191,1101.3358,False,True
2208.08634,60,0.8609944581985474,2406.15597,False,True
2208.08634,61,0.8609937429428101,1401.0617,False,True
2208.08634,62,0.8593528866767883,1007.1965,False,True
2208.08634,63,0.8590991497039795,cond-mat/0210683,False,True
2208.08634,64,0.8589079976081848,cond-mat/0603544,False,True
2208.08634,65,0.8587735891342163,2207.00783,False,True
2208.08634,66,0.8587462902069092,cond-mat/9703129,False,True
2208.08634,67,0.8587238788604736,2507.19853,False,True
2208.08634,68,0.8587176203727722,cond-mat/0610676,False,True
2208.08634,69,0.8586406707763672,cond-mat/0107614,False,True
2208.08634,70,0.8580600619316101,1411.3689,False,True
2208.08634,71,0.8576866388320923,cond-mat/0510596,False,True
2208.08634,72,0.8576826453208923,1507.04762,False,True
2208.08634,73,0.8575615286827087,1002.4846,True,True
2208.08634,74,0.8569287657737732,2309.05486,False,True
2208.08634,75,0.8565702438354492,1211.6262,False,True
2208.08634,76,0.8562121987342834,cond-mat/0109089,False,True
2208.08634,77,0.855888307094574,cond-mat/9907035,False,True
2208.08634,78,0.855548620223999,1705.06075,False,True
2208.08634,79,0.855453610420227,2205.14242,False,True
2208.08634,80,0.8553208112716675,1202.6608,False,True
2208.08634,81,0.8547707796096802,2012.11288,False,True
2208.08634,82,0.8545544743537903,0903.4376,True,True
2208.08634,83,0.8543182015419006,1103.0938,True,True
2208.08634,84,0.8542009592056274,2503.04560,False,True
2208.08634,85,0.8541767597198486,2307.02950,False,True
2208.08634,86,0.8534707427024841,cond-mat/9309009,False,False
2208.08634,87,0.8533786535263062,cond-mat/9807015,False,True
2208.08634,88,0.8533111810684204,1408.4018,False,True
2208.08634,89,0.8532025814056396,2502.04231,False,True
2208.08634,90,0.8531517386436462,cond-mat/9505129,False,False
2208.08634,91,0.8530991673469543,1205.0598,False,True
2208.08634,92,0.8529577851295471,2402.18364,False,True
2208.08634,93,0.8529157638549805,0705.0928,False,True
2208.08634,94,0.8525134325027466,1807.00452,False,True
2208.08634,95,0.8523348569869995,1410.0832,False,True
2208.08634,96,0.8514679074287415,cond-mat/0311441,False,True
2208.08634,97,0.8513549566268921,cond-mat/9706240,False,True
2208.08634,98,0.8509414196014404,cond-mat/9908427,False,True
2208.08634,99,0.8507948517799377,1804.10702,False,True
2208.08634,100,0.8506551384925842,1709.05485,False,True
2212.05081,1,0.8945665955543518,1801.04971,False,False
2212.05081,2,0.893703281879425,1811.04525,False,False
2212.05081,3,0.8813672661781311,2401.02965,False,False
2212.05081,4,0.8776304721832275,2606.07994,False,False
2212.05081,5,0.8771386742591858,1809.01699,True,False
2212.05081,6,0.8765628337860107,2602.18588,False,False
2212.05081,7,0.8683562278747559,2507.17991,False,False
2212.05081,8,0.8635590672492981,1011.0810,False,False
2212.05081,9,0.8618360757827759,2601.04226,False,True
2212.05081,10,0.8537556529045105,2605.12835,False,False
2212.05081,11,0.852458119392395,2406.13045,False,False
2212.05081,12,0.8521857261657715,2201.01239,False,False
2212.05081,13,0.8502805829048157,2404.12935,False,False
2212.05081,14,0.8498627543449402,1604.00696,False,False
2212.05081,15,0.8496369123458862,cs/0611042,False,True
2212.05081,16,0.8493438363075256,2508.19070,False,False
2212.05081,17,0.8492882251739502,1305.4054,False,False
2212.05081,18,0.8487159609794617,1004.4148,False,False
2212.05081,19,0.8476535081863403,1301.4028,False,False
2212.05081,20,0.8445528745651245,1302.2419,False,False
2212.05081,21,0.8443742990493774,2110.07117,False,False
2212.05081,22,0.8439053893089294,2408.07607,False,False
2212.05081,23,0.8423219919204712,2505.06619,False,False
2212.05081,24,0.839232325553894,1708.08423,False,False
2212.05081,25,0.8383727669715881,1112.4259,False,False
2212.05081,26,0.8381303548812866,2001.02657,False,False
2212.05081,27,0.8362894654273987,1407.5378,False,False
2212.05081,28,0.8358322978019714,2601.18239,False,False
2212.05081,29,0.8347848653793335,1009.2267,True,False
2212.05081,30,0.8338725566864014,2504.19813,False,False
2212.05081,31,0.8333288431167603,1908.08702,False,False
2212.05081,32,0.8332776427268982,1301.3069,False,False
2212.05081,33,0.8324220776557922,2107.07337,False,False
2212.05081,34,0.8322550058364868,2001.09437,False,False
2212.05081,35,0.8320636749267578,cond-mat/0109324,False,False
2212.05081,36,0.8304423689842224,1511.04217,False,False
2212.05081,37,0.8302333354949951,1903.08747,False,False
2212.05081,38,0.8295313119888306,math/0702534,False,False
2212.05081,39,0.829069197177887,2204.09747,False,False
2212.05081,40,0.8278689980506897,1809.10139,False,True
2212.05081,41,0.8277816772460938,2602.10181,False,False
2212.05081,42,0.8277032375335693,2509.01014,False,False
2212.05081,43,0.826646625995636,2405.15109,False,False
2212.05081,44,0.8262362480163574,0911.4230,False,False
2212.05081,45,0.8262012600898743,1702.01327,False,False
2212.05081,46,0.82587730884552,2310.12417,False,False
2212.05081,47,0.8251482844352722,1304.6899,False,True
2212.05081,48,0.824595034122467,1411.4192,False,False
2212.05081,49,0.824276328086853,1305.6339,False,False
2212.05081,50,0.8232111930847168,2502.07960,False,False
2212.05081,51,0.8230037689208984,1206.4084,False,False
2212.05081,52,0.8224196434020996,2601.13985,False,False
2212.05081,53,0.8215070366859436,1712.06119,False,False
2212.05081,54,0.8214303255081177,2008.06411,False,False
2212.05081,55,0.8213912844657898,2510.09804,False,False
2212.05081,56,0.8204731941223145,2601.06038,False,False
2212.05081,57,0.8204507827758789,1606.01148,False,False
2212.05081,58,0.8203552961349487,quant-ph/9706043,False,False
2212.05081,59,0.8202002644538879,1903.07547,False,False
2212.05081,60,0.8201839923858643,1305.1112,False,False
2212.05081,61,0.8201689720153809,math/0411343,False,False
2212.05081,62,0.819754958152771,1210.3320,False,False
2212.05081,63,0.8194091320037842,2510.24761,False,False
2212.05081,64,0.8188047409057617,2111.15352,False,False
2212.05081,65,0.818515419960022,1506.04675,False,False
2212.05081,66,0.8176443576812744,2606.13662,False,False
2212.05081,67,0.8175868988037109,2412.14222,False,True
2212.05081,68,0.8175315260887146,2008.00774,False,False
2212.05081,69,0.8175119757652283,1609.07975,False,False
2212.05081,70,0.8167757391929626,1410.6121,False,False
2212.05081,71,0.816422700881958,2211.15649,False,False
2212.05081,72,0.8164170980453491,1802.03422,False,False
2212.05081,73,0.8163585066795349,2505.10309,False,False
2212.05081,74,0.816239595413208,2512.19835,False,False
2212.05081,75,0.8160980343818665,1504.04873,False,False
2212.05081,76,0.8160762786865234,0711.0180,False,False
2212.05081,77,0.8155503273010254,2606.11484,False,False
2212.05081,78,0.8155248165130615,2601.15170,False,False
2212.05081,79,0.8155182600021362,2312.03769,False,False
2212.05081,80,0.8153880834579468,2005.04058,False,False
2212.05081,81,0.8153267502784729,2504.10415,False,True
2212.05081,82,0.8146477341651917,2604.03244,False,False
2212.05081,83,0.8144421577453613,1112.0285,False,False
2212.05081,84,0.8143090605735779,1408.6803,False,False
2212.05081,85,0.8140257596969604,1703.02078,False,False
2212.05081,86,0.8135056495666504,2109.05697,False,True
2212.05081,87,0.813220202922821,2506.07748,False,False
2212.05081,88,0.8130783438682556,2401.04769,False,False
2212.05081,89,0.8129954934120178,2601.22771,False,True
2212.05081,90,0.8129425644874573,2308.03464,False,True
2212.05081,91,0.8126922845840454,1308.4178,False,False
2212.05081,92,0.8125988245010376,1408.5024,False,False
2212.05081,93,0.8122801184654236,1712.09124,False,False
2212.05081,94,0.8122103810310364,2308.05637,False,False
2212.05081,95,0.8119477033615112,1607.03179,False,False
2212.05081,96,0.8116887211799622,hep-ph/0307284,False,True
2212.05081,97,0.8116595149040222,1408.4908,False,False
2212.05081,98,0.8114038705825806,2010.05695,False,False
2212.05081,99,0.8114038705825806,1703.09756,False,False
2212.05081,100,0.8111987113952637,1706.05413,False,False
2302.10730,1,0.8990435600280762,2410.14980,False,True
2302.10730,2,0.8900265097618103,2107.13137,False,True
2302.10730,3,0.8770819306373596,1903.10673,False,False
2302.10730,4,0.8761033415794373,2312.05889,False,True
2302.10730,5,0.8655897378921509,2509.06793,False,True
2302.10730,6,0.8616061806678772,2509.17864,False,True
2302.10730,7,0.8613549470901489,2502.09563,False,True
2302.10730,8,0.8612591624259949,2502.11002,False,True
2302.10730,9,0.860880970954895,2606.02552,False,True
2302.10730,10,0.8577760457992554,1905.02538,False,True
2302.10730,11,0.8539890050888062,2503.07535,False,True
2302.10730,12,0.8534389734268188,2603.08133,False,True
2302.10730,13,0.8532698154449463,2209.06525,False,True
2302.10730,14,0.8510815501213074,2502.21280,False,True
2302.10730,15,0.8506039977073669,2206.03799,False,True
2302.10730,16,0.8504531979560852,2309.14744,False,True
2302.10730,17,0.850393533706665,2412.03512,False,True
2302.10730,18,0.8502900004386902,2506.03872,False,True
2302.10730,19,0.8496716022491455,1807.07473,False,True
2302.10730,20,0.8492189049720764,1904.02028,False,True
2302.10730,21,0.848261296749115,1805.00264,False,True
2302.10730,22,0.8481380343437195,2510.02691,False,True
2302.10730,23,0.8480744957923889,2008.10913,False,True
2302.10730,24,0.848017156124115,2510.06601,False,True
2302.10730,25,0.8476182222366333,2512.10935,False,True
2302.10730,26,0.8468151688575745,2207.08427,False,True
2302.10730,27,0.8456690907478333,1705.10904,False,True
2302.10730,28,0.845186710357666,2411.13026,False,True
2302.10730,29,0.8450219631195068,1903.08558,False,True
2302.10730,30,0.8449176549911499,2409.14365,False,False
2302.10730,31,0.8448320031166077,2009.07975,False,True
2302.10730,32,0.8446551561355591,1809.02966,False,True
2302.10730,33,0.8437020778656006,2205.01568,False,True
2302.10730,34,0.843380868434906,1702.01486,False,True
2302.10730,35,0.8430744409561157,2507.17594,False,True
2302.10730,36,0.8423483371734619,2205.01937,False,True
2302.10730,37,0.8414567112922668,2603.29387,False,True
2302.10730,38,0.8407646417617798,2004.02186,False,True
2302.10730,39,0.8405307531356812,2509.26008,False,True
2302.10730,40,0.8402328491210938,2106.03505,False,True
2302.10730,41,0.840006947517395,2305.00379,False,True
2302.10730,42,0.8389171361923218,2506.07740,False,True
2302.10730,43,0.8386659026145935,1906.10324,False,True
2302.10730,44,0.8375473618507385,1808.02414,False,True
2302.10730,45,0.8369647860527039,2108.07736,False,True
2302.10730,46,0.8365404605865479,2410.18511,False,True
2302.10730,47,0.8358887434005737,2307.16377,False,True
2302.10730,48,0.8357945084571838,2407.04815,False,True
2302.10730,49,0.834945797920227,1805.02996,False,True
2302.10730,50,0.8339481949806213,2305.19094,False,True
2302.10730,51,0.8338145613670349,2412.07746,False,True
2302.10730,52,0.8332861065864563,2405.17097,False,True
2302.10730,53,0.8330234885215759,2507.22480,False,True
2302.10730,54,0.8329597115516663,2207.10614,False,True
2302.10730,55,0.8328415751457214,2503.05802,False,True
2302.10730,56,0.8315485715866089,2412.08200,False,True
2302.10730,57,0.830956757068634,2401.03914,False,True
2302.10730,58,0.8305552005767822,1906.02295,False,True
2302.10730,59,0.8304229378700256,1801.03399,False,True
2302.10730,60,0.8302903175354004,1906.00270,False,True
2302.10730,61,0.8295725584030151,2404.09502,False,True
2302.10730,62,0.8292277455329895,2101.10208,False,True
2302.10730,63,0.8291258811950684,2111.11734,False,True
2302.10730,64,0.8287227153778076,2103.12498,False,True
2302.10730,65,0.8285070657730103,1704.06967,False,True
2302.10730,66,0.8284085988998413,1808.10146,False,True
2302.10730,67,0.8278035521507263,1609.09270,False,True
2302.10730,68,0.8273684978485107,2107.10990,False,True
2302.10730,69,0.8268644213676453,2309.07921,False,True
2302.10730,70,0.8266080617904663,2403.07547,False,True
2302.10730,71,0.8262643218040466,2107.08373,False,True
2302.10730,72,0.8261356949806213,2203.01645,False,True
2302.10730,73,0.8253573179244995,2404.03652,False,True
2302.10730,74,0.8251906037330627,2306.04236,False,True
2302.10730,75,0.8247641921043396,0904.4872,False,False
2302.10730,76,0.8246955275535583,1909.08112,False,True
2302.10730,77,0.8245722651481628,2007.02722,False,True
2302.10730,78,0.8242965936660767,2504.01957,False,True
2302.10730,79,0.8241150975227356,2111.02444,False,True
2302.10730,80,0.8238894939422607,2606.01367,False,True
2302.10730,81,0.8233898878097534,2405.08578,False,True
2302.10730,82,0.8232133984565735,2508.05060,False,True
2302.10730,83,0.8224154710769653,1903.00440,False,True
2302.10730,84,0.8223524689674377,1206.4326,False,True
2302.10730,85,0.8223513960838318,2603.02691,False,True
2302.10730,86,0.8222858905792236,2212.05909,False,True
2302.10730,87,0.8213950395584106,1812.11329,False,False
2302.10730,88,0.8213539719581604,2510.19581,False,True
2302.10730,89,0.8212615251541138,2410.07577,False,True
2302.10730,90,0.8210629224777222,2207.09445,False,True
2302.10730,91,0.820696234703064,2604.23953,False,True
2302.10730,92,0.8205674886703491,2012.09289,False,True
2302.10730,93,0.8204768896102905,2310.09776,False,True
2302.10730,94,0.8203176856040955,2210.05318,False,True
2302.10730,95,0.8201544880867004,2203.02156,False,True
2302.10730,96,0.8196213245391846,2006.01339,False,True
2302.10730,97,0.8195024728775024,2503.19904,False,True
2302.10730,98,0.8194437623023987,2402.07181,False,True
2302.10730,99,0.819392204284668,1910.04988,False,True
2302.10730,100,0.819388747215271,2108.13610,False,True
2304.01138,1,0.8290700912475586,2401.08921,False,True
2304.01138,2,0.8228322863578796,2512.22399,False,False
2304.01138,3,0.8209013938903809,2305.12332,False,True
2304.01138,4,0.820362389087677,2406.19084,False,True
2304.01138,5,0.8187781572341919,2107.11016,False,True
2304.01138,6,0.8185180425643921,2506.21966,False,True
2304.01138,7,0.8182445764541626,2506.16892,False,False
2304.01138,8,0.8152819871902466,2107.07283,False,False
2304.01138,9,0.8134387135505676,2305.04393,False,True
2304.01138,10,0.8098201155662537,1503.01336,False,False
2304.01138,11,0.8055860996246338,2509.12348,False,True
2304.01138,12,0.805400013923645,2507.21776,False,True
2304.01138,13,0.8045922517776489,gr-qc/0312096,False,False
2304.01138,14,0.8027324080467224,2211.13122,False,True
2304.01138,15,0.8021918535232544,2506.06525,False,True
2304.01138,16,0.8019400835037231,2308.03263,False,True
2304.01138,17,0.8002142310142517,2602.20777,False,False
2304.01138,18,0.7978575229644775,2403.00668,False,True
2304.01138,19,0.7974664568901062,2007.00881,False,True
2304.01138,20,0.7962043285369873,2305.05544,False,True
2304.01138,21,0.7952070832252502,1105.6333,False,False
2304.01138,22,0.7946854829788208,2502.16296,False,True
2304.01138,23,0.7944454550743103,2104.06283,False,False
2304.01138,24,0.7918873429298401,2403.16409,False,False
2304.01138,25,0.7901477217674255,2102.01912,False,False
2304.01138,26,0.7880867123603821,2005.03423,False,False
2304.01138,27,0.7877286672592163,2109.08429,False,True
2304.01138,28,0.7872281074523926,2108.07236,False,True
2304.01138,29,0.7871177792549133,2604.17169,False,True
2304.01138,30,0.7866343855857849,2311.10295,False,False
2304.01138,31,0.7866055369377136,2210.07994,False,True
2304.01138,32,0.7849451303482056,2508.19350,False,False
2304.01138,33,0.7848523855209351,2410.09648,False,False
2304.01138,34,0.7836981415748596,1802.09262,False,False
2304.01138,35,0.7836637496948242,2410.08006,False,False
2304.01138,36,0.7823008894920349,2408.11434,False,True
2304.01138,37,0.7822715044021606,2007.12611,False,True
2304.01138,38,0.7822193503379822,astro-ph/0401274,False,False
2304.01138,39,0.7792223691940308,2405.03356,False,True
2304.01138,40,0.7791493535041809,2510.01417,False,True
2304.01138,41,0.7788467407226562,1906.03165,False,True
2304.01138,42,0.7781046032905579,1712.03261,False,False
2304.01138,43,0.7777785062789917,2402.17651,False,True
2304.01138,44,0.7770916819572449,1607.05302,False,False
2304.01138,45,0.7769334316253662,1811.09315,False,True
2304.01138,46,0.7763275504112244,2505.08352,False,False
2304.01138,47,0.7761883735656738,2302.08584,False,True
2304.01138,48,0.7760554552078247,2209.12329,False,False
2304.01138,49,0.7751916646957397,2406.05767,False,False
2304.01138,50,0.7750171422958374,2201.04719,False,False
2304.01138,51,0.7749784588813782,2204.08533,False,False
2304.01138,52,0.7749460935592651,2208.07744,False,True
2304.01138,53,0.7749308347702026,2305.02284,False,True
2304.01138,54,0.7748258113861084,1903.04461,False,False
2304.01138,55,0.7747668027877808,2304.07766,False,True
2304.01138,56,0.774583101272583,2302.09022,False,True
2304.01138,57,0.7738782167434692,2206.08373,False,False
2304.01138,58,0.7736106514930725,2512.02468,False,False
2304.01138,59,0.7733690738677979,2112.13261,False,True
2304.01138,60,0.7720617055892944,2210.11887,False,True
2304.01138,61,0.7713024020195007,2504.18846,False,True
2304.01138,62,0.7711173892021179,2303.02940,False,False
2304.01138,63,0.7710727453231812,2210.06537,False,False
2304.01138,64,0.7707443237304688,1912.00920,False,True
2304.01138,65,0.7706491947174072,1802.05958,False,False
2304.01138,66,0.7705380320549011,2208.01354,False,True
2304.01138,67,0.7704393863677979,2604.16638,False,False
2304.01138,68,0.770239531993866,2208.10075,False,False
2304.01138,69,0.7700326442718506,2406.16671,False,False
2304.01138,70,0.7697847485542297,2410.11736,False,True
2304.01138,71,0.7696875929832458,1901.04049,False,False
2304.01138,72,0.7695571780204773,physics/0604182,False,False
2304.01138,73,0.7692233324050903,2604.23901,False,False
2304.01138,74,0.7691318988800049,2211.08626,False,True
2304.01138,75,0.7691022753715515,2408.13444,False,True
2304.01138,76,0.7682359218597412,2311.07487,False,True
2304.01138,77,0.7678486108779907,2412.07248,False,True
2304.01138,78,0.7678311467170715,2601.18148,False,False
2304.01138,79,0.7674832344055176,2509.07172,False,True
2304.01138,80,0.7671450972557068,1503.07944,False,False
2304.01138,81,0.7668393850326538,2508.11675,False,True
2304.01138,82,0.7667676210403442,2504.00376,False,True
2304.01138,83,0.7664516568183899,2302.13285,False,True
2304.01138,84,0.7663198709487915,2105.11865,False,False
2304.01138,85,0.7660601139068604,2011.00252,False,True
2304.01138,86,0.7660399079322815,2107.10071,False,True
2304.01138,87,0.7651392221450806,2510.17877,False,False
2304.01138,88,0.7650837302207947,2604.21024,False,False
2304.01138,89,0.7648995518684387,2303.16734,False,False
2304.01138,90,0.764832079410553,1711.05761,False,False
2304.01138,91,0.7645816802978516,1811.02741,False,False
2304.01138,92,0.7645308971405029,2412.01904,False,False
2304.01138,93,0.7644602060317993,1912.12566,False,True
2304.01138,94,0.7640680074691772,2010.02039,False,False
2304.01138,95,0.7636743187904358,2403.15130,False,True
2304.01138,96,0.7633719444274902,2502.01207,False,False
2304.01138,97,0.7633301019668579,2405.10063,False,False
2304.01138,98,0.7629173994064331,1212.1961,False,False
2304.01138,99,0.7624179124832153,2606.04565,False,False
2304.01138,100,0.7622713446617126,1503.05150,False,False
2306.08340,1,0.8398074507713318,1805.05094,False,True
2306.08340,2,0.8265845775604248,1512.02996,False,False
2306.08340,3,0.8236935138702393,2304.06313,False,False
2306.08340,4,0.8100636005401611,0903.0905,False,False
2306.08340,5,0.8025071620941162,1703.03484,False,True
2306.08340,6,0.8011510372161865,1504.03141,False,False
2306.08340,7,0.7984365820884705,2006.04281,False,False
2306.08340,8,0.7946141362190247,2507.17364,False,False
2306.08340,9,0.7895876169204712,1404.0229,False,False
2306.08340,10,0.7893754243850708,2001.01199,False,False
2306.08340,11,0.7884701490402222,2006.12988,False,False
2306.08340,12,0.7875813245773315,2210.12612,False,False
2306.08340,13,0.786103367805481,1908.10781,False,False
2306.08340,14,0.7847350835800171,1208.5342,False,False
2306.08340,15,0.7840092778205872,2206.04614,False,False
2306.08340,16,0.7837423086166382,0905.1608,False,False
2306.08340,17,0.7828805446624756,1704.02453,False,False
2306.08340,18,0.7813177108764648,math/0304410,False,False
2306.08340,19,0.780560314655304,2408.00928,False,False
2306.08340,20,0.7805553674697876,1102.2128,False,False
2306.08340,21,0.7803340554237366,2408.13613,False,False
2306.08340,22,0.7800536751747131,cs/0608076,False,False
2306.08340,23,0.7790390253067017,math/0203122,False,False
2306.08340,24,0.7787386178970337,2211.14658,False,True
2306.08340,25,0.7771686315536499,1809.01540,False,False
2306.08340,26,0.7751228213310242,1501.04212,False,False
2306.08340,27,0.7749786972999573,2511.03289,False,True
2306.08340,28,0.7739875316619873,2006.07832,False,True
2306.08340,29,0.7737839818000793,1807.08248,False,True
2306.08340,30,0.7733144164085388,1502.03475,False,False
2306.08340,31,0.7714614272117615,1911.11827,False,False
2306.08340,32,0.770482063293457,2310.02023,False,False
2306.08340,33,0.7700268030166626,2406.17694,False,False
2306.08340,34,0.7697110176086426,1703.09804,False,False
2306.08340,35,0.7693604230880737,1806.07291,False,False
2306.08340,36,0.7686172723770142,2007.07164,False,False
2306.08340,37,0.7685407400131226,2206.13350,False,False
2306.08340,38,0.7679412961006165,2007.14916,False,False
2306.08340,39,0.7679159641265869,0803.1245,False,True
2306.08340,40,0.7668799161911011,1909.01795,False,True
2306.08340,41,0.7668530344963074,1002.1763,False,False
2306.08340,42,0.7659336924552917,2211.04145,False,True
2306.08340,43,0.7657528519630432,1604.01529,False,False
2306.08340,44,0.7653043270111084,2310.02136,False,False
2306.08340,45,0.7650951743125916,2602.01399,False,False
2306.08340,46,0.7648942470550537,2407.05196,False,False
2306.08340,47,0.7647310495376587,1905.11067,False,False
2306.08340,48,0.7643348574638367,2304.00024,False,False
2306.08340,49,0.7639711499214172,2510.09617,False,False
2306.08340,50,0.7636362910270691,2303.04379,False,False
2306.08340,51,0.7632200121879578,1805.01237,False,False
2306.08340,52,0.7629362344741821,2106.13341,False,False
2306.08340,53,0.7624289989471436,1912.11808,False,False
2306.08340,54,0.7623592019081116,0912.0597,False,False
2306.08340,55,0.7622516751289368,2605.22124,False,False
2306.08340,56,0.7621247172355652,2402.05878,False,False
2306.08340,57,0.7619205117225647,1804.07446,True,False
2306.08340,58,0.7609422206878662,2308.14069,False,False
2306.08340,59,0.7608139514923096,2505.02383,False,False
2306.08340,60,0.7607837915420532,2306.09396,False,True
2306.08340,61,0.7606648802757263,2302.13176,False,False
2306.08340,62,0.7602905631065369,2606.16743,False,False
2306.08340,63,0.7600756883621216,2408.00542,False,False
2306.08340,64,0.7599939703941345,1403.6394,False,False
2306.08340,65,0.7598917484283447,2202.08117,False,False
2306.08340,66,0.7598810195922852,2508.16738,False,False
2306.08340,67,0.7595798373222351,2104.09454,False,False
2306.08340,68,0.7594574689865112,1902.00470,False,False
2306.08340,69,0.7593713998794556,2508.17950,False,False
2306.08340,70,0.7590221762657166,1903.01032,False,False
2306.08340,71,0.7589539885520935,2410.10574,False,False
2306.08340,72,0.7585194706916809,1201.5298,False,False
2306.08340,73,0.7584413290023804,2511.13777,False,False
2306.08340,74,0.7582574486732483,1804.09733,False,False
2306.08340,75,0.7580703496932983,2305.16041,False,False
2306.08340,76,0.757999062538147,2012.11104,False,False
2306.08340,77,0.757915735244751,2408.13367,False,False
2306.08340,78,0.7575972080230713,1307.5078,False,False
2306.08340,79,0.757592499256134,2502.12704,False,False
2306.08340,80,0.7575903534889221,2510.27479,False,False
2306.08340,81,0.7575693130493164,cs/0512083,False,False
2306.08340,82,0.7568974494934082,quant-ph/0009051,False,False
2306.08340,83,0.7568867206573486,0712.0517,True,False
2306.08340,84,0.7565266489982605,math/0609244,False,False
2306.08340,85,0.7561365962028503,math/0604340,False,False
2306.08340,86,0.7559130191802979,1808.05150,False,False
2306.08340,87,0.7554357051849365,1311.5728,False,False
2306.08340,88,0.7552536725997925,1008.4180,False,False
2306.08340,89,0.7552452087402344,2605.08542,False,False
2306.08340,90,0.7548999786376953,1803.05046,False,False
2306.08340,91,0.754740297794342,1505.00508,False,False
2306.08340,92,0.754705011844635,1603.01699,False,False
2306.08340,93,0.7545714974403381,2310.06289,False,True
2306.08340,94,0.7545556426048279,1212.1391,False,False
2306.08340,95,0.7544052600860596,2007.03812,False,False
2306.08340,96,0.754143476486206,2112.12442,False,False
2306.08340,97,0.7539278268814087,cs/0302037,False,False
2306.08340,98,0.7537447810173035,2312.13967,False,False
2306.08340,99,0.7534316778182983,2402.16547,False,False
2306.08340,100,0.7533301115036011,1802.08252,False,True
2310.12878,1,0.9282338619232178,gr-qc/0504029,False,True
2310.12878,2,0.9219281077384949,2605.13714,False,False
2310.12878,3,0.9134234189987183,hep-th/0304211,False,True
2310.12878,4,0.9120770692825317,hep-ph/0410273,False,False
2310.12878,5,0.9113694429397583,gr-qc/0611028,False,True
2310.12878,6,0.9108323454856873,2409.16690,False,True
2310.12878,7,0.9100695252418518,2508.17401,False,True
2310.12878,8,0.9099372625350952,2310.02338,False,False
2310.12878,9,0.9057879447937012,2405.13552,False,False
2310.12878,10,0.9056030511856079,2104.04394,False,True
2310.12878,11,0.9045383930206299,1806.04502,False,True
2310.12878,12,0.9042096734046936,1809.08647,False,True
2310.12878,13,0.9035719633102417,2407.03410,False,True
2310.12878,14,0.9028782844543457,2411.07961,False,True
2310.12878,15,0.9015412330627441,hep-th/0305166,False,True
2310.12878,16,0.900719165802002,2601.13786,False,True
2310.12878,17,0.9004065990447998,2206.13664,False,True
2310.12878,18,0.8996583223342896,1807.01791,False,True
2310.12878,19,0.8995989561080933,1112.4412,False,True
2310.12878,20,0.8980545997619629,1102.4938,False,True
2310.12878,21,0.8974764943122864,1107.5334,False,True
2310.12878,22,0.8968464136123657,gr-qc/9805047,False,False
2310.12878,23,0.8964693546295166,2303.00600,False,True
2310.12878,24,0.8957515954971313,1909.07348,False,False
2310.12878,25,0.8944312334060669,1808.08386,False,True
2310.12878,26,0.8944202661514282,1204.2029,False,True
2310.12878,27,0.8931313753128052,2411.13454,False,True
2310.12878,28,0.8916212320327759,1804.02262,False,True
2310.12878,29,0.8912555575370789,1710.06772,False,False
2310.12878,30,0.8908366560935974,gr-qc/0209014,False,True
2310.12878,31,0.8901461958885193,2006.06652,False,True
2310.12878,32,0.8901107311248779,2311.05525,False,False
2310.12878,33,0.8899106979370117,hep-th/9610006,False,True
2310.12878,34,0.889726459980011,1711.03901,False,True
2310.12878,35,0.8895465135574341,1703.03083,False,False
2310.12878,36,0.8894315361976624,1910.09019,False,True
2310.12878,37,0.8888832926750183,gr-qc/0002007,False,True
2310.12878,38,0.8888384699821472,1602.08661,False,True
2310.12878,39,0.8888372778892517,1902.05941,False,True
2310.12878,40,0.8887243866920471,2112.11434,False,True
2310.12878,41,0.8885490894317627,2502.20514,False,True
2310.12878,42,0.8885124921798706,gr-qc/9711084,False,False
2310.12878,43,0.8884477615356445,2105.04372,False,False
2310.12878,44,0.8882455825805664,2508.18171,False,True
2310.12878,45,0.8881781101226807,0803.3456,False,False
2310.12878,46,0.8878622651100159,2405.10590,False,False
2310.12878,47,0.8878034353256226,2201.02424,False,True
2310.12878,48,0.8877913355827332,2510.00234,False,False
2310.12878,49,0.8875499367713928,1708.04698,False,False
2310.12878,50,0.887217104434967,1004.1920,False,False
2310.12878,51,0.8866839408874512,gr-qc/9608031,False,False
2310.12878,52,0.8865160346031189,1001.0124,False,False
2310.12878,53,0.8860382437705994,1505.06023,False,False
2310.12878,54,0.8855756521224976,0904.4311,False,True
2310.12878,55,0.8851250410079956,1004.2164,False,True
2310.12878,56,0.8851117491722107,1102.5012,False,True
2310.12878,57,0.8850363492965698,1303.3146,False,False
2310.12878,58,0.8846988081932068,2009.14678,False,False
2310.12878,59,0.884475588798523,2004.00009,False,True
2310.12878,60,0.8834746479988098,1501.03256,False,True
2310.12878,61,0.8833814859390259,2004.06084,False,True
2310.12878,62,0.8832681179046631,hep-th/0508194,False,True
2310.12878,63,0.8832581043243408,2602.20430,False,True
2310.12878,64,0.8831931352615356,gr-qc/0411025,False,True
2310.12878,65,0.8828312754631042,2503.19646,False,False
2310.12878,66,0.882722795009613,1209.4472,False,True
2310.12878,67,0.8827112913131714,1402.3155,False,False
2310.12878,68,0.8826446533203125,hep-ph/0611223,False,False
2310.12878,69,0.8824135661125183,1503.07808,False,True
2310.12878,70,0.8823413848876953,1804.07731,False,True
2310.12878,71,0.8823295831680298,2012.13359,False,False
2310.12878,72,0.8821465969085693,0801.4087,False,True
2310.12878,73,0.8820317387580872,2406.12518,False,False
2310.12878,74,0.8819460868835449,0802.3422,False,False
2310.12878,75,0.8818978071212769,gr-qc/0208027,False,False
2310.12878,76,0.8818877339363098,1811.02697,False,True
2310.12878,77,0.8818852305412292,2306.12709,False,True
2310.12878,78,0.8817077279090881,0906.4194,False,True
2310.12878,79,0.8816267848014832,gr-qc/9405051,False,False
2310.12878,80,0.8814586997032166,1303.1995,True,True
2310.12878,81,0.8812198638916016,1807.06451,False,True
2310.12878,82,0.8810975551605225,1711.06732,False,False
2310.12878,83,0.8809866905212402,hep-th/0010145,False,True
2310.12878,84,0.8807273507118225,1605.01209,False,False
2310.12878,85,0.8802549839019775,0801.2977,False,True
2310.12878,86,0.8800477981567383,2207.04373,False,True
2310.12878,87,0.8799858689308167,1808.00867,False,True
2310.12878,88,0.8799780607223511,gr-qc/0512010,False,False
2310.12878,89,0.8798486590385437,astro-ph/0212083,False,True
2310.12878,90,0.8798438310623169,1312.3204,False,True
2310.12878,91,0.879576563835144,1202.4497,False,True
2310.12878,92,0.8793481588363647,2502.19186,False,False
2310.12878,93,0.8792905211448669,hep-th/9212035,False,True
2310.12878,94,0.8791924715042114,2505.07480,False,True
2310.12878,95,0.8791124820709229,physics/0602132,False,False
2310.12878,96,0.8790095448493958,1107.2025,False,False
2310.12878,97,0.8789246082305908,2011.03069,False,True
2310.12878,98,0.8786568641662598,physics/0106059,False,False
2310.12878,99,0.8786355257034302,2305.13337,False,False
2310.12878,100,0.8786099553108215,gr-qc/9710052,False,False
2402.19043,1,0.8922191858291626,2307.15208,False,True
2402.19043,2,0.8662565350532532,2104.04179,False,True
2402.19043,3,0.8652731776237488,2502.15204,False,True
2402.19043,4,0.8538480401039124,2506.19055,False,True
2402.19043,5,0.8495436310768127,2403.07247,False,True
2402.19043,6,0.8460121154785156,2305.16037,False,True
2402.19043,7,0.8399758338928223,2509.21750,False,True
2402.19043,8,0.8376202583312988,2510.06123,False,True
2402.19043,9,0.825932502746582,1803.04565,False,True
2402.19043,10,0.8251477479934692,2506.21015,False,True
2402.19043,11,0.8239518404006958,2602.07168,False,True
2402.19043,12,0.821806788444519,2404.03706,False,True
2402.19043,13,0.8199747204780579,2502.01832,False,True
2402.19043,14,0.8190513849258423,2603.24968,False,True
2402.19043,15,0.8188964128494263,2504.14450,False,True
2402.19043,16,0.8186700344085693,2501.18328,False,True
2402.19043,17,0.8171551823616028,2509.13576,False,True
2402.19043,18,0.8149205446243286,2307.10182,False,True
2402.19043,19,0.8145812749862671,2509.00549,False,True
2402.19043,20,0.8139873743057251,2505.07687,False,True
2402.19043,21,0.812614381313324,1901.03326,False,True
2402.19043,22,0.8124709129333496,2008.07724,False,True
2402.19043,23,0.8111814856529236,2204.01706,False,True
2402.19043,24,0.8096510767936707,2010.10593,False,True
2402.19043,25,0.809177577495575,2504.14699,False,True
2402.19043,26,0.8090111017227173,1609.04661,False,False
2402.19043,27,0.8074530363082886,1909.08942,False,True
2402.19043,28,0.8071905970573425,1912.13290,False,True
2402.19043,29,0.8067565560340881,2112.01627,False,True
2402.19043,30,0.8063989877700806,2603.13044,False,True
2402.19043,31,0.8046747446060181,2407.16697,False,True
2402.19043,32,0.802323579788208,2512.03848,False,True
2402.19043,33,0.8020848035812378,2511.16186,False,True
2402.19043,34,0.8000109195709229,2605.21861,False,True
2402.19043,35,0.7983189821243286,1701.03396,False,False
2402.19043,36,0.797883927822113,2505.06055,False,True
2402.19043,37,0.7964718341827393,2108.03429,False,True
2402.19043,38,0.7958747148513794,2502.03825,False,True
2402.19043,39,0.7958506941795349,1906.05284,False,True
2402.19043,40,0.7951907515525818,2104.08538,False,True
2402.19043,41,0.794969379901886,2407.20495,False,True
2402.19043,42,0.7944633960723877,2109.10777,False,True
2402.19043,43,0.793933629989624,2311.15719,False,True
2402.19043,44,0.793587863445282,1512.04564,False,False
2402.19043,45,0.793552041053772,2202.00677,False,True
2402.19043,46,0.7930667400360107,2108.11693,False,True
2402.19043,47,0.7925335168838501,2412.00518,False,True
2402.19043,48,0.7920297980308533,2308.13649,False,True
2402.19043,49,0.791998565196991,2603.14666,False,True
2402.19043,50,0.7919818758964539,2512.09435,False,True
2402.19043,51,0.791232168674469,2202.12165,False,True
2402.19043,52,0.7907096743583679,2602.03264,False,True
2402.19043,53,0.7901391386985779,2406.01469,False,True
2402.19043,54,0.7898280024528503,2604.06099,False,True
2402.19043,55,0.7896777391433716,2405.13370,False,True
2402.19043,56,0.7892026901245117,1707.09233,False,True
2402.19043,57,0.7891662120819092,2206.02908,False,False
2402.19043,58,0.7885338068008423,2302.04440,False,True
2402.19043,59,0.7883946895599365,2502.00160,False,True
2402.19043,60,0.7877903580665588,2405.12996,False,True
2402.19043,61,0.7872954607009888,2308.11047,False,True
2402.19043,62,0.7870882153511047,2504.17804,False,True
2402.19043,63,0.7868016958236694,2010.00434,False,True
2402.19043,64,0.7867923378944397,2603.05693,False,True
2402.19043,65,0.7864943146705627,2407.14474,False,True
2402.19043,66,0.7863105535507202,2510.02691,False,True
2402.19043,67,0.78615403175354,2601.13236,False,True
2402.19043,68,0.7854214906692505,2502.11440,False,True
2402.19043,69,0.7846065759658813,1611.03749,False,True
2402.19043,70,0.7834718823432922,2207.01044,False,False
2402.19043,71,0.7829635143280029,2512.08905,False,True
2402.19043,72,0.7809045314788818,1708.00961,True,True
2402.19043,73,0.7808007001876831,1212.0575,False,False
2402.19043,74,0.7804288864135742,1809.00488,False,True
2402.19043,75,0.7803686261177063,1311.6039,False,False
2402.19043,76,0.7787988185882568,1406.1906,False,True
2402.19043,77,0.7783641219139099,2303.17941,False,True
2402.19043,78,0.7783429622650146,2304.09324,False,True
2402.19043,79,0.7780951261520386,2603.29387,False,True
2402.19043,80,0.7773008346557617,2310.08579,False,True
2402.19043,81,0.7772239446640015,1910.06154,False,True
2402.19043,82,0.7770674824714661,2508.04568,False,True
2402.19043,83,0.7770243883132935,2105.01854,False,True
2402.19043,84,0.7766385674476624,2412.08345,False,True
2402.19043,85,0.7763345241546631,2404.04971,False,True
2402.19043,86,0.7763141989707947,2505.04550,False,False
2402.19043,87,0.7754976749420166,2409.16221,False,False
2402.19043,88,0.7751473188400269,2402.04301,False,True
2402.19043,89,0.7750993371009827,2406.04309,False,True
2402.19043,90,0.7740655541419983,2406.05649,False,True
2402.19043,91,0.773115873336792,2312.02528,False,True
2402.19043,92,0.7730433344841003,2008.06559,False,True
2402.19043,93,0.7727851867675781,2011.12482,False,True
2402.19043,94,0.7726263999938965,2410.08531,False,True
2402.19043,95,0.7726128697395325,2402.15870,False,True
2402.19043,96,0.7725999355316162,2603.00887,False,True
2402.19043,97,0.7725206017494202,1803.03103,False,False
2402.19043,98,0.7722386121749878,2503.16822,False,True
2402.19043,99,0.7722098231315613,2112.05761,False,True
2402.19043,100,0.7720168828964233,2511.16574,False,True
2403.02159,1,0.9124100208282471,astro-ph/9804101,False,False
2403.02159,2,0.906254231929779,astro-ph/0007195,False,False
2403.02159,3,0.8983293771743774,1009.2604,False,False
2403.02159,4,0.8980309367179871,0905.1265,False,True
2403.02159,5,0.897955060005188,astro-ph/9709116,False,False
2403.02159,6,0.8966812491416931,astro-ph/0304186,False,False
2403.02159,7,0.8961106538772583,astro-ph/0406310,False,False
2403.02159,8,0.8937890529632568,astro-ph/0211640,False,False
2403.02159,9,0.8934862613677979,astro-ph/9911468,True,False
2403.02159,10,0.8931222558021545,2604.27461,False,True
2403.02159,11,0.8923317790031433,2606.15759,False,True
2403.02159,12,0.8909515142440796,0907.3923,False,True
2403.02159,13,0.888538122177124,2006.08627,False,True
2403.02159,14,0.8883723616600037,astro-ph/9903418,True,False
2403.02159,15,0.8879936933517456,2005.01817,False,True
2403.02159,16,0.8879081010818481,astro-ph/9903247,False,False
2403.02159,17,0.8863716721534729,2211.10176,False,True
2403.02159,18,0.8861279487609863,1702.04422,False,True
2403.02159,19,0.8861212730407715,astro-ph/0006333,False,False
2403.02159,20,0.8857524394989014,1106.4594,False,True
2403.02159,21,0.8852733373641968,1403.7034,False,True
2403.02159,22,0.8841652870178223,1312.6592,True,True
2403.02159,23,0.8832679390907288,1307.6156,False,True
2403.02159,24,0.883116602897644,1905.12998,False,True
2403.02159,25,0.8829306364059448,1208.1419,False,True
2403.02159,26,0.8823875188827515,0906.2195,False,True
2403.02159,27,0.882360577583313,2507.16420,False,True
2403.02159,28,0.8823427557945251,1304.2643,False,True
2403.02159,29,0.881811261177063,1906.05878,False,True
2403.02159,30,0.881192147731781,1501.03554,False,True
2403.02159,31,0.880463719367981,0705.2094,False,False
2403.02159,32,0.8801053166389465,2006.07852,False,True
2403.02159,33,0.8794628977775574,1808.03011,False,True
2403.02159,34,0.8792927265167236,astro-ph/0601350,False,False
2403.02159,35,0.8790724277496338,astro-ph/9902261,False,False
2403.02159,36,0.8779782056808472,1709.04457,False,True
2403.02159,37,0.8778457045555115,astro-ph/0202065,False,False
2403.02159,38,0.8778043985366821,astro-ph/9910517,False,False
2403.02159,39,0.8773688077926636,0901.0519,False,True
2403.02159,40,0.8772310018539429,astro-ph/0603556,False,False
2403.02159,41,0.8768608570098877,1305.6897,False,True
2403.02159,42,0.875015377998352,0905.0587,False,True
2403.02159,43,0.8749542832374573,1303.6951,False,False
2403.02159,44,0.8748488426208496,astro-ph/0408096,False,False
2403.02159,45,0.8734091520309448,1605.06356,False,True
2403.02159,46,0.8724329471588135,0711.0970,False,False
2403.02159,47,0.8722623586654663,astro-ph/0210650,False,False
2403.02159,48,0.8719065189361572,1405.4139,False,True
2403.02159,49,0.8716005086898804,1001.2644,False,True
2403.02159,50,0.8715683221817017,1903.11124,False,True
2403.02159,51,0.8715437650680542,astro-ph/0610943,False,False
2403.02159,52,0.8711897730827332,astro-ph/0510715,False,False
2403.02159,53,0.8707946538925171,0908.0714,False,True
2403.02159,54,0.8705363869667053,astro-ph/0101494,False,False
2403.02159,55,0.8703320026397705,1410.4050,False,True
2403.02159,56,0.869745671749115,astro-ph/0408046,False,False
2403.02159,57,0.8697122931480408,1403.0071,False,True
2403.02159,58,0.8695845007896423,2504.07169,False,True
2403.02159,59,0.8695302605628967,astro-ph/0104067,True,False
2403.02159,60,0.8688180446624756,0801.4348,False,False
2403.02159,61,0.8686097860336304,astro-ph/0301245,False,False
2403.02159,62,0.8684834837913513,1104.5141,False,False
2403.02159,63,0.8680728077888489,astro-ph/0612575,False,False
2403.02159,64,0.8680062294006348,astro-ph/0307385,False,False
2403.02159,65,0.8679943680763245,astro-ph/0604449,True,False
2403.02159,66,0.867807149887085,astro-ph/0303597,False,False
2403.02159,67,0.8677335977554321,1506.00636,False,True
2403.02159,68,0.8676263689994812,astro-ph/0604151,False,False
2403.02159,69,0.8674557209014893,astro-ph/0110048,False,False
2403.02159,70,0.8674523830413818,1501.00973,False,True
2403.02159,71,0.8672371506690979,astro-ph/9803226,False,False
2403.02159,72,0.8671411871910095,astro-ph/0209073,False,False
2403.02159,73,0.8670997023582458,1710.02144,False,True
2403.02159,74,0.8670793771743774,1906.11403,False,True
2403.02159,75,0.8665924072265625,1202.1225,False,False
2403.02159,76,0.8660184144973755,1511.08168,True,True
2403.02159,77,0.8654599785804749,1907.12580,False,False
2403.02159,78,0.865209698677063,2011.03945,False,True
2403.02159,79,0.865014910697937,0712.1527,False,False
2403.02159,80,0.8649900555610657,astro-ph/9902167,False,False
2403.02159,81,0.8647310733795166,astro-ph/9707122,False,False
2403.02159,82,0.8646215796470642,astro-ph/0312423,False,False
2403.02159,83,0.8645625114440918,2504.10794,False,True
2403.02159,84,0.8641030192375183,astro-ph/0105100,False,False
2403.02159,85,0.8639868497848511,2309.11182,False,True
2403.02159,86,0.8638502955436707,astro-ph/0611256,False,False
2403.02159,87,0.8637805581092834,astro-ph/9912171,False,False
2403.02159,88,0.8635885715484619,2404.03576,False,False
2403.02159,89,0.8632175326347351,1507.04368,False,False
2403.02159,90,0.86266028881073,astro-ph/0008482,False,False
2403.02159,91,0.8626511096954346,0911.3064,False,True
2403.02159,92,0.862366795539856,1804.06149,False,True
2403.02159,93,0.862118124961853,1304.6364,False,True
2403.02159,94,0.8620984554290771,2407.06002,False,True
2403.02159,95,0.8619916439056396,1609.09503,True,True
2403.02159,96,0.8618556261062622,1211.3931,False,False
2403.02159,97,0.8618056178092957,2302.04656,False,False
2403.02159,98,0.861583411693573,1702.05375,False,True
2403.02159,99,0.8615716695785522,astro-ph/0404348,False,False
2403.02159,100,0.8615474104881287,1505.01496,False,False
2501.10890,1,0.8889789581298828,1303.5784,False,True
2501.10890,2,0.8813828825950623,2002.01947,True,False
2501.10890,3,0.873152494430542,2304.08029,False,False
2501.10890,4,0.8727842569351196,2102.08959,False,True
2501.10890,5,0.8716474771499634,1310.2223,False,True
2501.10890,6,0.8679071068763733,2207.03316,False,True
2501.10890,7,0.8673809170722961,1905.11405,False,True
2501.10890,8,0.8643810749053955,1306.1234,False,True
2501.10890,9,0.863970160484314,1905.10552,False,True
2501.10890,10,0.8620920181274414,1703.02040,False,True
2501.10890,11,0.8612015247344971,1904.07481,False,True
2501.10890,12,0.8611049056053162,2507.13497,False,False
2501.10890,13,0.8607482314109802,1609.07282,False,True
2501.10890,14,0.859109103679657,2309.14262,False,False
2501.10890,15,0.856230616569519,cond-mat/0002087,False,True
2501.10890,16,0.8555392026901245,1507.00003,False,False
2501.10890,17,0.8548599481582642,2012.00763,False,False
2501.10890,18,0.8533014059066772,1512.04502,False,True
2501.10890,19,0.852295994758606,1903.01657,False,True
2501.10890,20,0.8512406349182129,2409.09025,False,True
2501.10890,21,0.8504540324211121,2407.00974,False,True
2501.10890,22,0.8491851091384888,1907.05354,False,False
2501.10890,23,0.8487024307250977,cond-mat/0304471,False,False
2501.10890,24,0.8478640913963318,0801.1348,True,False
2501.10890,25,0.8477680087089539,cond-mat/9707338,False,True
2501.10890,26,0.844792902469635,2402.14870,False,True
2501.10890,27,0.8445061445236206,1507.07084,False,False
2501.10890,28,0.8444802165031433,1908.03345,False,True
2501.10890,29,0.8444771766662598,2007.11619,False,True
2501.10890,30,0.844297468662262,cond-mat/9906294,False,False
2501.10890,31,0.8442908525466919,2106.07309,False,True
2501.10890,32,0.8439079523086548,1602.07219,False,False
2501.10890,33,0.8436101078987122,2410.14036,False,False
2501.10890,34,0.8432274460792542,cond-mat/9608049,False,False
2501.10890,35,0.8424144387245178,cond-mat/9710255,False,False
2501.10890,36,0.8422136902809143,1702.01934,False,True
2501.10890,37,0.8420326113700867,1604.03326,False,True
2501.10890,38,0.8413174152374268,cond-mat/0611761,True,False
2501.10890,39,0.8411563634872437,2006.00456,False,False
2501.10890,40,0.841132640838623,2204.12655,False,True
2501.10890,41,0.8408747911453247,2109.07805,False,True
2501.10890,42,0.8404008746147156,cond-mat/0506189,False,True
2501.10890,43,0.8397680521011353,1606.07051,False,False
2501.10890,44,0.839372992515564,1507.07651,True,True
2501.10890,45,0.8385312557220459,2211.02745,False,False
2501.10890,46,0.8382911682128906,1912.01791,False,False
2501.10890,47,0.838272213935852,1609.03720,False,False
2501.10890,48,0.8380281329154968,1901.09961,False,True
2501.10890,49,0.8379346132278442,2001.06751,False,False
2501.10890,50,0.8377346992492676,1406.3029,True,False
2501.10890,51,0.8374730944633484,cond-mat/0412413,True,True
2501.10890,52,0.837300181388855,1006.4235,False,False
2501.10890,53,0.8371990919113159,1809.04911,False,False
2501.10890,54,0.8364911079406738,1801.10463,False,False
2501.10890,55,0.8364456295967102,2604.26698,False,True
2501.10890,56,0.836004376411438,cond-mat/9809364,False,False
2501.10890,57,0.8356400728225708,cond-mat/0601525,False,True
2501.10890,58,0.8348172307014465,2203.13646,False,True
2501.10890,59,0.8347689509391785,2412.20743,False,False
2501.10890,60,0.8345613479614258,0908.3199,False,False
2501.10890,61,0.8345262408256531,2405.14940,False,True
2501.10890,62,0.8338958621025085,2502.00099,False,True
2501.10890,63,0.8330474495887756,cond-mat/0205597,False,False
2501.10890,64,0.831965446472168,2503.04560,False,False
2501.10890,65,0.831569254398346,2010.00164,False,True
2501.10890,66,0.8306351900100708,2204.09281,False,True
2501.10890,67,0.8303004503250122,1209.1098,False,False
2501.10890,68,0.8302619457244873,2112.03974,False,True
2501.10890,69,0.8301023244857788,2004.11551,False,True
2501.10890,70,0.8300701975822449,hep-th/9512072,False,False
2501.10890,71,0.8298778533935547,2304.06304,False,True
2501.10890,72,0.829815685749054,2001.07344,False,False
2501.10890,73,0.8290518522262573,cond-mat/0409593,False,True
2501.10890,74,0.8288376927375793,2105.02747,False,False
2501.10890,75,0.8288326859474182,1604.07512,False,True
2501.10890,76,0.8282784223556519,cond-mat/9909295,False,True
2501.10890,77,0.8282510638237,1306.5545,False,False
2501.10890,78,0.82802414894104,2311.09823,False,False
2501.10890,79,0.82779860496521,1306.6343,False,True
2501.10890,80,0.8275330066680908,2009.11419,False,True
2501.10890,81,0.8272414803504944,2108.04156,False,True
2501.10890,82,0.8271876573562622,2103.05641,True,True
2501.10890,83,0.8271037936210632,1708.07192,False,False
2501.10890,84,0.826623260974884,cond-mat/9305039,False,False
2501.10890,85,0.8264269828796387,2503.12704,True,True
2501.10890,86,0.8263604640960693,1904.10312,False,True
2501.10890,87,0.8262935280799866,1802.04809,False,True
2501.10890,88,0.8262144327163696,2306.12875,False,True
2501.10890,89,0.8261069059371948,0710.0700,False,False
2501.10890,90,0.8260501027107239,1601.01684,False,True
2501.10890,91,0.8259900212287903,1406.4553,False,True
2501.10890,92,0.8258927464485168,1803.08164,False,True
2501.10890,93,0.8258923292160034,cond-mat/0411761,False,False
2501.10890,94,0.8258493542671204,cond-mat/0006482,False,True
2501.10890,95,0.8258240222930908,1807.00452,False,True
2501.10890,96,0.8255605101585388,cond-mat/0603271,False,True
2501.10890,97,0.8253183364868164,1903.05691,False,False
2501.10890,98,0.8252430558204651,1504.05923,False,False
2501.10890,99,0.8251409530639648,0911.4653,False,False
2501.10890,100,0.8247796297073364,1009.3543,False,False
2501.13653,1,0.9327378869056702,2003.07920,False,True
2501.13653,2,0.9097931385040283,2408.09472,False,True
2501.13653,3,0.9067145586013794,hep-ph/9409423,False,True
2501.13653,4,0.9035095572471619,1105.3959,False,True
2501.13653,5,0.903221607208252,1111.3247,False,True
2501.13653,6,0.8992165923118591,hep-lat/9506004,False,True
2501.13653,7,0.8977586627006531,hep-ph/0612164,False,True
2501.13653,8,0.8968397378921509,2110.12757,False,True
2501.13653,9,0.8959637880325317,hep-lat/0510087,False,True
2501.13653,10,0.8921762704849243,hep-lat/0006026,False,True
2501.13653,11,0.8888909220695496,0907.4489,True,True
2501.13653,12,0.888821005821228,hep-ph/9301256,False,True
2501.13653,13,0.8882789611816406,nucl-th/9409003,False,True
2501.13653,14,0.88799649477005,1502.04140,False,True
2501.13653,15,0.8866865634918213,0903.4379,False,True
2501.13653,16,0.8851077556610107,1201.3834,False,True
2501.13653,17,0.8843439817428589,hep-ph/9411300,False,True
2501.13653,18,0.883144199848175,hep-lat/9909060,False,True
2501.13653,19,0.8828586935997009,2111.05630,False,True
2501.13653,20,0.8824537992477417,0907.0239,False,True
2501.13653,21,0.8816044330596924,2312.09179,False,True
2501.13653,22,0.8810824751853943,1311.0099,False,True
2501.13653,23,0.8808631896972656,2107.03756,False,True
2501.13653,24,0.8808412551879883,hep-ph/0004216,False,True
2501.13653,25,0.8806666731834412,0712.2926,False,True
2501.13653,26,0.8785231113433838,1405.7031,False,True
2501.13653,27,0.8784029483795166,2407.07247,False,True
2501.13653,28,0.8782535195350647,2502.01155,False,True
2501.13653,29,0.8774533271789551,2011.01499,False,True
2501.13653,30,0.8765569925308228,1311.1434,False,True
2501.13653,31,0.8745113611221313,2602.22820,False,True
2501.13653,32,0.8743073344230652,2604.02607,False,True
2501.13653,33,0.8738141059875488,2008.13119,False,False
2501.13653,34,0.8736125826835632,0912.1144,False,True
2501.13653,35,0.8731949329376221,hep-ph/9705411,False,True
2501.13653,36,0.8726047277450562,hep-lat/0409032,False,True
2501.13653,37,0.8722795248031616,2307.15757,False,True
2501.13653,38,0.8721557855606079,2601.10857,False,True
2501.13653,39,0.8716864585876465,0805.1601,False,True
2501.13653,40,0.8708946704864502,hep-ph/0312035,False,True
2501.13653,41,0.8707138299942017,hep-ph/0104128,False,True
2501.13653,42,0.8706406354904175,hep-ph/9204221,False,True
2501.13653,43,0.870639443397522,1007.4721,False,True
2501.13653,44,0.8694009780883789,1410.3614,False,True
2501.13653,45,0.8692975640296936,hep-ph/0610206,False,True
2501.13653,46,0.8691363334655762,1212.0947,False,True
2501.13653,47,0.8691065907478333,2309.06566,False,True
2501.13653,48,0.8690041303634644,1907.12332,False,True
2501.13653,49,0.8689547777175903,2204.00799,False,True
2501.13653,50,0.8689035773277283,1808.09601,False,True
2501.13653,51,0.8685417771339417,1508.01645,False,True
2501.13653,52,0.8681764006614685,0812.2427,False,True
2501.13653,53,0.8681119680404663,1603.07474,False,True
2501.13653,54,0.8677339553833008,hep-ph/9709344,False,True
2501.13653,55,0.8670790195465088,2410.08461,False,True
2501.13653,56,0.8670608401298523,0708.3603,False,True
2501.13653,57,0.8669766187667847,hep-ph/0403139,False,True
2501.13653,58,0.8668696284294128,hep-lat/9211021,False,True
2501.13653,59,0.8666702508926392,nucl-th/9506025,False,True
2501.13653,60,0.8662978410720825,2605.28608,False,True
2501.13653,61,0.8662173748016357,hep-ph/9305235,False,True
2501.13653,62,0.8660531044006348,hep-ph/9412367,False,True
2501.13653,63,0.8650617599487305,1005.4578,False,True
2501.13653,64,0.8648868203163147,hep-ph/0406257,False,True
2501.13653,65,0.8648812770843506,2501.03872,False,True
2501.13653,66,0.8645883798599243,hep-ph/9804408,False,True
2501.13653,67,0.86417555809021,0901.1962,False,True
2501.13653,68,0.8640674352645874,hep-ph/9803342,False,True
2501.13653,69,0.8636133670806885,1409.0336,False,True
2501.13653,70,0.8632848858833313,1005.3724,False,True
2501.13653,71,0.8631367087364197,hep-ph/0211235,False,True
2501.13653,72,0.8628395199775696,hep-lat/0405028,False,True
2501.13653,73,0.862730860710144,hep-lat/0011059,False,True
2501.13653,74,0.86260586977005,hep-ph/9910305,False,True
2501.13653,75,0.8625617027282715,2412.19369,False,True
2501.13653,76,0.8623443841934204,2605.15968,False,True
2501.13653,77,0.8622707724571228,hep-ph/0302043,False,True
2501.13653,78,0.8621500134468079,2107.11709,False,True
2501.13653,79,0.8619253635406494,hep-ph/0402130,False,True
2501.13653,80,0.8618209958076477,hep-ph/0608004,False,True
2501.13653,81,0.8615000247955322,hep-ph/0105225,False,True
2501.13653,82,0.8614987730979919,hep-lat/0309137,False,True
2501.13653,83,0.8612449765205383,1912.01489,False,True
2501.13653,84,0.8612053990364075,0710.2186,False,True
2501.13653,85,0.8611873388290405,hep-ph/0604072,False,True
2501.13653,86,0.8609263896942139,hep-ph/9606299,False,True
2501.13653,87,0.8605796098709106,1507.04527,False,True
2501.13653,88,0.860397219657898,1311.0693,False,True
2501.13653,89,0.8600695729255676,2307.03384,False,True
2501.13653,90,0.8599843382835388,1306.3326,False,True
2501.13653,91,0.8599153161048889,0710.1217,False,True
2501.13653,92,0.8598157167434692,hep-ph/0103230,False,True
2501.13653,93,0.8596799373626709,1609.05745,False,True
2501.13653,94,0.8596329689025879,1705.04607,False,False
2501.13653,95,0.8594076633453369,hep-ph/0605116,False,True
2501.13653,96,0.8592665195465088,2109.03109,False,True
2501.13653,97,0.8592658042907715,1212.0982,False,True
2501.13653,98,0.858735203742981,hep-ph/9707270,False,True
2501.13653,99,0.8583509922027588,1404.1079,False,False
2501.13653,100,0.8581856489181519,2308.14810,False,True
astro-ph/0406299,1,0.92393958568573,astro-ph/9805130,False,True
astro-ph/0406299,2,0.9076859354972839,1205.0009,False,False
astro-ph/0406299,3,0.9051615595817566,1107.2918,False,False
astro-ph/0406299,4,0.9023804664611816,astro-ph/0112430,False,True
astro-ph/0406299,5,0.9010774493217468,1411.3786,False,False
astro-ph/0406299,6,0.8995518088340759,0805.1142,False,True
astro-ph/0406299,7,0.8976730108261108,2307.15385,False,False
astro-ph/0406299,8,0.8974452018737793,astro-ph/0304352,False,True
astro-ph/0406299,9,0.8965467214584351,2107.08407,False,False
astro-ph/0406299,10,0.8950797319412231,1402.3029,False,False
astro-ph/0406299,11,0.8949272036552429,2304.11712,False,False
astro-ph/0406299,12,0.8943074941635132,astro-ph/9705206,False,True
astro-ph/0406299,13,0.8927674889564514,0904.1392,False,False
astro-ph/0406299,14,0.8925051093101501,1608.03495,False,False
astro-ph/0406299,15,0.8924233317375183,1201.0107,False,False
astro-ph/0406299,16,0.8918477892875671,2501.06140,False,False
astro-ph/0406299,17,0.8915280103683472,0708.2913,False,True
astro-ph/0406299,18,0.8907208442687988,2412.05033,False,False
astro-ph/0406299,19,0.8902271389961243,0902.4383,False,False
astro-ph/0406299,20,0.8894900679588318,1205.5573,False,False
astro-ph/0406299,21,0.8878942728042603,1412.5997,False,False
astro-ph/0406299,22,0.8877145051956177,astro-ph/0402271,False,True
astro-ph/0406299,23,0.8862089514732361,2601.08693,False,False
astro-ph/0406299,24,0.8855277299880981,0908.2060,False,False
astro-ph/0406299,25,0.8855074048042297,astro-ph/0608230,False,True
astro-ph/0406299,26,0.885256826877594,2106.13366,False,False
astro-ph/0406299,27,0.8850263357162476,astro-ph/0403545,False,True
astro-ph/0406299,28,0.8843533992767334,0804.4568,False,True
astro-ph/0406299,29,0.8839072585105896,2309.02194,False,False
astro-ph/0406299,30,0.8830651640892029,1601.07857,False,False
astro-ph/0406299,31,0.8823596835136414,2406.11748,False,False
astro-ph/0406299,32,0.8821783065795898,1908.11703,False,False
astro-ph/0406299,33,0.8821412324905396,1808.01754,False,False
astro-ph/0406299,34,0.881273090839386,2006.12141,False,False
astro-ph/0406299,35,0.8809283971786499,astro-ph/0010586,False,True
astro-ph/0406299,36,0.880569577217102,1004.5349,True,False
astro-ph/0406299,37,0.8803048133850098,1403.4932,False,False
astro-ph/0406299,38,0.8802344799041748,astro-ph/0611464,False,True
astro-ph/0406299,39,0.8800354599952698,2502.19472,False,False
astro-ph/0406299,40,0.879368782043457,1602.08101,False,False
astro-ph/0406299,41,0.8792711496353149,1208.2997,False,False
astro-ph/0406299,42,0.8788706660270691,1509.05409,False,False
astro-ph/0406299,43,0.8786404132843018,1310.8304,False,False
astro-ph/0406299,44,0.8780122399330139,1604.06073,False,False
astro-ph/0406299,45,0.8777873516082764,2505.22512,False,False
astro-ph/0406299,46,0.8776730895042419,2206.08459,False,False
astro-ph/0406299,47,0.877395510673523,1908.01559,False,False
astro-ph/0406299,48,0.877025842666626,0803.4089,False,True
astro-ph/0406299,49,0.876845121383667,2009.08483,False,False
astro-ph/0406299,50,0.8765840530395508,2601.07555,False,False
astro-ph/0406299,51,0.8765525221824646,astro-ph/0004095,True,True
astro-ph/0406299,52,0.8765332698822021,2006.07852,False,False
astro-ph/0406299,53,0.8764505386352539,2210.10419,False,False
astro-ph/0406299,54,0.8762064576148987,2303.17095,False,False
astro-ph/0406299,55,0.8761979341506958,astro-ph/0310097,False,True
astro-ph/0406299,56,0.8744122385978699,astro-ph/0307248,False,True
astro-ph/0406299,57,0.8743342161178589,1607.06820,False,False
astro-ph/0406299,58,0.8736183643341064,1811.06148,False,False
astro-ph/0406299,59,0.8734742403030396,astro-ph/9710188,False,True
astro-ph/0406299,60,0.873294472694397,1209.1709,False,False
astro-ph/0406299,61,0.8728855848312378,astro-ph/0012207,False,True
astro-ph/0406299,62,0.87288498878479,2404.10847,False,False
astro-ph/0406299,63,0.8728697896003723,2001.06018,True,False
astro-ph/0406299,64,0.8726107478141785,1011.3793,False,False
astro-ph/0406299,65,0.872610330581665,2212.09451,False,False
astro-ph/0406299,66,0.8722275495529175,1611.03865,False,False
astro-ph/0406299,67,0.8721650242805481,2603.18973,False,False
astro-ph/0406299,68,0.8719345331192017,2604.27176,False,False
astro-ph/0406299,69,0.8719030618667603,2512.14788,False,False
astro-ph/0406299,70,0.8719006776809692,0711.4369,False,True
astro-ph/0406299,71,0.8714371919631958,1507.00736,False,False
astro-ph/0406299,72,0.8710077404975891,1711.03416,False,False
astro-ph/0406299,73,0.8709847927093506,astro-ph/0406205,False,True
astro-ph/0406299,74,0.8707147836685181,2006.01146,False,False
astro-ph/0406299,75,0.8705456256866455,2206.06710,False,False
astro-ph/0406299,76,0.8701924085617065,2512.09139,False,False
astro-ph/0406299,77,0.8701320290565491,2107.11683,False,False
astro-ph/0406299,78,0.8701260089874268,1112.1084,False,False
astro-ph/0406299,79,0.8699065446853638,1506.07794,False,False
astro-ph/0406299,80,0.8695374727249146,1004.2755,False,False
astro-ph/0406299,81,0.8691770434379578,astro-ph/9706205,False,True
astro-ph/0406299,82,0.8688490986824036,0909.4514,False,False
astro-ph/0406299,83,0.8687698245048523,1202.3308,False,False
astro-ph/0406299,84,0.8685104250907898,2007.09008,False,False
astro-ph/0406299,85,0.868186354637146,1011.3210,False,False
astro-ph/0406299,86,0.8679778575897217,astro-ph/0511169,False,True
astro-ph/0406299,87,0.8678600788116455,astro-ph/0510255,False,True
astro-ph/0406299,88,0.8677836656570435,1811.07926,False,False
astro-ph/0406299,89,0.8676153421401978,2301.01988,False,False
astro-ph/0406299,90,0.867561399936676,2012.12378,False,False
astro-ph/0406299,91,0.867463231086731,2410.21962,False,False
astro-ph/0406299,92,0.8674325942993164,0910.5121,False,False
astro-ph/0406299,93,0.867313802242279,2510.19958,False,False
astro-ph/0406299,94,0.8672938346862793,1102.0565,False,False
astro-ph/0406299,95,0.8670825362205505,astro-ph/0105396,True,True
astro-ph/0406299,96,0.8669747114181519,astro-ph/0107506,False,True
astro-ph/0406299,97,0.8669315576553345,2301.02292,False,False
astro-ph/0406299,98,0.8668835163116455,1207.6639,False,False
astro-ph/0406299,99,0.8666775226593018,2412.03455,False,False
astro-ph/0406299,100,0.8664596080780029,astro-ph/0609316,False,True
astro-ph/0510756,1,0.9581222534179688,astro-ph/0011275,False,True
astro-ph/0510756,2,0.9434870481491089,astro-ph/9701144,False,True
astro-ph/0510756,3,0.9393687844276428,2406.09216,False,False
astro-ph/0510756,4,0.9358013868331909,astro-ph/0212532,False,True
astro-ph/0510756,5,0.9312431812286377,1002.0009,False,False
astro-ph/0510756,6,0.9296757578849792,astro-ph/9701125,False,True
astro-ph/0510756,7,0.9279291033744812,astro-ph/0107297,False,True
astro-ph/0510756,8,0.927244246006012,1808.03834,False,False
astro-ph/0510756,9,0.9262324571609497,astro-ph/9809026,False,True
astro-ph/0510756,10,0.9257845282554626,astro-ph/0111212,True,True
astro-ph/0510756,11,0.9249793291091919,2501.16438,False,False
astro-ph/0510756,12,0.9238936305046082,astro-ph/0210689,False,True
astro-ph/0510756,13,0.9231582880020142,2301.02292,False,False
astro-ph/0510756,14,0.9219386577606201,astro-ph/9904387,False,True
astro-ph/0510756,15,0.9216609597206116,1405.1046,False,False
astro-ph/0510756,16,0.921603262424469,astro-ph/0007414,False,True
astro-ph/0510756,17,0.9194985032081604,0906.4489,True,False
astro-ph/0510756,18,0.9194014072418213,1501.01814,False,False
astro-ph/0510756,19,0.9191517233848572,1910.02778,False,False
astro-ph/0510756,20,0.9187014102935791,1104.0751,False,False
astro-ph/0510756,21,0.9183509945869446,0801.1640,False,True
astro-ph/0510756,22,0.9169355034828186,2503.11856,False,False
astro-ph/0510756,23,0.9169123768806458,2206.07059,False,False
astro-ph/0510756,24,0.9164437055587769,astro-ph/0302191,False,True
astro-ph/0510756,25,0.9164069890975952,0712.3724,False,True
astro-ph/0510756,26,0.9157962799072266,1407.2726,False,False
astro-ph/0510756,27,0.9152113795280457,2309.13374,False,False
astro-ph/0510756,28,0.9140745997428894,1011.3793,False,False
astro-ph/0510756,29,0.9138335585594177,astro-ph/0502025,False,True
astro-ph/0510756,30,0.9137374758720398,astro-ph/9908150,True,True
astro-ph/0510756,31,0.9135853052139282,1009.1423,False,False
astro-ph/0510756,32,0.912554919719696,astro-ph/0601280,False,True
astro-ph/0510756,33,0.9120336771011353,1106.0810,False,False
astro-ph/0510756,34,0.909811794757843,astro-ph/0209429,False,True
astro-ph/0510756,35,0.9098019003868103,1009.1089,False,False
astro-ph/0510756,36,0.9093286991119385,astro-ph/0512004,False,True
astro-ph/0510756,37,0.9092143177986145,astro-ph/0002493,False,True
astro-ph/0510756,38,0.9091537594795227,astro-ph/0205011,False,True
astro-ph/0510756,39,0.9091097712516785,1908.01559,False,False
astro-ph/0510756,40,0.9087151885032654,2111.14866,False,False
astro-ph/0510756,41,0.9084419012069702,0906.1808,False,False
astro-ph/0510756,42,0.9084063172340393,2004.08479,False,False
astro-ph/0510756,43,0.9081642627716064,1711.03176,False,False
astro-ph/0510756,44,0.9070507287979126,1909.09109,False,False
astro-ph/0510756,45,0.9066605567932129,0810.5558,False,True
astro-ph/0510756,46,0.9055327773094177,1702.00055,True,False
astro-ph/0510756,47,0.9052841663360596,0709.0119,False,True
astro-ph/0510756,48,0.9052607417106628,astro-ph/0603050,False,True
astro-ph/0510756,49,0.9052255749702454,2305.05709,False,False
astro-ph/0510756,50,0.9047796726226807,2502.10078,False,False
astro-ph/0510756,51,0.9046339988708496,0706.1583,False,True
astro-ph/0510756,52,0.903769314289093,2601.05948,False,False
astro-ph/0510756,53,0.9037461280822754,2107.07230,False,False
astro-ph/0510756,54,0.903590202331543,1103.2293,False,False
astro-ph/0510756,55,0.9031617045402527,1105.5654,False,False
astro-ph/0510756,56,0.9031120538711548,1102.0565,False,False
astro-ph/0510756,57,0.9031040668487549,1406.3090,False,False
astro-ph/0510756,58,0.9029723405838013,0712.2017,False,True
astro-ph/0510756,59,0.9027575850486755,1109.1558,False,False
astro-ph/0510756,60,0.9022729992866516,1412.3509,False,False
astro-ph/0510756,61,0.902216374874115,1509.05863,False,False
astro-ph/0510756,62,0.9022091031074524,0909.0111,False,False
astro-ph/0510756,63,0.9020477533340454,1906.01755,False,False
astro-ph/0510756,64,0.9019849300384521,astro-ph/0609209,False,True
astro-ph/0510756,65,0.9017248749732971,2503.10958,False,False
astro-ph/0510756,66,0.90163654088974,astro-ph/0702580,True,True
astro-ph/0510756,67,0.9016050100326538,astro-ph/9908048,False,True
astro-ph/0510756,68,0.9014290571212769,1903.00083,False,False
astro-ph/0510756,69,0.9013364911079407,1110.2660,False,False
astro-ph/0510756,70,0.9012354612350464,2502.02751,False,False
astro-ph/0510756,71,0.9008575081825256,astro-ph/9806172,False,True
astro-ph/0510756,72,0.9005811810493469,1309.7054,False,False
astro-ph/0510756,73,0.9005722403526306,astro-ph/0503429,False,True
astro-ph/0510756,74,0.9005528688430786,1007.3497,False,False
astro-ph/0510756,75,0.9002885818481445,1006.5654,False,False
astro-ph/0510756,76,0.9000160098075867,1103.0679,False,False
astro-ph/0510756,77,0.8998452425003052,1805.05343,False,False
astro-ph/0510756,78,0.8997848629951477,2411.06421,False,False
astro-ph/0510756,79,0.8997761011123657,astro-ph/0112086,True,True
astro-ph/0510756,80,0.8996414542198181,2101.01734,False,False
astro-ph/0510756,81,0.8994706273078918,0906.2197,False,False
astro-ph/0510756,82,0.8993171453475952,1409.0307,False,False
astro-ph/0510756,83,0.8991701602935791,astro-ph/0012415,False,True
astro-ph/0510756,84,0.8990968465805054,astro-ph/0312385,True,True
astro-ph/0510756,85,0.8989353775978088,0708.0076,False,True
astro-ph/0510756,86,0.8985801935195923,2510.05312,False,False
astro-ph/0510756,87,0.8985283970832825,astro-ph/9408072,False,True
astro-ph/0510756,88,0.8978942632675171,1604.01607,False,False
astro-ph/0510756,89,0.8978914022445679,astro-ph/0610380,False,True
astro-ph/0510756,90,0.8978152275085449,astro-ph/0410611,False,True
astro-ph/0510756,91,0.8976755142211914,2506.00240,False,False
astro-ph/0510756,92,0.8975808620452881,1112.1084,False,False
astro-ph/0510756,93,0.8972530961036682,1108.5080,False,False
astro-ph/0510756,94,0.8972383141517639,astro-ph/9902381,False,True
astro-ph/0510756,95,0.8970035314559937,2411.06300,False,False
astro-ph/0510756,96,0.8965170979499817,1302.4436,False,False
astro-ph/0510756,97,0.8960897922515869,2106.14545,False,False
astro-ph/0510756,98,0.8957468867301941,2301.04672,False,False
astro-ph/0510756,99,0.8957061767578125,2310.16257,False,False
astro-ph/0510756,100,0.8956112861633301,0810.2092,False,True
astro-ph/9402047,1,0.9332159757614136,1002.1379,False,False
astro-ph/9402047,2,0.9269798398017883,2507.18199,False,False
astro-ph/9402047,3,0.9241264462471008,astro-ph/0007306,False,True
astro-ph/9402047,4,0.9236688613891602,astro-ph/0603556,False,True
astro-ph/9402047,5,0.9178133010864258,2106.09865,False,False
astro-ph/9402047,6,0.9172455072402954,astro-ph/0611349,False,True
astro-ph/9402047,7,0.9162857532501221,2301.02682,False,False
astro-ph/9402047,8,0.9161314964294434,1511.08168,True,False
astro-ph/9402047,9,0.9158897995948792,0711.0970,False,True
astro-ph/9402047,10,0.9153798818588257,1009.0275,False,False
astro-ph/9402047,11,0.9151400327682495,astro-ph/0612575,False,True
astro-ph/9402047,12,0.9142230749130249,astro-ph/0407354,False,True
astro-ph/9402047,13,0.9129185676574707,1208.1419,False,False
astro-ph/9402047,14,0.9129025936126709,astro-ph/0307385,False,True
astro-ph/9402047,15,0.911840558052063,astro-ph/9708049,False,True
astro-ph/9402047,16,0.911807119846344,1410.4050,False,False
astro-ph/9402047,17,0.9112778902053833,1305.6897,False,False
astro-ph/9402047,18,0.9104876518249512,astro-ph/0410333,False,True
astro-ph/9402047,19,0.9101153612136841,0807.0059,False,True
astro-ph/9402047,20,0.9097646474838257,astro-ph/0104353,False,True
astro-ph/9402047,21,0.909321665763855,astro-ph/0007195,False,True
astro-ph/9402047,22,0.9092327356338501,astro-ph/0610847,False,True
astro-ph/9402047,23,0.9089733958244324,1501.06940,False,False
astro-ph/9402047,24,0.9088948369026184,0906.2195,False,False
astro-ph/9402047,25,0.9088491201400757,1305.0572,False,False
astro-ph/9402047,26,0.908819317817688,1902.05137,False,False
astro-ph/9402047,27,0.9082170724868774,0905.0587,False,False
astro-ph/9402047,28,0.9079464673995972,1512.02616,False,False
astro-ph/9402047,29,0.9075971245765686,2010.06670,False,False
astro-ph/9402047,30,0.9074431657791138,1311.1222,False,False
astro-ph/9402047,31,0.9069200754165649,astro-ph/9903247,False,True
astro-ph/9402047,32,0.9062541723251343,0901.0519,False,False
astro-ph/9402047,33,0.9042758345603943,0803.2551,False,True
astro-ph/9402047,34,0.90423983335495,astro-ph/0104067,True,True
astro-ph/9402047,35,0.9039576649665833,astro-ph/0403592,False,True
astro-ph/9402047,36,0.9035166501998901,astro-ph/9912344,False,True
astro-ph/9402047,37,0.9034585952758789,astro-ph/0403530,False,True
astro-ph/9402047,38,0.9034528136253357,astro-ph/0006333,False,True
astro-ph/9402047,39,0.9032984972000122,1505.03607,False,False
astro-ph/9402047,40,0.9031792879104614,0704.1703,False,True
astro-ph/9402047,41,0.9031538963317871,2510.24516,False,False
astro-ph/9402047,42,0.9030610918998718,1012.0204,False,False
astro-ph/9402047,43,0.9029431939125061,astro-ph/0611884,False,True
astro-ph/9402047,44,0.9028340578079224,astro-ph/0408096,False,True
astro-ph/9402047,45,0.902672529220581,astro-ph/0105524,False,True
astro-ph/9402047,46,0.9021340012550354,2511.13818,False,False
astro-ph/9402047,47,0.902089536190033,0907.5308,False,False
astro-ph/9402047,48,0.9016317129135132,astro-ph/9911468,True,True
astro-ph/9402047,49,0.9015907049179077,1104.4483,False,False
astro-ph/9402047,50,0.9015010595321655,1307.6156,False,False
astro-ph/9402047,51,0.9014137983322144,1702.04422,False,False
astro-ph/9402047,52,0.9013658165931702,astro-ph/9803226,False,True
astro-ph/9402047,53,0.9011366367340088,1212.2664,False,False
astro-ph/9402047,54,0.9011105298995972,0907.1465,False,False
astro-ph/9402047,55,0.9008975028991699,astro-ph/0005080,False,True
astro-ph/9402047,56,0.9006068706512451,0905.1265,False,False
astro-ph/9402047,57,0.9005604982376099,2212.08325,False,False
astro-ph/9402047,58,0.9005433917045593,astro-ph/0306341,False,True
astro-ph/9402047,59,0.9004161953926086,2606.15759,False,False
astro-ph/9402047,60,0.9000605940818787,astro-ph/9902167,False,True
astro-ph/9402047,61,0.8999211192131042,astro-ph/0101494,False,True
astro-ph/9402047,62,0.8998213410377502,astro-ph/0209155,True,True
astro-ph/9402047,63,0.8997384905815125,0708.0203,False,True
astro-ph/9402047,64,0.8995827436447144,0811.0836,False,True
astro-ph/9402047,65,0.8994147777557373,astro-ph/9910517,False,True
astro-ph/9402047,66,0.8993700742721558,astro-ph/9302004,False,True
astro-ph/9402047,67,0.8993496298789978,1205.1612,False,False
astro-ph/9402047,68,0.89837646484375,1003.3257,False,False
astro-ph/9402047,69,0.8983632326126099,2007.10368,False,False
astro-ph/9402047,70,0.8979812264442444,1909.07432,False,False
astro-ph/9402047,71,0.8976936340332031,astro-ph/9707122,False,True
astro-ph/9402047,72,0.8976671099662781,astro-ph/0111120,False,True
astro-ph/9402047,73,0.8975456953048706,astro-ph/0103413,False,True
astro-ph/9402047,74,0.8968755006790161,astro-ph/0312297,False,True
astro-ph/9402047,75,0.8967375755310059,astro-ph/0406310,False,True
astro-ph/9402047,76,0.8967332243919373,2306.09960,False,False
astro-ph/9402047,77,0.8965869545936584,astro-ph/0509896,False,True
astro-ph/9402047,78,0.8965481519699097,astro-ph/0207196,False,True
astro-ph/9402047,79,0.8965386152267456,astro-ph/9801048,False,True
astro-ph/9402047,80,0.8963033556938171,astro-ph/0303597,False,True
astro-ph/9402047,81,0.8960671424865723,1311.7647,False,False
astro-ph/9402047,82,0.8960636854171753,astro-ph/0111193,False,True
astro-ph/9402047,83,0.8958154320716858,astro-ph/0310722,False,True
astro-ph/9402047,84,0.8956769704818726,astro-ph/9801173,False,True
astro-ph/9402047,85,0.8956260085105896,1403.0071,False,False
astro-ph/9402047,86,0.8953420519828796,2203.13419,False,False
astro-ph/9402047,87,0.8953161239624023,2602.05700,False,False
astro-ph/9402047,88,0.8952974081039429,astro-ph/0111049,True,True
astro-ph/9402047,89,0.8950815200805664,2006.15796,False,False
astro-ph/9402047,90,0.8950573801994324,1403.5812,False,False
astro-ph/9402047,91,0.8950363397598267,0708.0674,False,True
astro-ph/9402047,92,0.8948858976364136,1312.6592,True,False
astro-ph/9402047,93,0.8947643041610718,astro-ph/9903418,True,True
astro-ph/9402047,94,0.8944224119186401,astro-ph/9905245,False,True
astro-ph/9402047,95,0.8938613533973694,1603.08796,False,False
astro-ph/9402047,96,0.8932852745056152,1803.07052,False,False
astro-ph/9402047,97,0.8930932283401489,0908.0714,False,False
astro-ph/9402047,98,0.8929122090339661,1509.04533,False,False
astro-ph/9402047,99,0.8928430676460266,2210.05407,True,False
astro-ph/9402047,100,0.8928395509719849,1203.6031,False,False
cond-mat/0109465,1,0.8769855499267578,0909.4206,False,True
cond-mat/0109465,2,0.873759388923645,supr-con/9504001,False,True
cond-mat/0109465,3,0.8696925640106201,1501.01831,False,True
cond-mat/0109465,4,0.867357075214386,0808.2739,False,True
cond-mat/0109465,5,0.866195797920227,cond-mat/9406103,False,False
cond-mat/0109465,6,0.8655409812927246,cond-mat/9510045,True,False
cond-mat/0109465,7,0.86332768201828,2602.10839,False,True
cond-mat/0109465,8,0.8628865480422974,cond-mat/0509313,False,True
cond-mat/0109465,9,0.8612551689147949,1310.4158,False,True
cond-mat/0109465,10,0.8604941368103027,2508.16290,False,True
cond-mat/0109465,11,0.8554354310035706,cond-mat/9908427,False,True
cond-mat/0109465,12,0.8553179502487183,1706.03641,False,True
cond-mat/0109465,13,0.8550606966018677,cond-mat/0102511,False,True
cond-mat/0109465,14,0.8544505834579468,2601.13063,False,True
cond-mat/0109465,15,0.854162335395813,1907.08071,False,True
cond-mat/0109465,16,0.854011058807373,1207.5682,False,True
cond-mat/0109465,17,0.8540045022964478,2103.07008,False,True
cond-mat/0109465,18,0.8514825105667114,2308.13885,False,True
cond-mat/0109465,19,0.8514798879623413,2003.10049,False,False
cond-mat/0109465,20,0.8511021137237549,2003.07946,False,True
cond-mat/0109465,21,0.8507132530212402,cond-mat/0003389,False,True
cond-mat/0109465,22,0.8497138023376465,2102.07323,False,False
cond-mat/0109465,23,0.8487251996994019,1502.04082,True,True
cond-mat/0109465,24,0.8484480381011963,1004.2845,False,True
cond-mat/0109465,25,0.8483633995056152,2002.06130,False,True
cond-mat/0109465,26,0.8472013473510742,cond-mat/0504639,False,True
cond-mat/0109465,27,0.8464342951774597,1802.05276,False,True
cond-mat/0109465,28,0.846119225025177,2603.05123,False,True
cond-mat/0109465,29,0.8456555008888245,cond-mat/0203181,False,True
cond-mat/0109465,30,0.8454489707946777,1904.07561,False,False
cond-mat/0109465,31,0.8448051810264587,0706.2779,False,True
cond-mat/0109465,32,0.8445228338241577,cond-mat/9806233,False,True
cond-mat/0109465,33,0.8428294658660889,cond-mat/0306565,False,True
cond-mat/0109465,34,0.8420591354370117,1805.03540,False,True
cond-mat/0109465,35,0.8408048152923584,1402.1357,False,True
cond-mat/0109465,36,0.8407337665557861,0812.1793,False,True
cond-mat/0109465,37,0.8403541445732117,cond-mat/0305020,False,True
cond-mat/0109465,38,0.8402618765830994,2303.11202,False,True
cond-mat/0109465,39,0.8398399353027344,1704.00263,False,True
cond-mat/0109465,40,0.8395745158195496,2111.14926,False,True
cond-mat/0109465,41,0.838807225227356,1112.1207,False,True
cond-mat/0109465,42,0.8387377262115479,cond-mat/0001162,False,False
cond-mat/0109465,43,0.8387055397033691,2002.05393,True,True
cond-mat/0109465,44,0.8386957049369812,1402.3114,False,True
cond-mat/0109465,45,0.8383097052574158,cond-mat/0405285,False,True
cond-mat/0109465,46,0.8379241228103638,cond-mat/0006027,False,True
cond-mat/0109465,47,0.8378336429595947,cond-mat/0612362,False,True
cond-mat/0109465,48,0.8375564217567444,2003.06597,False,True
cond-mat/0109465,49,0.8365870118141174,cond-mat/0210325,False,True
cond-mat/0109465,50,0.8361497521400452,1309.1745,False,True
cond-mat/0109465,51,0.8358145952224731,1103.2450,False,False
cond-mat/0109465,52,0.8357428312301636,1610.00110,False,True
cond-mat/0109465,53,0.8355613350868225,2107.02659,False,True
cond-mat/0109465,54,0.8355458974838257,cond-mat/9507078,False,False
cond-mat/0109465,55,0.8354647755622864,1505.03849,False,True
cond-mat/0109465,56,0.8353911638259888,0705.0928,False,True
cond-mat/0109465,57,0.8353865146636963,1912.01509,False,True
cond-mat/0109465,58,0.8351826071739197,1306.1815,False,True
cond-mat/0109465,59,0.8351131081581116,cond-mat/0212263,False,True
cond-mat/0109465,60,0.8345375061035156,1110.0934,False,False
cond-mat/0109465,61,0.8345316648483276,1410.8583,False,True
cond-mat/0109465,62,0.8337835669517517,2201.04340,False,True
cond-mat/0109465,63,0.8337522745132446,2502.02551,False,True
cond-mat/0109465,64,0.8336930274963379,1808.05592,True,False
cond-mat/0109465,65,0.8334698677062988,2112.12627,False,True
cond-mat/0109465,66,0.8325123190879822,2103.05641,True,True
cond-mat/0109465,67,0.8324946761131287,1610.05808,False,True
cond-mat/0109465,68,0.832392692565918,cond-mat/0108107,False,True
cond-mat/0109465,69,0.8318354487419128,2310.10726,False,False
cond-mat/0109465,70,0.8315403461456299,1607.07551,False,True
cond-mat/0109465,71,0.8312031030654907,2512.18005,False,True
cond-mat/0109465,72,0.8302439451217651,0809.1966,False,True
cond-mat/0109465,73,0.8298683762550354,2302.10733,False,False
cond-mat/0109465,74,0.8298540711402893,2307.07795,False,True
cond-mat/0109465,75,0.8289672136306763,1206.5492,False,False
cond-mat/0109465,76,0.8286994695663452,2405.09665,False,False
cond-mat/0109465,77,0.8279216885566711,1312.6864,False,False
cond-mat/0109465,78,0.8276159763336182,cond-mat/0603648,False,True
cond-mat/0109465,79,0.8273921608924866,2503.11362,False,True
cond-mat/0109465,80,0.8272173404693604,0812.1437,False,True
cond-mat/0109465,81,0.8271632790565491,2207.06751,False,True
cond-mat/0109465,82,0.8267869353294373,1512.00041,False,False
cond-mat/0109465,83,0.8267807364463806,1211.5104,False,True
cond-mat/0109465,84,0.8265990614891052,2203.06769,False,True
cond-mat/0109465,85,0.8262900710105896,1010.1881,False,False
cond-mat/0109465,86,0.8261058330535889,2106.03859,False,True
cond-mat/0109465,87,0.8260688781738281,1710.08229,False,False
cond-mat/0109465,88,0.825948178768158,1103.0938,True,True
cond-mat/0109465,89,0.825629472732544,1604.08725,False,False
cond-mat/0109465,90,0.8256012201309204,2605.01651,False,True
cond-mat/0109465,91,0.8252610564231873,1612.03228,False,True
cond-mat/0109465,92,0.8248937726020813,2603.17777,False,True
cond-mat/0109465,93,0.8248642086982727,cond-mat/0603743,False,True
cond-mat/0109465,94,0.8247552514076233,1502.07324,False,True
cond-mat/0109465,95,0.8240364193916321,2604.27822,False,True
cond-mat/0109465,96,0.8236426115036011,1609.03010,False,True
cond-mat/0109465,97,0.8236405849456787,1304.3231,False,False
cond-mat/0109465,98,0.8235148191452026,cond-mat/0202243,False,True
cond-mat/0109465,99,0.8234726786613464,1502.02273,False,True
cond-mat/0109465,100,0.8232700228691101,2212.06237,False,True
cond-mat/0305445,1,0.895989179611206,2009.14006,False,False
cond-mat/0305445,2,0.8955124020576477,2308.05203,False,False
cond-mat/0305445,3,0.89531409740448,cond-mat/9909069,False,False
cond-mat/0305445,4,0.8921962976455688,cond-mat/9910321,False,False
cond-mat/0305445,5,0.8919020295143127,cond-mat/0003020,False,False
cond-mat/0305445,6,0.8908200263977051,1708.07192,False,False
cond-mat/0305445,7,0.8898640871047974,1202.3336,False,False
cond-mat/0305445,8,0.8890492916107178,cond-mat/9611097,False,False
cond-mat/0305445,9,0.8876765966415405,2411.07373,False,False
cond-mat/0305445,10,0.8868300318717957,1402.4012,False,True
cond-mat/0305445,11,0.8857325315475464,0807.0289,False,False
cond-mat/0305445,12,0.8856163620948792,1510.08218,False,False
cond-mat/0305445,13,0.885528564453125,cond-mat/0207429,False,False
cond-mat/0305445,14,0.8846153616905212,nlin/0312058,False,False
cond-mat/0305445,15,0.8817174434661865,2504.00193,False,False
cond-mat/0305445,16,0.8810703754425049,0710.2095,False,False
cond-mat/0305445,17,0.8803415298461914,2008.03644,False,False
cond-mat/0305445,18,0.879661500453949,2401.15402,False,False
cond-mat/0305445,19,0.8792917728424072,2407.00311,False,False
cond-mat/0305445,20,0.8789524435997009,hep-th/0409278,False,False
cond-mat/0305445,21,0.8784461617469788,cond-mat/9404055,False,False
cond-mat/0305445,22,0.8780189156532288,1605.03219,False,False
cond-mat/0305445,23,0.8779502511024475,1002.4771,False,False
cond-mat/0305445,24,0.877605676651001,cond-mat/9910151,False,False
cond-mat/0305445,25,0.8773806095123291,1207.3355,False,False
cond-mat/0305445,26,0.8765562772750854,1304.7619,False,False
cond-mat/0305445,27,0.8764176964759827,2504.15116,False,False
cond-mat/0305445,28,0.8760306239128113,hep-th/0109028,False,False
cond-mat/0305445,29,0.8760142922401428,1011.2260,False,False
cond-mat/0305445,30,0.8759417533874512,hep-th/0110151,False,False
cond-mat/0305445,31,0.8757092356681824,cond-mat/0312246,False,False
cond-mat/0305445,32,0.8756810426712036,1003.2566,False,False
cond-mat/0305445,33,0.8755184412002563,2204.13804,True,True
cond-mat/0305445,34,0.8754551410675049,1108.1078,False,True
cond-mat/0305445,35,0.8753801584243774,cond-mat/9904376,False,False
cond-mat/0305445,36,0.8753398656845093,2106.09356,False,False
cond-mat/0305445,37,0.8752570748329163,1711.04660,False,False
cond-mat/0305445,38,0.875150740146637,2506.23356,False,False
cond-mat/0305445,39,0.8751299381256104,2409.13775,False,False
cond-mat/0305445,40,0.8751185536384583,2002.02678,False,False
cond-mat/0305445,41,0.8749274611473083,1606.07590,False,True
cond-mat/0305445,42,0.8744143843650818,1104.5124,False,False
cond-mat/0305445,43,0.8741501569747925,cond-mat/9912079,False,False
cond-mat/0305445,44,0.8740304708480835,1807.06039,False,True
cond-mat/0305445,45,0.8738869428634644,cond-mat/0508618,True,False
cond-mat/0305445,46,0.8737149238586426,2010.09742,True,False
cond-mat/0305445,47,0.8736684322357178,1910.06341,False,False
cond-mat/0305445,48,0.8731496930122375,2603.26826,False,False
cond-mat/0305445,49,0.87242192029953,nucl-th/9410012,False,False
cond-mat/0305445,50,0.8720920085906982,hep-th/0503076,False,False
cond-mat/0305445,51,0.8719198703765869,2008.07477,False,False
cond-mat/0305445,52,0.8717119097709656,1010.0853,False,True
cond-mat/0305445,53,0.8714188933372498,cond-mat/9810395,True,False
cond-mat/0305445,54,0.8711888194084167,1312.2354,False,False
cond-mat/0305445,55,0.8710393905639648,hep-th/9303178,False,False
cond-mat/0305445,56,0.870927095413208,nlin/0409055,True,False
cond-mat/0305445,57,0.8704906105995178,0809.2857,False,False
cond-mat/0305445,58,0.8703550100326538,1501.00228,False,False
cond-mat/0305445,59,0.8701457977294922,1507.04352,False,False
cond-mat/0305445,60,0.8697364330291748,1602.00862,False,False
cond-mat/0305445,61,0.8694885969161987,quant-ph/0607001,False,False
cond-mat/0305445,62,0.8694712519645691,1405.2519,False,False
cond-mat/0305445,63,0.8692483305931091,cond-mat/0012018,False,False
cond-mat/0305445,64,0.8687833547592163,2201.12653,False,False
cond-mat/0305445,65,0.8684023022651672,0906.3957,False,False
cond-mat/0305445,66,0.8679909110069275,1611.05229,True,False
cond-mat/0305445,67,0.8679755926132202,2004.04162,False,False
cond-mat/0305445,68,0.8676908016204834,2309.16469,False,False
cond-mat/0305445,69,0.8676666021347046,1304.5689,False,False
cond-mat/0305445,70,0.867490291595459,2110.10029,False,False
cond-mat/0305445,71,0.8673380017280579,0902.0836,False,False
cond-mat/0305445,72,0.8672627806663513,1611.01014,False,False
cond-mat/0305445,73,0.867141842842102,cond-mat/9910271,False,False
cond-mat/0305445,74,0.8670367002487183,2203.01513,False,False
cond-mat/0305445,75,0.8668079972267151,1806.08060,False,False
cond-mat/0305445,76,0.866736888885498,1104.4923,False,False
cond-mat/0305445,77,0.8667283058166504,1111.0988,False,False
cond-mat/0305445,78,0.8663179874420166,cond-mat/9906129,False,False
cond-mat/0305445,79,0.8662707209587097,1904.00019,False,False
cond-mat/0305445,80,0.8657369017601013,1605.08192,False,False
cond-mat/0305445,81,0.8655362725257874,1011.4943,False,False
cond-mat/0305445,82,0.8655107617378235,1409.5210,False,True
cond-mat/0305445,83,0.8654895424842834,2411.03967,False,False
cond-mat/0305445,84,0.865446925163269,cond-mat/0208451,False,True
cond-mat/0305445,85,0.8653790950775146,quant-ph/0111105,False,False
cond-mat/0305445,86,0.8651492595672607,1912.01791,False,False
cond-mat/0305445,87,0.8646426200866699,hep-lat/9902021,False,False
cond-mat/0305445,88,0.8645625114440918,2404.12301,False,False
cond-mat/0305445,89,0.8645462989807129,1005.4308,False,False
cond-mat/0305445,90,0.8643872141838074,2502.03181,False,False
cond-mat/0305445,91,0.8642164468765259,1409.7382,False,False
cond-mat/0305445,92,0.864025890827179,1311.6270,False,False
cond-mat/0305445,93,0.863976776599884,hep-ph/9412388,False,False
cond-mat/0305445,94,0.8639317154884338,cond-mat/0310028,False,False
cond-mat/0305445,95,0.8637595772743225,quant-ph/0305131,False,False
cond-mat/0305445,96,0.8637429475784302,1105.3615,False,False
cond-mat/0305445,97,0.8636267185211182,2012.11558,False,True
cond-mat/0305445,98,0.8636207580566406,1201.4629,False,False
cond-mat/0305445,99,0.8631188869476318,cond-mat/0512558,False,False
cond-mat/0305445,100,0.863071858882904,2108.08099,False,False
cond-mat/0306272,1,0.8752410411834717,1105.0373,False,True
cond-mat/0306272,2,0.8728004693984985,2201.02271,False,True
cond-mat/0306272,3,0.8727183938026428,cond-mat/9803388,False,True
cond-mat/0306272,4,0.8713247776031494,cond-mat/0507394,False,True
cond-mat/0306272,5,0.866742730140686,cond-mat/9508014,False,False
cond-mat/0306272,6,0.8667152523994446,2107.01160,False,True
cond-mat/0306272,7,0.8641772270202637,1605.08619,False,False
cond-mat/0306272,8,0.8625059127807617,1407.6683,False,True
cond-mat/0306272,9,0.860837459564209,2305.18468,False,True
cond-mat/0306272,10,0.8599345684051514,2501.04465,False,True
cond-mat/0306272,11,0.858307421207428,1910.02980,True,False
cond-mat/0306272,12,0.8579729199409485,cond-mat/0301228,False,False
cond-mat/0306272,13,0.8560009002685547,2502.15744,False,True
cond-mat/0306272,14,0.8552183508872986,2209.14287,False,True
cond-mat/0306272,15,0.8547049164772034,1405.2742,False,False
cond-mat/0306272,16,0.8541277050971985,0910.5085,False,True
cond-mat/0306272,17,0.8536939024925232,cond-mat/9304047,False,False
cond-mat/0306272,18,0.8534522652626038,1402.0502,True,True
cond-mat/0306272,19,0.8531632423400879,cond-mat/0110345,False,True
cond-mat/0306272,20,0.8528670072555542,1911.03386,False,False
cond-mat/0306272,21,0.8512825965881348,cond-mat/0008436,False,True
cond-mat/0306272,22,0.8509342074394226,nucl-ex/0201020,False,False
cond-mat/0306272,23,0.8504400253295898,2512.02241,False,True
cond-mat/0306272,24,0.8497744202613831,cond-mat/9906350,False,True
cond-mat/0306272,25,0.8492056131362915,hep-lat/0402015,False,True
cond-mat/0306272,26,0.8491755127906799,hep-lat/0702018,False,True
cond-mat/0306272,27,0.8482990860939026,nlin/0501001,False,False
cond-mat/0306272,28,0.8467455506324768,cond-mat/0601075,False,False
cond-mat/0306272,29,0.8465501666069031,1601.05807,False,True
cond-mat/0306272,30,0.8459487557411194,2511.16798,False,False
cond-mat/0306272,31,0.8457568883895874,nucl-th/9809079,False,False
cond-mat/0306272,32,0.8456145524978638,1907.10948,False,False
cond-mat/0306272,33,0.8451713919639587,2308.01287,False,True
cond-mat/0306272,34,0.8451099991798401,hep-lat/0504011,False,True
cond-mat/0306272,35,0.8440794348716736,hep-th/9511174,False,False
cond-mat/0306272,36,0.8439879417419434,cond-mat/0108544,False,True
cond-mat/0306272,37,0.8437418341636658,1303.2657,False,False
cond-mat/0306272,38,0.8432939648628235,cond-mat/0410045,False,True
cond-mat/0306272,39,0.8429863452911377,1012.1136,False,True
cond-mat/0306272,40,0.8429319262504578,1106.2939,False,True
cond-mat/0306272,41,0.8428013324737549,1811.05496,False,True
cond-mat/0306272,42,0.8427537083625793,hep-ph/0505182,False,True
cond-mat/0306272,43,0.8426799178123474,cond-mat/0006048,False,True
cond-mat/0306272,44,0.84246826171875,2301.10103,False,False
cond-mat/0306272,45,0.8422760963439941,2202.04904,False,True
cond-mat/0306272,46,0.842185378074646,1403.1812,False,False
cond-mat/0306272,47,0.842019259929657,hep-ph/0208139,False,False
cond-mat/0306272,48,0.8418329954147339,1501.00986,False,True
cond-mat/0306272,49,0.8403091430664062,0903.5366,False,True
cond-mat/0306272,50,0.8402557373046875,1909.02774,False,False
cond-mat/0306272,51,0.8401902914047241,1911.11101,False,True
cond-mat/0306272,52,0.8398396968841553,cond-mat/9302020,False,False
cond-mat/0306272,53,0.8396127820014954,1708.03927,False,True
cond-mat/0306272,54,0.8396127223968506,1611.00251,False,False
cond-mat/0306272,55,0.8394429087638855,cond-mat/0005197,False,True
cond-mat/0306272,56,0.8394280076026917,1203.0985,False,True
cond-mat/0306272,57,0.8391241431236267,cond-mat/0402294,False,True
cond-mat/0306272,58,0.8388310670852661,cond-mat/9710044,False,True
cond-mat/0306272,59,0.8387625217437744,0810.3824,False,True
cond-mat/0306272,60,0.8386572599411011,2504.04304,False,True
cond-mat/0306272,61,0.8382158279418945,cond-mat/0205283,True,True
cond-mat/0306272,62,0.8380919098854065,1606.07590,False,True
cond-mat/0306272,63,0.8370826244354248,2506.14214,False,True
cond-mat/0306272,64,0.8364127278327942,hep-th/9303178,False,False
cond-mat/0306272,65,0.8363605737686157,cond-mat/9812120,False,False
cond-mat/0306272,66,0.8363120555877686,1202.0259,False,True
cond-mat/0306272,67,0.8362084627151489,2009.01833,False,False
cond-mat/0306272,68,0.8361296653747559,2505.23136,False,False
cond-mat/0306272,69,0.8360967040061951,cond-mat/0307595,False,True
cond-mat/0306272,70,0.8360539674758911,1607.08286,False,True
cond-mat/0306272,71,0.8357167840003967,2111.10993,False,True
cond-mat/0306272,72,0.8356564044952393,cond-mat/9609031,False,False
cond-mat/0306272,73,0.8354388475418091,nlin/0003038,False,True
cond-mat/0306272,74,0.8351163864135742,1109.3022,False,True
cond-mat/0306272,75,0.8349136710166931,cond-mat/9908164,False,True
cond-mat/0306272,76,0.834618091583252,1410.4523,False,True
cond-mat/0306272,77,0.8345507979393005,2203.17183,False,False
cond-mat/0306272,78,0.834399938583374,2204.13804,True,True
cond-mat/0306272,79,0.8342068195343018,1509.00791,False,False
cond-mat/0306272,80,0.834175705909729,cond-mat/9705155,False,True
cond-mat/0306272,81,0.8336231708526611,1806.10727,False,True
cond-mat/0306272,82,0.8334790468215942,1905.05133,False,False
cond-mat/0306272,83,0.8332886099815369,0807.1597,False,True
cond-mat/0306272,84,0.8331949710845947,1901.05923,False,True
cond-mat/0306272,85,0.8327293395996094,cond-mat/9909121,False,False
cond-mat/0306272,86,0.8322947025299072,cond-mat/0402188,False,True
cond-mat/0306272,87,0.8321331143379211,0909.3675,False,True
cond-mat/0306272,88,0.8319135904312134,cond-mat/0006233,False,True
cond-mat/0306272,89,0.8317641019821167,1412.5046,False,True
cond-mat/0306272,90,0.8316535353660583,1908.10361,False,False
cond-mat/0306272,91,0.8315759301185608,2410.00303,False,False
cond-mat/0306272,92,0.8314198851585388,1511.06928,False,False
cond-mat/0306272,93,0.831402599811554,1904.00913,False,False
cond-mat/0306272,94,0.8313379287719727,1101.4447,False,False
cond-mat/0306272,95,0.8313202857971191,1811.06519,False,False
cond-mat/0306272,96,0.8308899402618408,2204.13300,False,False
cond-mat/0306272,97,0.8308714628219604,hep-lat/9311051,False,True
cond-mat/0306272,98,0.8304855227470398,2509.17362,False,False
cond-mat/0306272,99,0.8304428458213806,1509.07351,False,False
cond-mat/0306272,100,0.8304340243339539,1404.3978,False,False
cond-mat/0307127,1,0.8715884685516357,2603.05123,False,True
cond-mat/0307127,2,0.8689043521881104,1704.00915,False,False
cond-mat/0307127,3,0.8665623664855957,0808.0744,False,True
cond-mat/0307127,4,0.8659423589706421,2506.06070,False,True
cond-mat/0307127,5,0.8657482266426086,cond-mat/0209005,False,True
cond-mat/0307127,6,0.8648958206176758,2103.16798,False,False
cond-mat/0307127,7,0.8648688793182373,2512.18005,False,True
cond-mat/0307127,8,0.8640714883804321,2205.12296,False,True
cond-mat/0307127,9,0.863228976726532,1606.02403,False,True
cond-mat/0307127,10,0.862902820110321,1202.2959,False,True
cond-mat/0307127,11,0.86274653673172,cond-mat/0411041,False,True
cond-mat/0307127,12,0.8626275658607483,1505.08160,False,True
cond-mat/0307127,13,0.8611963391304016,2401.10888,False,True
cond-mat/0307127,14,0.8611708879470825,1105.4832,False,True
cond-mat/0307127,15,0.8610050678253174,2507.19853,False,True
cond-mat/0307127,16,0.8598160743713379,1706.03641,False,True
cond-mat/0307127,17,0.8592641353607178,2605.16580,False,True
cond-mat/0307127,18,0.8591586351394653,1812.09202,False,True
cond-mat/0307127,19,0.8590666651725769,2207.07448,False,True
cond-mat/0307127,20,0.8587235808372498,1411.3689,False,True
cond-mat/0307127,21,0.8566149473190308,1407.0746,False,True
cond-mat/0307127,22,0.855288028717041,0805.4509,False,True
cond-mat/0307127,23,0.8550766706466675,cond-mat/9309009,False,False
cond-mat/0307127,24,0.8549841046333313,2112.12254,False,True
cond-mat/0307127,25,0.8543339967727661,1409.1537,False,True
cond-mat/0307127,26,0.8537390232086182,1005.0601,False,True
cond-mat/0307127,27,0.8536093235015869,0711.0440,False,True
cond-mat/0307127,28,0.8533872365951538,cond-mat/0210705,False,False
cond-mat/0307127,29,0.8532086610794067,1812.01249,False,True
cond-mat/0307127,30,0.853200376033783,2503.12922,False,True
cond-mat/0307127,31,0.852756917476654,1003.5701,False,True
cond-mat/0307127,32,0.8512741327285767,2210.12117,False,True
cond-mat/0307127,33,0.8508856892585754,2308.03237,False,True
cond-mat/0307127,34,0.8508716821670532,1409.4956,False,True
cond-mat/0307127,35,0.8507434725761414,cond-mat/9806233,False,True
cond-mat/0307127,36,0.8507324457168579,0810.1818,False,True
cond-mat/0307127,37,0.8503163456916809,cond-mat/0503662,False,True
cond-mat/0307127,38,0.8490957021713257,1009.4185,False,True
cond-mat/0307127,39,0.8486818075180054,0912.3334,False,True
cond-mat/0307127,40,0.8485113382339478,1904.07819,False,True
cond-mat/0307127,41,0.848311722278595,2205.14242,False,True
cond-mat/0307127,42,0.8478173613548279,2106.07309,False,False
cond-mat/0307127,43,0.8478078842163086,1702.02782,False,True
cond-mat/0307127,44,0.8474797010421753,cond-mat/0601430,False,True
cond-mat/0307127,45,0.8471542596817017,1804.10702,False,True
cond-mat/0307127,46,0.8469886779785156,2103.09188,False,True
cond-mat/0307127,47,0.8467715382575989,1402.3114,False,True
cond-mat/0307127,48,0.8464629650115967,2210.02754,False,True
cond-mat/0307127,49,0.8462116718292236,2503.11362,False,True
cond-mat/0307127,50,0.846196174621582,1208.5192,True,True
cond-mat/0307127,51,0.8459218740463257,1710.08173,False,True
cond-mat/0307127,52,0.8458898663520813,1312.3209,False,True
cond-mat/0307127,53,0.8456966280937195,1309.7671,False,True
cond-mat/0307127,54,0.8456541299819946,cond-mat/9801294,False,True
cond-mat/0307127,55,0.845576822757721,1409.4118,False,True
cond-mat/0307127,56,0.845449686050415,2002.03900,False,True
cond-mat/0307127,57,0.8453463912010193,2406.05293,False,True
cond-mat/0307127,58,0.8450371026992798,2606.11153,False,False
cond-mat/0307127,59,0.8444696664810181,2004.01405,False,True
cond-mat/0307127,60,0.844231128692627,0904.0767,False,True
cond-mat/0307127,61,0.8441916108131409,2003.02408,False,False
cond-mat/0307127,62,0.8431838154792786,1612.03470,False,True
cond-mat/0307127,63,0.8428238034248352,2112.05859,False,True
cond-mat/0307127,64,0.8421153426170349,0804.4115,False,True
cond-mat/0307127,65,0.8420166969299316,2412.02537,False,True
cond-mat/0307127,66,0.8416600227355957,2208.08634,False,True
cond-mat/0307127,67,0.8415903449058533,2512.08471,False,False
cond-mat/0307127,68,0.8412556648254395,cond-mat/0611429,False,True
cond-mat/0307127,69,0.841214656829834,1912.01868,False,True
cond-mat/0307127,70,0.8410719037055969,2505.11732,False,True
cond-mat/0307127,71,0.8406487107276917,1101.3358,False,True
cond-mat/0307127,72,0.8401297330856323,cond-mat/0609250,False,True
cond-mat/0307127,73,0.8398222327232361,cond-mat/0205557,True,True
cond-mat/0307127,74,0.8397879004478455,0804.2403,True,True
cond-mat/0307127,75,0.8397509455680847,cond-mat/0205113,False,True
cond-mat/0307127,76,0.8396737575531006,cond-mat/0310034,False,True
cond-mat/0307127,77,0.8396716117858887,2603.17635,False,True
cond-mat/0307127,78,0.839641809463501,2502.18926,False,False
cond-mat/0307127,79,0.839572012424469,1005.2032,False,True
cond-mat/0307127,80,0.8395557403564453,1810.07879,False,False
cond-mat/0307127,81,0.8395295739173889,1805.04102,False,True
cond-mat/0307127,82,0.8395148515701294,2405.20714,False,True
cond-mat/0307127,83,0.839377760887146,cond-mat/9708119,False,True
cond-mat/0307127,84,0.8393340110778809,2210.01481,False,False
cond-mat/0307127,85,0.8393265008926392,cond-mat/0210683,False,True
cond-mat/0307127,86,0.8393021821975708,0805.4251,False,True
cond-mat/0307127,87,0.8390388488769531,1708.04090,False,True
cond-mat/0307127,88,0.8390267491340637,0705.0928,False,True
cond-mat/0307127,89,0.8388620018959045,1003.4320,False,False
cond-mat/0307127,90,0.8387712836265564,2004.08319,False,True
cond-mat/0307127,91,0.8386478424072266,cond-mat/0509414,False,True
cond-mat/0307127,92,0.8382487297058105,1210.2593,False,True
cond-mat/0307127,93,0.8374077677726746,1205.0598,False,True
cond-mat/0307127,94,0.837295651435852,supr-con/9504001,False,True
cond-mat/0307127,95,0.8369364738464355,1005.2121,False,True
cond-mat/0307127,96,0.8368957042694092,cond-mat/0311441,False,True
cond-mat/0307127,97,0.8368934392929077,1211.5855,False,True
cond-mat/0307127,98,0.8367487788200378,2202.11569,False,True
cond-mat/0307127,99,0.8367273807525635,0908.3442,False,True
cond-mat/0307127,100,0.8367202281951904,1211.1443,False,True
gr-qc/0102040,1,0.8549676537513733,2107.00457,False,True
gr-qc/0102040,2,0.8536144495010376,gr-qc/0101081,False,True
gr-qc/0102040,3,0.8369293808937073,1303.1863,True,True
gr-qc/0102040,4,0.8365166187286377,2511.14733,False,False
gr-qc/0102040,5,0.8344637155532837,astro-ph/9404016,False,False
gr-qc/0102040,6,0.8324612379074097,2308.12571,False,False
gr-qc/0102040,7,0.8308452367782593,nlin/0003038,False,False
gr-qc/0102040,8,0.8294557332992554,2207.10310,False,False
gr-qc/0102040,9,0.829350471496582,gr-qc/0005116,False,True
gr-qc/0102040,10,0.8278293609619141,1112.1071,True,False
gr-qc/0102040,11,0.8270203471183777,astro-ph/0105286,True,False
gr-qc/0102040,12,0.8261850476264954,1305.0259,False,True
gr-qc/0102040,13,0.8260577917098999,1501.04134,False,True
gr-qc/0102040,14,0.8237515091896057,0906.0990,False,True
gr-qc/0102040,15,0.8237228393554688,astro-ph/0602564,False,False
gr-qc/0102040,16,0.8234827518463135,0803.0131,False,False
gr-qc/0102040,17,0.8232439756393433,1508.01896,True,True
gr-qc/0102040,18,0.8232248425483704,2010.06074,False,False
gr-qc/0102040,19,0.8225923776626587,2404.19046,False,True
gr-qc/0102040,20,0.8220022320747375,1001.2031,False,True
gr-qc/0102040,21,0.8215019106864929,gr-qc/0408006,False,True
gr-qc/0102040,22,0.8209245800971985,1604.01157,False,True
gr-qc/0102040,23,0.8206125497817993,1803.10526,False,False
gr-qc/0102040,24,0.8202958703041077,1808.02438,False,False
gr-qc/0102040,25,0.819316029548645,2205.00721,False,False
gr-qc/0102040,26,0.8189694881439209,2204.14206,False,False
gr-qc/0102040,27,0.8185316324234009,astro-ph/0502287,False,False
gr-qc/0102040,28,0.8183695673942566,0706.2802,False,True
gr-qc/0102040,29,0.817947506904602,2310.16643,False,True
gr-qc/0102040,30,0.8178318738937378,0812.1984,False,False
gr-qc/0102040,31,0.8171674013137817,1511.00303,False,False
gr-qc/0102040,32,0.8171055912971497,1307.0561,False,False
gr-qc/0102040,33,0.8170909285545349,2206.01219,False,False
gr-qc/0102040,34,0.8170908093452454,0704.2747,False,False
gr-qc/0102040,35,0.8166659474372864,1704.07805,False,False
gr-qc/0102040,36,0.8161158561706543,astro-ph/9712353,False,False
gr-qc/0102040,37,0.8160272240638733,2507.02570,False,False
gr-qc/0102040,38,0.8156387805938721,2205.03935,False,False
gr-qc/0102040,39,0.8155250549316406,2002.02654,True,False
gr-qc/0102040,40,0.81551194190979,2403.12651,False,False
gr-qc/0102040,41,0.8153796792030334,2308.01972,False,False
gr-qc/0102040,42,0.8149769306182861,2310.07042,False,False
gr-qc/0102040,43,0.8146886229515076,1002.3611,False,False
gr-qc/0102040,44,0.8145223259925842,2509.06869,False,False
gr-qc/0102040,45,0.8145036697387695,2510.26866,False,True
gr-qc/0102040,46,0.814405083656311,1104.0677,False,False
gr-qc/0102040,47,0.8142901062965393,astro-ph/9512071,False,True
gr-qc/0102040,48,0.8142324090003967,1512.05807,False,False
gr-qc/0102040,49,0.8141864538192749,1505.04792,True,False
gr-qc/0102040,50,0.8135082721710205,1410.8527,False,True
gr-qc/0102040,51,0.8131719827651978,1502.07507,False,False
gr-qc/0102040,52,0.812613844871521,cond-mat/0508263,False,False
gr-qc/0102040,53,0.8125650882720947,cond-mat/0409511,False,False
gr-qc/0102040,54,0.8124284744262695,2112.11526,False,True
gr-qc/0102040,55,0.8124099373817444,1808.07502,True,True
gr-qc/0102040,56,0.8123351335525513,2501.17169,False,True
gr-qc/0102040,57,0.8123049736022949,1604.04601,False,False
gr-qc/0102040,58,0.8118441104888916,1108.1672,False,True
gr-qc/0102040,59,0.8117771744728088,2407.07892,False,True
gr-qc/0102040,60,0.8114201426506042,1608.08034,False,False
gr-qc/0102040,61,0.8109471201896667,1305.3413,False,False
gr-qc/0102040,62,0.8101575970649719,astro-ph/9810093,False,False
gr-qc/0102040,63,0.809778094291687,2212.11620,False,True
gr-qc/0102040,64,0.8097646236419678,1004.0227,False,False
gr-qc/0102040,65,0.8096804618835449,astro-ph/9810364,False,False
gr-qc/0102040,66,0.8093893527984619,1908.11377,False,False
gr-qc/0102040,67,0.8092987537384033,2403.01986,False,False
gr-qc/0102040,68,0.8089277744293213,1011.2601,False,True
gr-qc/0102040,69,0.8084790110588074,hep-th/0212205,False,False
gr-qc/0102040,70,0.8082669377326965,0809.4752,False,True
gr-qc/0102040,71,0.807949960231781,2504.04304,False,False
gr-qc/0102040,72,0.8079320788383484,2006.16227,False,False
gr-qc/0102040,73,0.8078426122665405,2102.00960,False,False
gr-qc/0102040,74,0.8078115582466125,astro-ph/9812329,True,False
gr-qc/0102040,75,0.8072004318237305,astro-ph/0702201,False,False
gr-qc/0102040,76,0.8071684837341309,1608.01773,False,False
gr-qc/0102040,77,0.8071670532226562,0807.0401,True,True
gr-qc/0102040,78,0.8071340918540955,1606.02331,False,False
gr-qc/0102040,79,0.8070629835128784,1011.5485,False,False
gr-qc/0102040,80,0.806990921497345,1412.3236,False,False
gr-qc/0102040,81,0.806657612323761,quant-ph/9902074,False,False
gr-qc/0102040,82,0.8065962195396423,gr-qc/0404119,False,True
gr-qc/0102040,83,0.806490421295166,1912.09459,False,False
gr-qc/0102040,84,0.8063217401504517,2102.04404,False,False
gr-qc/0102040,85,0.8063197731971741,2210.11221,False,False
gr-qc/0102040,86,0.8061415553092957,2207.12789,False,False
gr-qc/0102040,87,0.8059253692626953,1807.09005,False,False
gr-qc/0102040,88,0.8058407306671143,0905.1452,False,False
gr-qc/0102040,89,0.8058077692985535,cond-mat/9808335,False,False
gr-qc/0102040,90,0.8056166172027588,cond-mat/0402188,False,False
gr-qc/0102040,91,0.805544376373291,2001.09579,False,False
gr-qc/0102040,92,0.8054277896881104,0907.2339,False,True
gr-qc/0102040,93,0.8052899837493896,2312.02072,False,False
gr-qc/0102040,94,0.8052452802658081,1007.1893,False,False
gr-qc/0102040,95,0.805130124092102,1811.06519,False,False
gr-qc/0102040,96,0.8050764203071594,1002.4610,False,True
gr-qc/0102040,97,0.8049010038375854,2411.16071,False,False
gr-qc/0102040,98,0.80451899766922,2510.23255,False,False
gr-qc/0102040,99,0.8044012188911438,gr-qc/9309004,False,True
gr-qc/0102040,100,0.8043565154075623,1911.00091,False,False
hep-lat/0203030,1,0.9295877814292908,2501.16185,False,True
hep-lat/0203030,2,0.928870677947998,hep-th/9908026,False,True
hep-lat/0203030,3,0.9286571741104126,1011.5917,False,True
hep-lat/0203030,4,0.9252038598060608,1409.8442,False,True
hep-lat/0203030,5,0.9224417209625244,0910.0441,False,True
hep-lat/0203030,6,0.9200959205627441,hep-lat/0002027,False,True
hep-lat/0203030,7,0.9197303056716919,hep-lat/0203013,False,True
hep-lat/0203030,8,0.9176376461982727,1304.8130,False,True
hep-lat/0203030,9,0.9164261221885681,1711.00130,False,True
hep-lat/0203030,10,0.9141895771026611,hep-lat/0112019,False,True
hep-lat/0203030,11,0.9135836958885193,hep-lat/9302004,False,True
hep-lat/0203030,12,0.9132221341133118,hep-th/9311162,False,False
hep-lat/0203030,13,0.9124940633773804,hep-lat/0205026,False,True
hep-lat/0203030,14,0.9123081564903259,1505.06571,False,False
hep-lat/0203030,15,0.912288248538971,1206.5772,False,True
hep-lat/0203030,16,0.9110034704208374,1409.1799,False,False
hep-lat/0203030,17,0.9090840220451355,2104.02051,False,False
hep-lat/0203030,18,0.9080901741981506,1612.01676,False,True
hep-lat/0203030,19,0.9061257839202881,hep-th/0303132,False,False
hep-lat/0203030,20,0.9056342840194702,hep-th/0306068,False,False
hep-lat/0203030,21,0.9037227034568787,1311.2679,False,True
hep-lat/0203030,22,0.9032502174377441,1705.08911,True,False
hep-lat/0203030,23,0.9032109975814819,2205.07930,False,False
hep-lat/0203030,24,0.9030991792678833,2309.17109,False,True
hep-lat/0203030,25,0.9026744365692139,math-ph/0012035,False,True
hep-lat/0203030,26,0.9026675224304199,0908.0307,False,False
hep-lat/0203030,27,0.9022860527038574,1009.5967,True,True
hep-lat/0203030,28,0.9022418856620789,hep-ph/9307220,False,True
hep-lat/0203030,29,0.9017889499664307,hep-th/9805067,False,True
hep-lat/0203030,30,0.9017833471298218,hep-th/0406049,False,False
hep-lat/0203030,31,0.9013856053352356,hep-th/0007023,False,False
hep-lat/0203030,32,0.9009989500045776,hep-th/0405015,False,True
hep-lat/0203030,33,0.900816798210144,2309.06114,False,True
hep-lat/0203030,34,0.9006965756416321,2112.02137,False,False
hep-lat/0203030,35,0.9006589651107788,hep-ph/9212268,False,True
hep-lat/0203030,36,0.9003311395645142,1412.7131,False,False
hep-lat/0203030,37,0.9002360105514526,hep-th/0203166,False,False
hep-lat/0203030,38,0.8996322154998779,1810.00840,False,False
hep-lat/0203030,39,0.8996166586875916,hep-lat/9707032,False,True
hep-lat/0203030,40,0.8986208438873291,hep-th/9705069,False,False
hep-lat/0203030,41,0.8983296751976013,hep-th/9803098,False,False
hep-lat/0203030,42,0.8980826139450073,hep-th/0207226,False,False
hep-lat/0203030,43,0.8980712294578552,1510.05482,True,False
hep-lat/0203030,44,0.8969435095787048,0911.0082,False,False
hep-lat/0203030,45,0.8967041969299316,2006.15957,False,False
hep-lat/0203030,46,0.8966464996337891,1906.02051,False,False
hep-lat/0203030,47,0.8963556885719299,hep-th/0507292,False,False
hep-lat/0203030,48,0.8961610794067383,hep-ph/9311233,False,True
hep-lat/0203030,49,0.895982563495636,chao-dyn/9807040,False,False
hep-lat/0203030,50,0.8958091735839844,1303.6096,False,False
hep-lat/0203030,51,0.8951395750045776,hep-th/9612230,False,False
hep-lat/0203030,52,0.8949823379516602,hep-th/0510216,False,False
hep-lat/0203030,53,0.8949750065803528,hep-lat/0209039,False,True
hep-lat/0203030,54,0.8948162794113159,2001.01705,False,True
hep-lat/0203030,55,0.8946138024330139,1610.08472,False,False
hep-lat/0203030,56,0.894415020942688,hep-th/0309156,False,False
hep-lat/0203030,57,0.8943580389022827,hep-ph/0004099,False,True
hep-lat/0203030,58,0.8943078517913818,hep-th/0508234,False,False
hep-lat/0203030,59,0.8942092657089233,hep-lat/0305011,False,True
hep-lat/0203030,60,0.8941671252250671,2012.12341,False,False
hep-lat/0203030,61,0.8941208124160767,1212.0894,False,False
hep-lat/0203030,62,0.893660843372345,1512.03353,False,False
hep-lat/0203030,63,0.8933848142623901,hep-ph/9508379,False,True
hep-lat/0203030,64,0.8933086395263672,1912.01489,False,True
hep-lat/0203030,65,0.8927544355392456,2409.08131,False,False
hep-lat/0203030,66,0.8927525877952576,1502.04543,False,False
hep-lat/0203030,67,0.8927112221717834,hep-th/9806056,False,False
hep-lat/0203030,68,0.8925697207450867,1512.06924,False,False
hep-lat/0203030,69,0.8925671577453613,1112.6080,False,False
hep-lat/0203030,70,0.8918716907501221,2403.03420,False,True
hep-lat/0203030,71,0.8918371200561523,hep-th/0405242,False,False
hep-lat/0203030,72,0.8913963437080383,hep-ph/9412367,False,True
hep-lat/0203030,73,0.8913944363594055,hep-th/0305016,True,False
hep-lat/0203030,74,0.8912308216094971,cond-mat/0506529,False,True
hep-lat/0203030,75,0.8912234306335449,1202.1297,True,True
hep-lat/0203030,76,0.891054630279541,0810.3547,False,True
hep-lat/0203030,77,0.8909363746643066,1807.07078,False,True
hep-lat/0203030,78,0.8907854557037354,1703.06247,False,True
hep-lat/0203030,79,0.8904694318771362,hep-lat/9607035,False,True
hep-lat/0203030,80,0.8899522423744202,hep-lat/9208006,True,True
hep-lat/0203030,81,0.8889318704605103,hep-th/9207083,False,True
hep-lat/0203030,82,0.8886311054229736,1011.5617,False,True
hep-lat/0203030,83,0.8882761001586914,2110.13156,False,False
hep-lat/0203030,84,0.8882350325584412,0711.2251,False,True
hep-lat/0203030,85,0.8881622552871704,hep-th/9901129,False,False
hep-lat/0203030,86,0.8881560564041138,hep-ph/9906431,False,True
hep-lat/0203030,87,0.8879236578941345,2012.12320,False,False
hep-lat/0203030,88,0.8877353668212891,hep-th/0401133,False,False
hep-lat/0203030,89,0.887637197971344,1303.3763,False,False
hep-lat/0203030,90,0.8875088691711426,2411.14022,False,True
hep-lat/0203030,91,0.8874317407608032,1404.1079,False,False
hep-lat/0203030,92,0.8872292637825012,1501.02593,False,False
hep-lat/0203030,93,0.88718581199646,1605.01856,False,True
hep-lat/0203030,94,0.8868604898452759,2105.11011,False,True
hep-lat/0203030,95,0.8867100477218628,1412.7900,False,False
hep-lat/0203030,96,0.8865230083465576,hep-th/0011179,False,False
hep-lat/0203030,97,0.8864938020706177,1804.05396,False,False
hep-lat/0203030,98,0.8864519596099854,hep-th/0011247,False,False
hep-lat/0203030,99,0.8863590955734253,hep-th/9602132,False,False
hep-lat/0203030,100,0.8862298727035522,1012.3401,False,False
0904.0908,1,0.8930078148841858,2002.12901,False,True
0904.0908,2,0.8905916810035706,math/0206269,False,False
0904.0908,3,0.890512228012085,hep-th/9312123,False,False
0904.0908,4,0.8891717791557312,1507.00711,False,True
0904.0908,5,0.8856091499328613,2205.14562,False,True
0904.0908,6,0.8851100206375122,math/0404051,False,False
0904.0908,7,0.8847947120666504,1812.03597,False,False
0904.0908,8,0.8826619386672974,2305.09375,False,False
0904.0908,9,0.8826504945755005,1612.03945,False,False
0904.0908,10,0.8823421597480774,math/0305170,False,True
0904.0908,11,0.8814519643783569,1702.01701,False,False
0904.0908,12,0.8814134001731873,2310.06780,False,False
0904.0908,13,0.8808562755584717,1703.03968,False,False
0904.0908,14,0.8805938959121704,0906.5525,False,False
0904.0908,15,0.8805123567581177,0904.0235,False,False
0904.0908,16,0.8801650404930115,1306.0854,False,False
0904.0908,17,0.8798133134841919,1003.0950,False,False
0904.0908,18,0.8796299695968628,1302.2406,False,True
0904.0908,19,0.8795467615127563,math/9811109,False,False
0904.0908,20,0.8790799379348755,math/0307239,False,False
0904.0908,21,0.8788139224052429,1201.5016,False,True
0904.0908,22,0.8770060539245605,1501.03974,False,True
0904.0908,23,0.8762941360473633,1503.08740,False,False
0904.0908,24,0.8749746084213257,0906.4421,False,False
0904.0908,25,0.8743553757667542,1412.0434,False,False
0904.0908,26,0.8741497993469238,2301.08389,False,False
0904.0908,27,0.8741329908370972,2509.20470,False,False
0904.0908,28,0.8738694190979004,1703.00423,False,True
0904.0908,29,0.8735453486442566,2211.01742,False,True
0904.0908,30,0.8732749223709106,2302.06027,False,False
0904.0908,31,0.873080313205719,2109.06330,False,False
0904.0908,32,0.8725088238716125,math/0507321,False,False
0904.0908,33,0.8724675178527832,2309.12203,False,True
0904.0908,34,0.8723227381706238,dg-ga/9608008,False,False
0904.0908,35,0.8721405267715454,1905.00128,False,False
0904.0908,36,0.8716418147087097,math/0610799,False,False
0904.0908,37,0.8711971044540405,math/0201135,False,False
0904.0908,38,0.8707715272903442,2405.11193,False,False
0904.0908,39,0.8707709312438965,1801.06633,False,False
0904.0908,40,0.8706822395324707,1708.08020,False,False
0904.0908,41,0.8698424100875854,1512.05414,False,False
0904.0908,42,0.8689084053039551,1510.09189,False,False
0904.0908,43,0.8687149286270142,1210.0599,True,True
0904.0908,44,0.8682471513748169,1207.1672,False,False
0904.0908,45,0.8680856227874756,1707.08558,False,False
0904.0908,46,0.8679884076118469,1011.1961,False,False
0904.0908,47,0.8677811622619629,1703.08145,False,False
0904.0908,48,0.8675616979598999,math/0405209,False,False
0904.0908,49,0.8671075105667114,1503.03962,False,False
0904.0908,50,0.8667570948600769,math/0503004,False,False
0904.0908,51,0.8667094707489014,1905.03385,False,False
0904.0908,52,0.8662753105163574,math/0010214,False,False
0904.0908,53,0.8661806583404541,1410.3527,False,True
0904.0908,54,0.8656080365180969,math/0610538,False,False
0904.0908,55,0.8655398488044739,math/0512573,False,False
0904.0908,56,0.8655124306678772,1504.07423,False,False
0904.0908,57,0.8654800653457642,1311.2464,False,False
0904.0908,58,0.8654371500015259,2310.04214,False,False
0904.0908,59,0.8653725385665894,2005.02275,False,False
0904.0908,60,0.8652083873748779,1812.07623,False,True
0904.0908,61,0.8651564121246338,1504.07502,False,False
0904.0908,62,0.8648844361305237,1108.0622,True,False
0904.0908,63,0.8646215200424194,math/0207111,False,False
0904.0908,64,0.8645932078361511,1209.3528,False,False
0904.0908,65,0.8644841909408569,0907.3991,False,True
0904.0908,66,0.8642011880874634,1701.00126,False,False
0904.0908,67,0.8641070127487183,1401.7379,False,False
0904.0908,68,0.8639124631881714,dg-ga/9507004,False,False
0904.0908,69,0.8637611865997314,1811.10011,False,False
0904.0908,70,0.8637442588806152,1602.06457,False,False
0904.0908,71,0.863621711730957,1707.01770,False,False
0904.0908,72,0.8633378744125366,1806.10022,False,False
0904.0908,73,0.8629884719848633,1701.08479,False,False
0904.0908,74,0.8629030585289001,1112.1429,False,False
0904.0908,75,0.8629013299942017,2212.03569,False,False
0904.0908,76,0.8626543879508972,2401.13289,False,False
0904.0908,77,0.8626291751861572,2504.20243,False,False
0904.0908,78,0.8624723553657532,2110.10251,False,False
0904.0908,79,0.8624373078346252,hep-th/9406121,False,False
0904.0908,80,0.8620002865791321,math/0612012,False,False
0904.0908,81,0.8619897365570068,2306.05099,False,False
0904.0908,82,0.8618807196617126,2603.27937,False,False
0904.0908,83,0.8618430495262146,math-ph/0611064,False,False
0904.0908,84,0.8615309000015259,hep-th/0003034,False,False
0904.0908,85,0.8614879846572876,math/0005126,False,False
0904.0908,86,0.8614522218704224,2501.07662,False,False
0904.0908,87,0.861116886138916,2410.10635,False,False
0904.0908,88,0.8610979914665222,hep-th/0104158,False,False
0904.0908,89,0.8609459400177002,2309.05616,False,False
0904.0908,90,0.8608623743057251,1005.3550,False,False
0904.0908,91,0.8608200550079346,2410.18152,False,False
0904.0908,92,0.8607172966003418,2203.16234,False,False
0904.0908,93,0.8606549501419067,1608.00922,False,False
0904.0908,94,0.8605713844299316,0902.1875,False,False
0904.0908,95,0.8602343797683716,1412.1516,False,False
0904.0908,96,0.8601365089416504,1405.3062,False,False
0904.0908,97,0.8600753545761108,1406.4368,False,False
0904.0908,98,0.8599489331245422,2408.06198,False,False
0904.0908,99,0.8599462509155273,1106.4532,False,False
0904.0908,100,0.8596014976501465,2407.05748,False,False
0912.1238,1,0.7684512734413147,1801.04971,False,True
0912.1238,2,0.7600616812705994,1906.10468,False,False
0912.1238,3,0.7572973370552063,2506.06081,False,False
0912.1238,4,0.7475300431251526,2204.09747,False,False
0912.1238,5,0.7456259727478027,2411.10488,False,True
0912.1238,6,0.7437983155250549,1610.09058,False,False
0912.1238,7,0.740045428276062,2204.02216,False,False
0912.1238,8,0.7397463321685791,math/0507031,False,False
0912.1238,9,0.7341170907020569,2506.21297,False,False
0912.1238,10,0.7336960434913635,2404.13178,False,True
0912.1238,11,0.7327851057052612,2602.18588,False,False
0912.1238,12,0.7312885522842407,1701.06484,False,False
0912.1238,13,0.7287081480026245,2309.13168,False,False
0912.1238,14,0.7273430824279785,2511.04220,False,False
0912.1238,15,0.7251899838447571,1807.04469,False,False
0912.1238,16,0.7239447832107544,2104.13197,False,False
0912.1238,17,0.7232995629310608,2106.03532,False,False
0912.1238,18,0.7228469252586365,2212.11498,False,False
0912.1238,19,0.7227894067764282,1509.08452,False,True
0912.1238,20,0.7214891910552979,2311.11195,False,False
0912.1238,21,0.7191540598869324,cs/0202014,False,True
0912.1238,22,0.7183793187141418,2410.18299,False,False
0912.1238,23,0.7182654142379761,2511.01817,False,False
0912.1238,24,0.7161824703216553,1910.05388,False,False
0912.1238,25,0.7160602807998657,2306.12176,False,False
0912.1238,26,0.7158836126327515,2410.07705,False,False
0912.1238,27,0.715847909450531,2309.01772,False,False
0912.1238,28,0.7157799005508423,2503.13072,False,False
0912.1238,29,0.7152540683746338,0906.1429,False,False
0912.1238,30,0.7147772312164307,2404.18392,False,False
0912.1238,31,0.7142237424850464,1409.3809,False,False
0912.1238,32,0.7141022682189941,1501.07814,False,False
0912.1238,33,0.7133375406265259,2502.07960,False,False
0912.1238,34,0.7132731080055237,1404.1097,False,False
0912.1238,35,0.7127635478973389,2203.08465,False,False
0912.1238,36,0.7122865915298462,2307.04263,False,True
0912.1238,37,0.7121688723564148,2606.07994,False,True
0912.1238,38,0.7114342451095581,2602.05299,False,False
0912.1238,39,0.7107585668563843,2606.12984,False,False
0912.1238,40,0.7106209397315979,2605.01055,False,False
0912.1238,41,0.710457980632782,1609.07975,False,True
0912.1238,42,0.7102991342544556,1911.12138,False,False
0912.1238,43,0.7100898027420044,2408.12973,False,False
0912.1238,44,0.7100527882575989,cs/0611042,False,False
0912.1238,45,0.7100081443786621,2510.08755,False,False
0912.1238,46,0.7100017070770264,2106.13836,False,False
0912.1238,47,0.7095822095870972,1310.5814,False,True
0912.1238,48,0.7092409133911133,2405.05202,False,False
0912.1238,49,0.7090572118759155,2306.17808,False,True
0912.1238,50,0.7090511918067932,2203.09271,False,False
0912.1238,51,0.708728551864624,1303.3517,False,False
0912.1238,52,0.7086871862411499,1808.00544,False,False
0912.1238,53,0.708539605140686,2507.11773,False,True
0912.1238,54,0.7078474164009094,2304.14309,False,False
0912.1238,55,0.707809567451477,1010.0980,False,False
0912.1238,56,0.7073248624801636,2408.06993,False,False
0912.1238,57,0.7072634100914001,2008.03032,False,False
0912.1238,58,0.7067782282829285,2606.13662,False,False
0912.1238,59,0.7067102789878845,2601.22183,False,False
0912.1238,60,0.7066642045974731,2110.11723,False,False
0912.1238,61,0.7064014077186584,2209.09888,False,False
0912.1238,62,0.7062588334083557,2510.06816,False,True
0912.1238,63,0.7059031128883362,1305.1112,False,False
0912.1238,64,0.705224335193634,1701.08329,False,True
0912.1238,65,0.7049415111541748,2606.03103,False,False
0912.1238,66,0.7049328088760376,2504.11443,False,False
0912.1238,67,0.7048184275627136,2507.02097,False,False
0912.1238,68,0.7048128843307495,2407.01174,False,False
0912.1238,69,0.7045175433158875,2005.04095,False,False
0912.1238,70,0.7044023871421814,1706.01449,False,False
0912.1238,71,0.7035021185874939,cond-mat/0401469,False,False
0912.1238,72,0.7034382820129395,2006.12661,False,False
0912.1238,73,0.7033306360244751,1312.7436,False,False
0912.1238,74,0.7033166885375977,2310.12116,False,False
0912.1238,75,0.7031269669532776,1801.00700,False,False
0912.1238,76,0.7030895352363586,2011.01485,False,False
0912.1238,77,0.7029778957366943,1806.00960,False,False
0912.1238,78,0.7029739022254944,1902.00455,False,False
0912.1238,79,0.7027117013931274,2310.12417,False,True
0912.1238,80,0.7020448446273804,2005.00402,False,False
0912.1238,81,0.7020072340965271,2407.02601,False,False
0912.1238,82,0.7019742131233215,1102.5727,False,False
0912.1238,83,0.7017818689346313,2008.02132,False,False
0912.1238,84,0.7017797827720642,2304.09088,False,False
0912.1238,85,0.7017427682876587,2112.15192,False,False
0912.1238,86,0.701690673828125,0805.1071,False,False
0912.1238,87,0.7016861438751221,2011.00464,False,True
0912.1238,88,0.7016536593437195,1012.0199,False,True
0912.1238,89,0.7016298770904541,2302.03451,False,False
0912.1238,90,0.7014855146408081,0805.2045,False,True
0912.1238,91,0.7013530731201172,2509.01014,False,True
0912.1238,92,0.70135098695755,2111.09054,False,False
0912.1238,93,0.7012671828269958,2110.15070,False,False
0912.1238,94,0.7012259364128113,2504.00761,False,False
0912.1238,95,0.7008301615715027,1909.00805,False,True
0912.1238,96,0.700822651386261,2209.02003,False,False
0912.1238,97,0.700671911239624,2606.00822,False,False
0912.1238,98,0.700514554977417,2509.25576,False,False
0912.1238,99,0.7004852294921875,2505.20130,False,False
0912.1238,100,0.6998855471611023,2410.22457,False,False
1006.1034,1,0.9201339483261108,1108.3339,False,False
1006.1034,2,0.9144646525382996,1808.10760,False,True
1006.1034,3,0.9103507995605469,hep-ph/0702286,False,False
1006.1034,4,0.9097834825515747,0902.2752,False,False
1006.1034,5,0.9093729257583618,hep-ph/9505301,False,False
1006.1034,6,0.9080944061279297,1310.5917,False,True
1006.1034,7,0.9037288427352905,1205.6685,False,True
1006.1034,8,0.9023832082748413,1701.06843,False,True
1006.1034,9,0.8987873792648315,hep-ph/0208026,False,False
1006.1034,10,0.8985910415649414,1810.10916,False,True
1006.1034,11,0.8960559368133545,1012.3245,False,False
1006.1034,12,0.895321249961853,1204.1000,False,True
1006.1034,13,0.8917800188064575,hep-ph/9506350,False,False
1006.1034,14,0.8914505243301392,hep-ph/0010097,False,False
1006.1034,15,0.8908182978630066,1412.4673,False,True
1006.1034,16,0.88916015625,2603.06787,False,False
1006.1034,17,0.8888496160507202,0804.3409,False,False
1006.1034,18,0.8865182995796204,hep-ph/0701203,False,False
1006.1034,19,0.8862385749816895,hep-ph/0312131,False,False
1006.1034,20,0.8855518102645874,hep-ph/0101231,False,False
1006.1034,21,0.8850593566894531,2212.00562,False,True
1006.1034,22,0.8848953247070312,0905.2382,False,True
1006.1034,23,0.8841249346733093,hep-ex/0104014,False,True
1006.1034,24,0.8837392926216125,hep-ex/0412008,False,True
1006.1034,25,0.8830773830413818,1312.1477,False,True
1006.1034,26,0.8825387358665466,0705.1495,False,True
1006.1034,27,0.8822676539421082,1805.04530,False,True
1006.1034,28,0.8822329044342041,2107.09104,False,True
1006.1034,29,0.8809249997138977,2604.13696,False,False
1006.1034,30,0.880834698677063,hep-ph/9603292,False,False
1006.1034,31,0.8797318339347839,hep-ph/9903250,False,False
1006.1034,32,0.8793510794639587,2112.09710,False,False
1006.1034,33,0.8786011338233948,1710.05523,False,False
1006.1034,34,0.8762742280960083,physics/0611055,False,False
1006.1034,35,0.876065194606781,hep-ph/0608338,False,False
1006.1034,36,0.8757203817367554,2506.07588,False,False
1006.1034,37,0.8755766749382019,hep-ph/0207373,True,False
1006.1034,38,0.8749845027923584,1411.0308,False,False
1006.1034,39,0.8738679885864258,hep-ex/0008047,False,True
1006.1034,40,0.8738350868225098,1211.5295,False,True
1006.1034,41,0.8733969926834106,hep-ph/0002170,False,False
1006.1034,42,0.8727946877479553,2203.12169,False,True
1006.1034,43,0.8727768659591675,2510.12449,False,False
1006.1034,44,0.8725156784057617,1801.06283,False,True
1006.1034,45,0.8724525570869446,2105.09357,False,True
1006.1034,46,0.8721303343772888,1110.0012,False,True
1006.1034,47,0.871416449546814,1502.01649,False,False
1006.1034,48,0.8707061409950256,2502.09855,False,False
1006.1034,49,0.8705629706382751,1504.02402,False,False
1006.1034,50,0.8704406023025513,1201.4664,False,True
1006.1034,51,0.8689116835594177,1402.4537,False,False
1006.1034,52,0.8680951595306396,0802.4337,False,False
1006.1034,53,0.8675359487533569,1504.07086,False,True
1006.1034,54,0.8672550916671753,hep-ph/0104218,False,False
1006.1034,55,0.8672534227371216,1310.3543,False,False
1006.1034,56,0.8668524622917175,2211.01314,False,False
1006.1034,57,0.8667879700660706,hep-ex/0207002,False,True
1006.1034,58,0.8666982650756836,2111.12739,False,True
1006.1034,59,0.8654552698135376,1812.08768,True,True
1006.1034,60,0.8645919561386108,hep-ph/0108191,False,True
1006.1034,61,0.8642887473106384,hep-ph/0210137,False,False
1006.1034,62,0.8640722036361694,1901.04346,False,True
1006.1034,63,0.8640657663345337,hep-ph/9906539,False,True
1006.1034,64,0.863823413848877,1212.1013,False,False
1006.1034,65,0.8635438680648804,hep-ph/0001124,False,False
1006.1034,66,0.8616223931312561,1712.02798,False,True
1006.1034,67,0.8615047335624695,1909.13746,False,True
1006.1034,68,0.8611714243888855,2504.20044,False,True
1006.1034,69,0.8610021471977234,1703.01361,False,True
1006.1034,70,0.8608641028404236,2302.10456,False,True
1006.1034,71,0.8608554601669312,1902.10052,False,False
1006.1034,72,0.8607525825500488,2406.20067,False,True
1006.1034,73,0.8606231212615967,1006.3862,False,False
1006.1034,74,0.860383152961731,hep-ph/0205295,True,False
1006.1034,75,0.8596060276031494,0704.0388,False,False
1006.1034,76,0.8592211008071899,1504.08285,False,True
1006.1034,77,0.8585029244422913,1501.05054,False,True
1006.1034,78,0.8574527502059937,2203.07495,False,False
1006.1034,79,0.857113778591156,astro-ph/0104452,False,False
1006.1034,80,0.8568847179412842,hep-ex/0409063,False,True
1006.1034,81,0.8565344214439392,hep-ph/0211264,False,True
1006.1034,82,0.8564698100090027,hep-ph/0110287,False,False
1006.1034,83,0.8561708927154541,1802.10042,False,False
1006.1034,84,0.8561651706695557,1205.3899,False,True
1006.1034,85,0.8560199737548828,1508.04308,False,True
1006.1034,86,0.8558759093284607,hep-ex/0411037,False,True
1006.1034,87,0.8558622002601624,1608.07340,False,False
1006.1034,88,0.8558593392372131,1006.1710,False,True
1006.1034,89,0.8557502031326294,hep-ph/0701106,False,False
1006.1034,90,0.8548343181610107,hep-ph/9903454,False,False
1006.1034,91,0.8546194434165955,1807.09877,False,True
1006.1034,92,0.8544708490371704,hep-ph/0108166,False,False
1006.1034,93,0.8544467091560364,hep-ex/0211027,False,True
1006.1034,94,0.8540493845939636,astro-ph/0610962,False,True
1006.1034,95,0.8536936044692993,2401.07090,False,True
1006.1034,96,0.8535622954368591,1603.08690,False,True
1006.1034,97,0.853291928768158,1607.08499,False,True
1006.1034,98,0.8529738187789917,1512.02466,False,False
1006.1034,99,0.8523619174957275,2203.09524,False,True
1006.1034,100,0.8519779443740845,2105.04530,False,True
1201.2312,1,0.8164875507354736,2109.05329,False,False
1201.2312,2,0.8109689950942993,2107.05516,False,False
1201.2312,3,0.8047131299972534,1310.4218,False,False
1201.2312,4,0.8026601672172546,1903.10402,False,False
1201.2312,5,0.7995870113372803,1505.07502,False,False
1201.2312,6,0.7969391942024231,1501.02175,False,False
1201.2312,7,0.794950544834137,1503.08877,False,False
1201.2312,8,0.7899892330169678,1902.04789,False,False
1201.2312,9,0.789085865020752,1910.11110,False,False
1201.2312,10,0.7886892557144165,2111.03881,False,True
1201.2312,11,0.7877085208892822,1103.5167,False,True
1201.2312,12,0.7875904440879822,2204.06077,False,False
1201.2312,13,0.7837988138198853,1806.01611,False,False
1201.2312,14,0.782019853591919,1910.02158,False,False
1201.2312,15,0.7812536358833313,2405.13807,False,False
1201.2312,16,0.7812129855155945,2303.04678,False,True
1201.2312,17,0.7788177728652954,2306.14202,False,False
1201.2312,18,0.7787008285522461,1705.00249,False,False
1201.2312,19,0.7786794900894165,1711.11487,False,False
1201.2312,20,0.7780060172080994,2411.14590,False,False
1201.2312,21,0.7772988677024841,1907.02669,False,False
1201.2312,22,0.7752107977867126,1107.2990,False,False
1201.2312,23,0.7752047777175903,2011.12092,False,False
1201.2312,24,0.7730233669281006,1501.01405,False,False
1201.2312,25,0.7721293568611145,1911.10486,False,False
1201.2312,26,0.7702246904373169,2410.17928,False,False
1201.2312,27,0.7694132328033447,2103.01304,False,False
1201.2312,28,0.7692366242408752,2107.11536,False,False
1201.2312,29,0.7676150798797607,1406.0184,False,False
1201.2312,30,0.7668205499649048,2103.02959,False,False
1201.2312,31,0.7661477327346802,2411.03533,False,False
1201.2312,32,0.7650173306465149,2503.01390,False,True
1201.2312,33,0.7648929357528687,2107.01350,False,False
1201.2312,34,0.7635371685028076,1709.01812,False,False
1201.2312,35,0.7630585432052612,1508.04180,False,False
1201.2312,36,0.7630282640457153,2408.04929,False,False
1201.2312,37,0.7619831562042236,1507.02321,False,False
1201.2312,38,0.7615381479263306,2007.10809,False,True
1201.2312,39,0.761479914188385,1902.03576,False,False
1201.2312,40,0.7607461810112,2005.13227,False,False
1201.2312,41,0.7596367597579956,2503.11901,False,False
1201.2312,42,0.7584023475646973,2110.05543,False,False
1201.2312,43,0.7578264474868774,1707.06507,False,False
1201.2312,44,0.756855845451355,1511.04217,False,False
1201.2312,45,0.7566842436790466,2109.07863,False,True
1201.2312,46,0.7564406394958496,1708.01306,False,False
1201.2312,47,0.756048858165741,1111.0369,False,False
1201.2312,48,0.7551036477088928,1802.03749,False,False
1201.2312,49,0.7548912167549133,1801.07630,False,False
1201.2312,50,0.7540245652198792,1505.02951,False,True
1201.2312,51,0.7540245056152344,2503.13072,False,False
1201.2312,52,0.7532938718795776,2304.12072,False,False
1201.2312,53,0.7514874935150146,2603.09875,False,False
1201.2312,54,0.7497612237930298,2301.07510,False,False
1201.2312,55,0.7491446733474731,1801.07184,False,False
1201.2312,56,0.7486332654953003,2207.01948,False,True
1201.2312,57,0.7483380436897278,2512.03644,False,False
1201.2312,58,0.7482472658157349,1510.09119,False,False
1201.2312,59,0.7479467391967773,2110.07542,False,True
1201.2312,60,0.7478896379470825,2011.12875,False,False
1201.2312,61,0.7474051117897034,cs/0611165,False,False
1201.2312,62,0.7472660541534424,2601.11696,False,False
1201.2312,63,0.7472503781318665,1806.00751,False,False
1201.2312,64,0.7472105026245117,2505.06625,False,False
1201.2312,65,0.7471594214439392,1002.1149,False,False
1201.2312,66,0.746860921382904,1808.05088,False,True
1201.2312,67,0.7466081380844116,2508.18115,False,True
1201.2312,68,0.7460286617279053,2505.15921,False,False
1201.2312,69,0.7454819083213806,1406.4923,False,False
1201.2312,70,0.7453804016113281,2004.02414,False,False
1201.2312,71,0.7449630498886108,1912.10135,False,True
1201.2312,72,0.7440756559371948,hep-lat/9912059,False,False
1201.2312,73,0.7440115809440613,2401.03378,False,False
1201.2312,74,0.7439691424369812,2508.06948,False,False
1201.2312,75,0.7435893416404724,2302.05506,False,False
1201.2312,76,0.7428913116455078,1608.07923,False,False
1201.2312,77,0.742035448551178,2308.13626,False,False
1201.2312,78,0.7406274080276489,2209.05572,False,False
1201.2312,79,0.740306556224823,1612.04997,False,False
1201.2312,80,0.7400715947151184,2603.29975,False,False
1201.2312,81,0.7400314211845398,1511.04985,False,False
1201.2312,82,0.7399852871894836,2512.22043,False,False
1201.2312,83,0.7395498752593994,1610.08691,False,True
1201.2312,84,0.7394108176231384,1403.2404,False,False
1201.2312,85,0.7390661835670471,2511.11088,False,False
1201.2312,86,0.7388087511062622,2404.18392,False,False
1201.2312,87,0.7386032938957214,2011.01922,False,False
1201.2312,88,0.7379229068756104,2201.02986,False,False
1201.2312,89,0.7378261089324951,2404.03201,False,False
1201.2312,90,0.7375717163085938,hep-lat/0212030,False,False
1201.2312,91,0.7372037172317505,2605.11335,False,False
1201.2312,92,0.7369509339332581,1010.0104,False,False
1201.2312,93,0.7364748120307922,1909.06662,False,False
1201.2312,94,0.736459493637085,2311.07016,False,False
1201.2312,95,0.7360905408859253,1605.04674,False,False
1201.2312,96,0.7358348965644836,1706.02277,False,False
1201.2312,97,0.7355431914329529,1310.7814,False,False
1201.2312,98,0.7355122566223145,cs/0408033,False,False
1201.2312,99,0.7353479862213135,1808.02222,False,False
1201.2312,100,0.7353315353393555,2604.19004,False,False
1206.4161,1,0.8669954538345337,2012.00730,False,False
1206.4161,2,0.8662408590316772,math/0211395,False,False
1206.4161,3,0.8623225092887878,2106.02924,False,False
1206.4161,4,0.8579137325286865,2001.07414,False,False
1206.4161,5,0.853736400604248,math/0703894,False,True
1206.4161,6,0.8503520488739014,1302.2419,False,False
1206.4161,7,0.8498356342315674,1305.1860,False,False
1206.4161,8,0.8487724661827087,1305.1867,False,False
1206.4161,9,0.8475281000137329,1301.5507,False,False
1206.4161,10,0.8459829092025757,1808.06278,False,False
1206.4161,11,0.8459812998771667,2205.11204,False,False
1206.4161,12,0.8458940386772156,2604.18659,False,False
1206.4161,13,0.8457919359207153,1207.3381,False,False
1206.4161,14,0.8455347418785095,0708.2046,False,False
1206.4161,15,0.8451210856437683,1111.3667,False,False
1206.4161,16,0.8450173735618591,1811.06853,False,False
1206.4161,17,0.8448396325111389,2112.02257,False,False
1206.4161,18,0.8447428941726685,1707.01770,False,False
1206.4161,19,0.8444833755493164,1011.4480,False,False
1206.4161,20,0.8440734148025513,1304.1053,False,False
1206.4161,21,0.8433658480644226,2604.15446,False,False
1206.4161,22,0.8430929780006409,2411.06933,False,False
1206.4161,23,0.8426836133003235,2003.01689,False,False
1206.4161,24,0.8425808548927307,1608.02139,False,False
1206.4161,25,0.842281699180603,math/0510081,False,False
1206.4161,26,0.8421570658683777,0706.2595,False,False
1206.4161,27,0.8419905304908752,1307.3649,False,False
1206.4161,28,0.8419685363769531,math/0312293,False,False
1206.4161,29,0.8412262201309204,math/9909110,False,False
1206.4161,30,0.8411286473274231,2209.04932,False,False
1206.4161,31,0.8408088684082031,0909.5449,False,False
1206.4161,32,0.8405235409736633,1103.2610,False,False
1206.4161,33,0.8401361703872681,1806.03293,False,False
1206.4161,34,0.8397541046142578,math/9702205,False,True
1206.4161,35,0.8397026062011719,2001.05882,False,False
1206.4161,36,0.8392674922943115,1208.5342,False,False
1206.4161,37,0.8389054536819458,2005.04135,False,False
1206.4161,38,0.8385769724845886,1207.5183,False,False
1206.4161,39,0.8384913206100464,1002.0388,False,False
1206.4161,40,0.8383913040161133,1610.04344,False,False
1206.4161,41,0.8378476500511169,math/0107071,False,False
1206.4161,42,0.8376823663711548,1308.1547,False,False
1206.4161,43,0.8374572992324829,2011.12717,False,False
1206.4161,44,0.8374192118644714,1508.07353,False,False
1206.4161,45,0.8373374342918396,0903.0303,False,False
1206.4161,46,0.8372774124145508,0904.4858,False,False
1206.4161,47,0.8371877074241638,1606.02158,False,False
1206.4161,48,0.8365034461021423,2407.01021,False,False
1206.4161,49,0.8358468413352966,2305.18849,False,False
1206.4161,50,0.8357182145118713,cond-mat/0505313,False,False
1206.4161,51,0.8357172012329102,1101.3507,False,False
1206.4161,52,0.83570796251297,2401.07504,False,False
1206.4161,53,0.8355565071105957,2312.12085,False,False
1206.4161,54,0.8355016112327576,0806.0306,False,False
1206.4161,55,0.835157573223114,2602.07487,False,False
1206.4161,56,0.8350089192390442,math/0608187,False,False
1206.4161,57,0.834950864315033,0812.3350,False,False
1206.4161,58,0.8345907926559448,1712.06119,False,False
1206.4161,59,0.834448516368866,2209.09637,False,False
1206.4161,60,0.8343837261199951,2303.01185,False,False
1206.4161,61,0.8343018889427185,2007.13873,False,False
1206.4161,62,0.834025502204895,2008.08556,False,False
1206.4161,63,0.8339932560920715,math/0006237,False,False
1206.4161,64,0.8339301943778992,2309.04007,False,False
1206.4161,65,0.8336123824119568,1405.3194,False,False
1206.4161,66,0.8335895538330078,1908.03934,False,False
1206.4161,67,0.8335486054420471,1810.08295,False,False
1206.4161,68,0.8335378170013428,1204.2117,False,False
1206.4161,69,0.8334722518920898,1809.04448,False,False
1206.4161,70,0.8334115743637085,2307.05607,False,False
1206.4161,71,0.8333518505096436,1012.0080,False,False
1206.4161,72,0.8333241939544678,1012.4047,False,False
1206.4161,73,0.8332926630973816,1810.10280,False,False
1206.4161,74,0.833289384841919,1310.4257,False,False
1206.4161,75,0.8330041766166687,2507.13121,False,False
1206.4161,76,0.833000123500824,1310.6712,False,False
1206.4161,77,0.8328263163566589,1401.8011,False,False
1206.4161,78,0.8325879573822021,1807.02650,False,False
1206.4161,79,0.8325694799423218,2208.06253,False,False
1206.4161,80,0.8325573205947876,1611.06808,False,False
1206.4161,81,0.8325474858283997,1209.4140,False,False
1206.4161,82,0.8325222730636597,1511.07530,False,False
1206.4161,83,0.8323534727096558,1501.07395,False,False
1206.4161,84,0.8321504592895508,math/0305231,False,False
1206.4161,85,0.8321055173873901,0812.0495,False,False
1206.4161,86,0.83203125,0910.5416,False,False
1206.4161,87,0.8319972157478333,1201.5186,False,False
1206.4161,88,0.8318514227867126,0707.2346,False,False
1206.4161,89,0.83183753490448,1202.3567,False,False
1206.4161,90,0.8317310810089111,math/0604340,False,False
1206.4161,91,0.8315885663032532,1509.01915,False,False
1206.4161,92,0.8314858675003052,1609.09842,False,False
1206.4161,93,0.8314557671546936,1803.03952,False,False
1206.4161,94,0.8313834071159363,1501.03267,False,False
1206.4161,95,0.831365168094635,1208.1968,False,False
1206.4161,96,0.8313290476799011,alg-geom/9603018,False,False
1206.4161,97,0.8310520052909851,1707.00232,False,False
1206.4161,98,0.8308984041213989,1609.08322,False,False
1206.4161,99,0.8305729627609253,2207.04114,False,False
1206.4161,100,0.8305162787437439,1606.01921,False,False
1210.0472,1,0.9143335819244385,1708.06287,False,False
1210.0472,2,0.913578987121582,1912.07171,False,True
1210.0472,3,0.9120279550552368,math/0006237,False,True
1210.0472,4,0.9113069772720337,1001.0409,False,True
1210.0472,5,0.9101277589797974,1905.08345,False,True
1210.0472,6,0.9096825122833252,1705.10658,False,False
1210.0472,7,0.908455491065979,2509.09548,False,True
1210.0472,8,0.9081717133522034,1405.3587,False,True
1210.0472,9,0.9080091118812561,0806.4096,False,False
1210.0472,10,0.9076064825057983,1601.00052,False,False
1210.0472,11,0.9058622121810913,2509.12064,False,True
1210.0472,12,0.9055421948432922,1106.4532,False,True
1210.0472,13,0.9048781991004944,math/0501531,False,True
1210.0472,14,0.9047949314117432,2408.10534,False,True
1210.0472,15,0.9043646454811096,1012.4615,False,False
1210.0472,16,0.9035959243774414,1112.1759,False,True
1210.0472,17,0.9032754302024841,1907.04109,False,True
1210.0472,18,0.9026361703872681,2302.01685,False,False
1210.0472,19,0.9018558859825134,1805.05207,False,True
1210.0472,20,0.9014216065406799,1307.3649,False,True
1210.0472,21,0.9013136625289917,2509.11558,False,True
1210.0472,22,0.9000756144523621,1811.07019,False,False
1210.0472,23,0.8998181223869324,1609.04458,False,True
1210.0472,24,0.8993605375289917,1502.04346,False,True
1210.0472,25,0.899052083492279,2605.21513,False,True
1210.0472,26,0.8987778425216675,1004.3621,False,False
1210.0472,27,0.8978673815727234,2103.14773,False,True
1210.0472,28,0.8978567123413086,2305.01956,False,True
1210.0472,29,0.8978058695793152,1211.1353,False,True
1210.0472,30,0.8976913690567017,0909.1523,False,False
1210.0472,31,0.897621214389801,2207.04114,False,True
1210.0472,32,0.8975620269775391,2411.01287,False,False
1210.0472,33,0.897290825843811,1910.07884,False,True
1210.0472,34,0.897157609462738,2310.02061,False,True
1210.0472,35,0.8970689177513123,2002.02292,False,True
1210.0472,36,0.8967226147651672,math/0304249,False,False
1210.0472,37,0.8966033458709717,math/0608247,False,True
1210.0472,38,0.8961876034736633,1806.03540,False,False
1210.0472,39,0.8958662152290344,1810.09566,False,True
1210.0472,40,0.8956955671310425,1402.5148,False,True
1210.0472,41,0.8956352472305298,1407.5284,False,False
1210.0472,42,0.8947762250900269,2210.07657,False,True
1210.0472,43,0.8945600986480713,2012.00603,False,True
1210.0472,44,0.8939792513847351,1910.10990,False,False
1210.0472,45,0.8935799598693848,math/0211395,False,False
1210.0472,46,0.8934703469276428,0812.0495,False,True
1210.0472,47,0.893378496170044,math/0501388,False,True
1210.0472,48,0.8930990099906921,1511.01148,False,True
1210.0472,49,0.8925894498825073,2511.19921,False,True
1210.0472,50,0.8925156593322754,1103.2610,False,True
1210.0472,51,0.8923826813697815,1603.07489,False,True
1210.0472,52,0.8921359777450562,2010.09910,False,True
1210.0472,53,0.892041027545929,1803.07912,False,False
1210.0472,54,0.8916076421737671,2108.10401,False,True
1210.0472,55,0.891365110874176,2501.18574,False,True
1210.0472,56,0.8912985324859619,1809.04448,False,False
1210.0472,57,0.8910412788391113,1509.02871,False,False
1210.0472,58,0.8907667398452759,2603.21535,False,True
1210.0472,59,0.8903260827064514,2110.03852,False,False
1210.0472,60,0.8901537656784058,math/0008221,False,True
1210.0472,61,0.8900414705276489,math/0309244,False,True
1210.0472,62,0.8898811340332031,1305.2720,False,False
1210.0472,63,0.889475405216217,2112.02257,False,True
1210.0472,64,0.8892679214477539,1801.02213,False,True
1210.0472,65,0.8890070915222168,math/0109185,False,False
1210.0472,66,0.8888231515884399,0708.0537,False,False
1210.0472,67,0.8880753517150879,1901.11183,False,False
1210.0472,68,0.8880724906921387,math/9808107,False,False
1210.0472,69,0.8879332542419434,1910.07208,False,True
1210.0472,70,0.8878940343856812,2307.03350,False,True
1210.0472,71,0.8874214887619019,cs/0406010,False,False
1210.0472,72,0.8873955011367798,1608.04570,False,False
1210.0472,73,0.8873573541641235,2509.06123,False,True
1210.0472,74,0.8870748281478882,2103.09866,False,True
1210.0472,75,0.8870707750320435,1802.04503,False,True
1210.0472,76,0.8865007758140564,2104.01248,False,False
1210.0472,77,0.8864727020263672,2501.07662,False,True
1210.0472,78,0.886295735836029,1407.7177,False,True
1210.0472,79,0.8861638307571411,math/0608187,False,False
1210.0472,80,0.885835587978363,2205.07165,False,True
1210.0472,81,0.8854644298553467,1702.05439,False,False
1210.0472,82,0.8847901821136475,1203.3834,False,False
1210.0472,83,0.884758710861206,1702.01003,False,True
1210.0472,84,0.8846679329872131,math/0211190,False,False
1210.0472,85,0.8846467137336731,1207.5220,False,False
1210.0472,86,0.8844931721687317,1610.05804,False,True
1210.0472,87,0.8843539953231812,math/0510081,False,False
1210.0472,88,0.8843302726745605,math/9908149,False,False
1210.0472,89,0.8842476606369019,1806.01085,False,False
1210.0472,90,0.8840893507003784,1312.3819,False,True
1210.0472,91,0.8838524222373962,1406.3233,False,True
1210.0472,92,0.8838444948196411,2408.05872,False,True
1210.0472,93,0.8838353157043457,math/0502005,False,True
1210.0472,94,0.8838323354721069,math/0412372,False,True
1210.0472,95,0.8837554454803467,2001.07273,False,True
1210.0472,96,0.8831450343132019,2204.01581,False,True
1210.0472,97,0.8831242322921753,2208.06253,False,False
1210.0472,98,0.8828665614128113,2405.10352,False,True
1210.0472,99,0.8828489184379578,0801.0919,False,True
1210.0472,100,0.8824366331100464,1507.00711,False,False
1301.6606,1,0.8939446210861206,1601.00052,False,False
1301.6606,2,0.8922591805458069,0711.2769,False,False
1301.6606,3,0.890057384967804,1305.1867,False,False
1301.6606,4,0.8859871029853821,2302.01685,False,False
1301.6606,5,0.8854249715805054,1103.2610,False,False
1301.6606,6,0.8808555006980896,1609.09842,False,False
1301.6606,7,0.8805686235427856,math/0608187,False,True
1301.6606,8,0.8725001215934753,1207.3381,False,True
1301.6606,9,0.8711135983467102,1307.3649,False,False
1301.6606,10,0.871008038520813,1203.2888,False,False
1301.6606,11,0.8702144622802734,math/0510081,False,False
1301.6606,12,0.8693424463272095,1501.04924,False,False
1301.6606,13,0.8687337636947632,1508.07894,False,False
1301.6606,14,0.8671370148658752,math/9403215,False,False
1301.6606,15,0.8637555241584778,0706.3342,False,True
1301.6606,16,0.8596261143684387,1302.7064,False,False
1301.6606,17,0.8591229915618896,1401.5958,False,False
1301.6606,18,0.8589674234390259,2101.07593,False,False
1301.6606,19,0.8583636283874512,math/0604340,False,False
1301.6606,20,0.8582148551940918,0905.0304,False,False
1301.6606,21,0.857672929763794,0909.1523,False,True
1301.6606,22,0.8574848175048828,math/0010158,False,False
1301.6606,23,0.8557301163673401,1601.05983,False,True
1301.6606,24,0.8551707863807678,1404.1850,False,False
1301.6606,25,0.8550728559494019,1407.7521,False,False
1301.6606,26,0.8548557162284851,math/0503507,False,False
1301.6606,27,0.8547146916389465,1407.5538,False,False
1301.6606,28,0.854515016078949,2509.06123,False,False
1301.6606,29,0.8538153171539307,2208.00276,False,False
1301.6606,30,0.8534346222877502,1710.04779,False,False
1301.6606,31,0.8534314036369324,1707.01770,False,True
1301.6606,32,0.853420078754425,1012.3654,False,False
1301.6606,33,0.853329062461853,2210.16026,False,False
1301.6606,34,0.8532906174659729,1507.08773,False,False
1301.6606,35,0.8528314828872681,1502.04346,False,False
1301.6606,36,0.8525688648223877,math/0305326,False,False
1301.6606,37,0.852229118347168,quant-ph/0103078,False,False
1301.6606,38,0.8517196178436279,1609.04458,False,False
1301.6606,39,0.850795567035675,math/0505146,False,False
1301.6606,40,0.8505511283874512,1709.05332,False,False
1301.6606,41,0.8505311608314514,2005.04135,False,False
1301.6606,42,0.8501315116882324,1005.4300,False,False
1301.6606,43,0.8500010371208191,2405.19270,False,False
1301.6606,44,0.849835991859436,2208.06253,False,False
1301.6606,45,0.8495892286300659,1405.4025,False,False
1301.6606,46,0.8493809700012207,2210.07657,False,False
1301.6606,47,0.8485208749771118,2102.01379,False,False
1301.6606,48,0.8483003377914429,2509.11558,False,False
1301.6606,49,0.8482953906059265,1708.06287,False,False
1301.6606,50,0.8480088710784912,2409.17797,False,False
1301.6606,51,0.8478904962539673,math/9808107,False,False
1301.6606,52,0.8473233580589294,2509.09548,False,False
1301.6606,53,0.8466560244560242,1603.04459,False,False
1301.6606,54,0.8465286493301392,2605.29804,False,False
1301.6606,55,0.8462891578674316,0809.2293,False,False
1301.6606,56,0.84564208984375,2303.13374,False,False
1301.6606,57,0.8454744219779968,0911.1434,False,False
1301.6606,58,0.8453021049499512,1601.02192,False,False
1301.6606,59,0.8448590636253357,1902.07366,False,True
1301.6606,60,0.8448371887207031,2604.15446,False,False
1301.6606,61,0.8445354104042053,0709.1642,False,False
1301.6606,62,0.8445228338241577,1809.04448,False,False
1301.6606,63,0.8440219163894653,1805.05207,False,False
1301.6606,64,0.8435587882995605,math/0006237,False,False
1301.6606,65,0.8435236811637878,2009.06743,False,True
1301.6606,66,0.8430920839309692,1305.2720,False,False
1301.6606,67,0.8430734276771545,1106.4532,False,False
1301.6606,68,0.8429973721504211,1910.10761,False,False
1301.6606,69,0.8427420854568481,1605.08273,False,False
1301.6606,70,0.8425960540771484,2106.08830,False,False
1301.6606,71,0.8424731492996216,1512.00627,False,False
1301.6606,72,0.8420839309692383,1103.5274,False,False
1301.6606,73,0.8420360684394836,2311.00010,False,False
1301.6606,74,0.8419843316078186,2110.03852,False,False
1301.6606,75,0.8418453931808472,cs/0406010,False,False
1301.6606,76,0.8417191505432129,1910.07884,False,False
1301.6606,77,0.8416809439659119,1012.4047,False,False
1301.6606,78,0.8415541052818298,1805.00511,False,False
1301.6606,79,0.8412133455276489,1102.2657,False,False
1301.6606,80,0.8407368659973145,0910.5416,False,False
1301.6606,81,0.8406811952590942,1007.2871,False,False
1301.6606,82,0.8405870199203491,2503.23636,False,False
1301.6606,83,0.8405459523200989,1901.11183,False,False
1301.6606,84,0.840527355670929,2307.06039,False,False
1301.6606,85,0.8404363393783569,1007.3612,False,False
1301.6606,86,0.8402666449546814,1611.06090,False,False
1301.6606,87,0.8402553796768188,2405.07019,False,False
1301.6606,88,0.8399466276168823,1102.5674,False,False
1301.6606,89,0.8397441506385803,1911.12140,False,False
1301.6606,90,0.8395271301269531,1602.01133,False,False
1301.6606,91,0.8394676446914673,2403.01358,False,False
1301.6606,92,0.8394405841827393,math/0502005,False,False
1301.6606,93,0.839139461517334,1701.06722,False,False
1301.6606,94,0.8389267921447754,2302.00479,False,True
1301.6606,95,0.8385579586029053,1605.01298,False,False
1301.6606,96,0.8381168842315674,1501.00178,False,False
1301.6606,97,0.8381165862083435,cs/0507008,False,False
1301.6606,98,0.837871253490448,1011.4480,False,False
1301.6606,99,0.8378610014915466,1512.01305,False,False
1301.6606,100,0.8377237319946289,funct-an/9211008,False,False
1307.8266,1,0.8798855543136597,1103.5083,True,True
1307.8266,2,0.8666768670082092,2410.19045,False,False
1307.8266,3,0.8576866984367371,hep-ph/9903250,False,False
1307.8266,4,0.8569468855857849,astro-ph/0610962,False,False
1307.8266,5,0.8565807938575745,1901.04752,False,False
1307.8266,6,0.8542639017105103,physics/0611055,False,False
1307.8266,7,0.8537329435348511,1602.03765,False,False
1307.8266,8,0.8526347279548645,1808.10760,False,False
1307.8266,9,0.8520016670227051,2003.13615,False,False
1307.8266,10,0.8517783880233765,2602.05700,False,True
1307.8266,11,0.8498165607452393,1303.5075,False,True
1307.8266,12,0.8491895794868469,astro-ph/9701118,False,False
1307.8266,13,0.8472610712051392,2510.12449,False,False
1307.8266,14,0.8471037745475769,1905.04229,False,False
1307.8266,15,0.8463426232337952,1008.4646,False,False
1307.8266,16,0.8459615111351013,2301.02935,False,False
1307.8266,17,0.8451208472251892,astro-ph/9705206,False,False
1307.8266,18,0.8450865745544434,2202.09589,False,True
1307.8266,19,0.8448507785797119,2601.23047,False,False
1307.8266,20,0.8447900414466858,2311.13305,False,True
1307.8266,21,0.8445245027542114,1601.07156,False,False
1307.8266,22,0.8437939286231995,0903.5234,False,False
1307.8266,23,0.8427102565765381,2605.07641,False,False
1307.8266,24,0.8426826596260071,2201.12310,False,False
1307.8266,25,0.8418771028518677,1806.08233,False,False
1307.8266,26,0.8418201804161072,astro-ph/9704020,False,False
1307.8266,27,0.8417540788650513,2605.22161,False,True
1307.8266,28,0.8412757515907288,hep-ph/0108191,False,False
1307.8266,29,0.8409496545791626,1504.04507,False,True
1307.8266,30,0.8408836126327515,2407.19481,False,True
1307.8266,31,0.8408756256103516,hep-ph/0701203,False,False
1307.8266,32,0.8406122922897339,astro-ph/0112050,False,False
1307.8266,33,0.8404299020767212,1902.10052,False,False
1307.8266,34,0.8400816917419434,1502.02976,False,False
1307.8266,35,0.8400163650512695,1209.1043,False,True
1307.8266,36,0.8395981192588806,2602.21739,False,False
1307.8266,37,0.8392539024353027,astro-ph/0702099,False,False
1307.8266,38,0.8388777375221252,astro-ph/0112430,False,False
1307.8266,39,0.8387264609336853,astro-ph/0007195,False,False
1307.8266,40,0.8386773467063904,2207.14384,False,False
1307.8266,41,0.8385265469551086,2006.09552,False,False
1307.8266,42,0.83779376745224,1009.2604,False,True
1307.8266,43,0.8377745747566223,1207.4329,False,False
1307.8266,44,0.8376283645629883,hep-ph/0312180,False,False
1307.8266,45,0.8373445868492126,hep-ex/0207002,False,False
1307.8266,46,0.8372616767883301,1905.00366,False,False
1307.8266,47,0.8370066285133362,2206.05920,False,True
1307.8266,48,0.8369033336639404,astro-ph/9709243,False,False
1307.8266,49,0.8365049362182617,hep-ph/9506350,False,False
1307.8266,50,0.8364894390106201,2208.12274,False,False
1307.8266,51,0.8359844088554382,2006.07852,False,False
1307.8266,52,0.8358994722366333,hep-ph/0503068,False,False
1307.8266,53,0.8354739546775818,1004.2706,False,True
1307.8266,54,0.8354277610778809,astro-ph/0105396,True,False
1307.8266,55,0.835128903388977,2510.24516,False,False
1307.8266,56,0.834708571434021,1212.1013,False,False
1307.8266,57,0.8344134092330933,astro-ph/0507171,False,False
1307.8266,58,0.834234356880188,1504.07622,False,True
1307.8266,59,0.8341787457466125,1112.1411,False,False
1307.8266,60,0.833891749382019,1208.5897,False,False
1307.8266,61,0.833467960357666,hep-ex/0104014,False,False
1307.8266,62,0.8334358930587769,2402.16395,False,False
1307.8266,63,0.8328816890716553,0807.4528,False,True
1307.8266,64,0.8327898383140564,2509.06834,False,True
1307.8266,65,0.8327704668045044,hep-ph/0501281,False,False
1307.8266,66,0.8326429128646851,2102.04743,False,False
1307.8266,67,0.8322786688804626,0905.2382,False,False
1307.8266,68,0.8319188952445984,1401.4690,False,True
1307.8266,69,0.8318893313407898,0907.3923,False,False
1307.8266,70,0.8318051099777222,2301.02682,False,False
1307.8266,71,0.8316907286643982,hep-ph/0002170,False,False
1307.8266,72,0.8316569924354553,1411.0308,False,False
1307.8266,73,0.8315474987030029,0803.4089,False,False
1307.8266,74,0.8314568996429443,2009.01958,False,False
1307.8266,75,0.8309390544891357,1910.01364,False,False
1307.8266,76,0.8309206962585449,1709.08574,True,False
1307.8266,77,0.8307828903198242,1806.08305,False,False
1307.8266,78,0.8306164741516113,1609.09032,False,False
1307.8266,79,0.8301551342010498,1008.2913,False,False
1307.8266,80,0.8301172256469727,hep-ph/0307284,False,True
1307.8266,81,0.8300998210906982,1803.01629,False,False
1307.8266,82,0.8298379778862,2302.01127,False,True
1307.8266,83,0.8298238515853882,0804.0910,False,False
1307.8266,84,0.8297491073608398,1402.1022,False,False
1307.8266,85,0.8297107815742493,0911.1270,False,False
1307.8266,86,0.8296895027160645,2509.24516,False,False
1307.8266,87,0.8296647071838379,1501.05158,False,False
1307.8266,88,0.8295379877090454,0907.1465,False,True
1307.8266,89,0.8293542861938477,0903.2297,False,True
1307.8266,90,0.8291504383087158,astro-ph/0302218,False,False
1307.8266,91,0.8288286328315735,2009.04039,False,False
1307.8266,92,0.8287347555160522,hep-ph/9505366,False,False
1307.8266,93,0.8286124467849731,1704.07421,False,False
1307.8266,94,0.8285591006278992,astro-ph/0409168,False,False
1307.8266,95,0.8281967639923096,astro-ph/0005004,False,True
1307.8266,96,0.8276528716087341,1811.11754,False,True
1307.8266,97,0.8274896740913391,2411.02380,False,False
1307.8266,98,0.827404260635376,1507.01434,False,False
1307.8266,99,0.8273313641548157,1501.05054,False,False
1307.8266,100,0.8272024393081665,1703.01361,False,False
1405.7605,1,0.9018475413322449,2401.04542,False,True
1405.7605,2,0.8951573967933655,1604.05454,False,True
1405.7605,3,0.8947697877883911,2602.17411,False,True
1405.7605,4,0.8908694386482239,1711.10998,False,True
1405.7605,5,0.8884679079055786,0807.4683,False,False
1405.7605,6,0.8878446221351624,2309.04007,False,True
1405.7605,7,0.8858436942100525,2311.15409,False,True
1405.7605,8,0.8827131390571594,2409.17797,False,True
1405.7605,9,0.8826878666877747,2001.03077,False,False
1405.7605,10,0.8824394345283508,math/9305205,False,False
1405.7605,11,0.8812230825424194,2310.04073,False,True
1405.7605,12,0.8789801597595215,math/0204202,False,True
1405.7605,13,0.8789173364639282,1307.0981,False,True
1405.7605,14,0.8773881196975708,2003.13745,False,True
1405.7605,15,0.8757814168930054,1610.09276,False,True
1405.7605,16,0.875544548034668,1710.08226,False,True
1405.7605,17,0.8748247623443604,1801.09133,False,True
1405.7605,18,0.8746072053909302,1503.03788,False,True
1405.7605,19,0.8745181560516357,1402.5499,False,True
1405.7605,20,0.874433696269989,math/0412327,False,False
1405.7605,21,0.8733676671981812,math/0107071,False,False
1405.7605,22,0.8716264963150024,2310.19178,False,False
1405.7605,23,0.8697562217712402,2102.06784,False,True
1405.7605,24,0.8696631193161011,2310.05891,False,True
1405.7605,25,0.8695246577262878,2003.07582,False,False
1405.7605,26,0.8692079782485962,1601.00946,False,True
1405.7605,27,0.8689147233963013,2104.00434,False,True
1405.7605,28,0.8683571219444275,1904.03974,False,False
1405.7605,29,0.8678627610206604,2012.12359,False,False
1405.7605,30,0.8675824403762817,2211.00800,False,True
1405.7605,31,0.8663773536682129,1308.3192,False,True
1405.7605,32,0.8658657073974609,1104.2755,False,False
1405.7605,33,0.8655792474746704,2506.23031,False,True
1405.7605,34,0.8654842376708984,2207.03021,False,False
1405.7605,35,0.8650939464569092,2106.02924,False,True
1405.7605,36,0.8649201989173889,2309.01766,False,True
1405.7605,37,0.8647146821022034,1001.3988,False,False
1405.7605,38,0.8646399974822998,1905.05688,False,False
1405.7605,39,0.8645423054695129,2005.09680,False,True
1405.7605,40,0.8643732070922852,1004.3619,False,True
1405.7605,41,0.8639073967933655,1405.2711,False,True
1405.7605,42,0.8638875484466553,2206.00884,False,True
1405.7605,43,0.8637306690216064,1708.09047,False,True
1405.7605,44,0.8635780811309814,1608.02223,False,False
1405.7605,45,0.8632034063339233,1104.0179,False,False
1405.7605,46,0.8626729249954224,1409.2249,False,True
1405.7605,47,0.8625360131263733,1904.02640,False,True
1405.7605,48,0.8624840378761292,0904.1850,False,True
1405.7605,49,0.8623896837234497,1906.08513,False,True
1405.7605,50,0.8623170852661133,1601.03084,False,True
1405.7605,51,0.8622946739196777,1409.7632,False,True
1405.7605,52,0.862171471118927,1301.5533,False,True
1405.7605,53,0.8620826005935669,1011.1236,False,False
1405.7605,54,0.8619687557220459,math/0703894,False,False
1405.7605,55,0.8619504570960999,2505.13221,False,False
1405.7605,56,0.8617592453956604,1405.3604,False,True
1405.7605,57,0.8615497946739197,0905.0065,False,True
1405.7605,58,0.8613483905792236,math/0603537,False,True
1405.7605,59,0.8613238334655762,1605.00845,False,True
1405.7605,60,0.8613195419311523,2605.06023,False,True
1405.7605,61,0.8612753748893738,2203.04189,False,True
1405.7605,62,0.861049234867096,1302.3079,False,False
1405.7605,63,0.8604269623756409,2310.00181,False,True
1405.7605,64,0.860407292842865,1601.00343,False,True
1405.7605,65,0.8596787452697754,1701.00945,False,True
1405.7605,66,0.8594642281532288,1803.03936,False,False
1405.7605,67,0.8592053651809692,1606.05911,False,True
1405.7605,68,0.8590837717056274,1305.2720,False,True
1405.7605,69,0.8589189648628235,2412.08784,False,True
1405.7605,70,0.8586267232894897,0905.0993,False,True
1405.7605,71,0.8586212992668152,1005.5056,False,True
1405.7605,72,0.8586041927337646,1610.05227,False,False
1405.7605,73,0.8584292531013489,2010.03394,False,True
1405.7605,74,0.8583781719207764,2104.07431,False,True
1405.7605,75,0.8582481741905212,1201.3734,True,True
1405.7605,76,0.8578870892524719,math/0504051,False,False
1405.7605,77,0.8576687574386597,math/0507356,False,False
1405.7605,78,0.8573660850524902,1806.10110,False,True
1405.7605,79,0.857279360294342,1509.07839,False,True
1405.7605,80,0.8571224808692932,2509.17330,False,True
1405.7605,81,0.8568202257156372,1208.2864,False,False
1405.7605,82,0.8561235070228577,math/0409110,False,False
1405.7605,83,0.8559141755104065,2112.00642,False,False
1405.7605,84,0.8558961749076843,1412.2283,False,True
1405.7605,85,0.8558375239372253,1804.05629,False,False
1405.7605,86,0.8554384708404541,1308.3022,False,True
1405.7605,87,0.8550950884819031,1204.0449,False,False
1405.7605,88,0.8546218872070312,1005.1423,False,False
1405.7605,89,0.8545939326286316,1208.1788,False,False
1405.7605,90,0.8545489311218262,math/9211201,False,False
1405.7605,91,0.8545293211936951,1812.10810,False,True
1405.7605,92,0.8543077707290649,2303.06619,False,False
1405.7605,93,0.853869616985321,1006.2675,False,False
1405.7605,94,0.8535732626914978,2209.11310,False,True
1405.7605,95,0.8533547520637512,2405.16641,False,True
1405.7605,96,0.85308837890625,0711.2522,False,False
1405.7605,97,0.8530434370040894,1309.5055,False,False
1405.7605,98,0.8526945114135742,0711.0687,False,True
1405.7605,99,0.8526910543441772,1701.04867,False,False
1405.7605,100,0.8525170087814331,math/0307323,False,False
1406.7173,1,0.8887488842010498,1706.00411,False,False
1406.7173,2,0.8877652883529663,1304.6899,False,False
1406.7173,3,0.8867401480674744,1501.01822,False,False
1406.7173,4,0.8816792964935303,2306.16309,False,False
1406.7173,5,0.87691730260849,1704.03459,False,False
1406.7173,6,0.8758436441421509,2208.09660,False,False
1406.7173,7,0.8755528330802917,cond-mat/0011174,True,False
1406.7173,8,0.8707301020622253,2006.15532,False,False
1406.7173,9,0.8694404363632202,2501.05684,False,False
1406.7173,10,0.868154764175415,2106.10539,False,False
1406.7173,11,0.8672998547554016,2308.02895,False,False
1406.7173,12,0.8667193651199341,2503.22054,False,False
1406.7173,13,0.8633303046226501,2109.07901,False,False
1406.7173,14,0.8631352186203003,1411.0606,False,False
1406.7173,15,0.8629429340362549,1410.6121,False,False
1406.7173,16,0.8609154224395752,2603.17469,False,False
1406.7173,17,0.860357403755188,2209.04792,False,False
1406.7173,18,0.8587217330932617,2308.03464,False,False
1406.7173,19,0.8581504821777344,1308.3314,False,False
1406.7173,20,0.8580167889595032,2303.17758,False,False
1406.7173,21,0.8572067022323608,1601.02603,False,False
1406.7173,22,0.8565523028373718,2211.03119,False,False
1406.7173,23,0.8561621308326721,1710.02756,False,False
1406.7173,24,0.8554102182388306,2502.05216,False,False
1406.7173,25,0.855116605758667,0810.4752,False,True
1406.7173,26,0.8546207547187805,2305.06541,False,False
1406.7173,27,0.8545273542404175,1301.3069,False,False
1406.7173,28,0.8538027405738831,2504.00001,False,False
1406.7173,29,0.8532038927078247,1311.1031,False,False
1406.7173,30,0.8527990579605103,1505.01300,False,False
1406.7173,31,0.8519837856292725,1506.00171,False,False
1406.7173,32,0.8519201278686523,1408.5024,False,False
1406.7173,33,0.8511114716529846,2412.13741,False,False
1406.7173,34,0.8507592678070068,2206.12379,False,True
1406.7173,35,0.8496987819671631,1207.0437,False,False
1406.7173,36,0.8489344120025635,2412.04956,False,False
1406.7173,37,0.8485175967216492,2105.13584,False,False
1406.7173,38,0.8482526540756226,1405.3880,False,False
1406.7173,39,0.8481515645980835,1506.00976,False,False
1406.7173,40,0.8475126028060913,1204.4584,False,False
1406.7173,41,0.8471112251281738,2310.19683,False,False
1406.7173,42,0.846865713596344,2603.00277,False,False
1406.7173,43,0.8464011549949646,2512.16000,False,False
1406.7173,44,0.8462609052658081,2001.09437,False,False
1406.7173,45,0.8459263443946838,0812.1124,False,True
1406.7173,46,0.8458515405654907,1407.0477,False,False
1406.7173,47,0.8458464741706848,2103.12725,False,True
1406.7173,48,0.8457345962524414,math/0505527,False,True
1406.7173,49,0.8456040024757385,0803.1708,False,True
1406.7173,50,0.8454662561416626,1901.04935,False,False
1406.7173,51,0.8449923396110535,2601.06020,False,False
1406.7173,52,0.8448836803436279,2502.12452,False,False
1406.7173,53,0.8446101546287537,2605.19519,False,False
1406.7173,54,0.8446036577224731,2008.10725,False,False
1406.7173,55,0.8445106148719788,2303.13135,False,False
1406.7173,56,0.8440470695495605,1601.07521,False,True
1406.7173,57,0.8440283536911011,1407.5227,False,False
1406.7173,58,0.8437293171882629,1907.07582,False,False
1406.7173,59,0.8436973690986633,1908.03329,False,False
1406.7173,60,0.8434029817581177,1812.00036,False,False
1406.7173,61,0.8433989882469177,2412.14222,False,False
1406.7173,62,0.8432913422584534,1807.02262,False,False
1406.7173,63,0.8431012630462646,1803.05165,False,False
1406.7173,64,0.8427379131317139,2601.02957,False,False
1406.7173,65,0.8425536751747131,2009.04747,False,True
1406.7173,66,0.8425201177597046,2310.11470,False,False
1406.7173,67,0.8420458436012268,1504.05059,False,False
1406.7173,68,0.8418758511543274,2510.26821,False,False
1406.7173,69,0.8417443633079529,2301.11477,False,False
1406.7173,70,0.8414918780326843,1809.07006,False,False
1406.7173,71,0.8413943648338318,2005.13934,False,False
1406.7173,72,0.8413164615631104,1811.08413,False,False
1406.7173,73,0.8409866690635681,math/0101151,False,False
1406.7173,74,0.8408012390136719,2210.10848,False,False
1406.7173,75,0.840695321559906,0805.2838,False,True
1406.7173,76,0.8405235409736633,1712.06119,False,False
1406.7173,77,0.8404535055160522,2003.00132,False,False
1406.7173,78,0.8403883576393127,1208.3524,False,False
1406.7173,79,0.8398441672325134,1011.0810,False,False
1406.7173,80,0.8396802544593811,2112.10073,False,False
1406.7173,81,0.8395742177963257,1606.01473,False,False
1406.7173,82,0.8395695686340332,quant-ph/0303081,False,False
1406.7173,83,0.8394899964332581,2409.06413,False,False
1406.7173,84,0.8394676446914673,2112.08641,False,False
1406.7173,85,0.839421808719635,2604.21545,False,False
1406.7173,86,0.8391881585121155,1807.05276,False,False
1406.7173,87,0.8389798402786255,2110.12112,False,True
1406.7173,88,0.838921070098877,1607.04522,False,False
1406.7173,89,0.8389182686805725,2312.01634,False,False
1406.7173,90,0.8388288617134094,2602.00907,False,False
1406.7173,91,0.8387711644172668,2012.13133,False,False
1406.7173,92,0.8380858302116394,1501.05597,False,False
1406.7173,93,0.8380418419837952,1707.06661,False,False
1406.7173,94,0.8380067348480225,1608.00264,False,True
1406.7173,95,0.8377765417098999,1104.5538,False,False
1406.7173,96,0.8376941084861755,2411.02380,False,False
1406.7173,97,0.8371390700340271,1709.07531,False,False
1406.7173,98,0.8369755744934082,1206.6425,False,False
1406.7173,99,0.8369268774986267,1708.06552,False,False
1406.7173,100,0.8366910219192505,2210.07545,False,False
1407.5034,1,0.8852494359016418,1104.3540,False,False
1407.5034,2,0.8771956562995911,1911.06451,False,False
1407.5034,3,0.8694769144058228,cond-mat/9705230,False,False
1407.5034,4,0.8639166951179504,2409.08452,False,True
1407.5034,5,0.857361912727356,1810.11566,False,False
1407.5034,6,0.8558683395385742,1802.07356,False,False
1407.5034,7,0.8531054258346558,1403.2969,False,False
1407.5034,8,0.8505547046661377,1612.04574,False,False
1407.5034,9,0.8500399589538574,0909.0554,False,False
1407.5034,10,0.8489313721656799,0810.1946,False,True
1407.5034,11,0.8484157919883728,0804.4189,False,False
1407.5034,12,0.8461136817932129,0710.3716,False,False
1407.5034,13,0.84599769115448,cond-mat/0612242,False,False
1407.5034,14,0.8435968160629272,2604.21781,False,True
1407.5034,15,0.843557596206665,2412.21025,False,False
1407.5034,16,0.8432047367095947,1312.2499,False,False
1407.5034,17,0.8418558239936829,2309.06879,False,False
1407.5034,18,0.8417454957962036,2511.05776,False,False
1407.5034,19,0.8411508202552795,2007.12227,False,False
1407.5034,20,0.84112149477005,2101.06981,False,False
1407.5034,21,0.8392994403839111,1110.5752,False,True
1407.5034,22,0.8391233682632446,1501.07894,False,False
1407.5034,23,0.8382547497749329,1712.01343,False,False
1407.5034,24,0.8373110294342041,2102.02899,False,True
1407.5034,25,0.8362613320350647,2403.19858,False,False
1407.5034,26,0.835729718208313,0810.2431,False,False
1407.5034,27,0.8347177505493164,physics/0607243,False,True
1407.5034,28,0.8344744443893433,1406.6191,False,False
1407.5034,29,0.8335002064704895,2312.10760,False,False
1407.5034,30,0.832935094833374,1710.00745,False,False
1407.5034,31,0.8318201899528503,math-ph/0607038,True,False
1407.5034,32,0.8312681913375854,1811.06970,False,True
1407.5034,33,0.8302563428878784,cond-mat/0602307,False,False
1407.5034,34,0.8282781839370728,1605.05071,False,False
1407.5034,35,0.8277576565742493,1210.3014,False,False
1407.5034,36,0.8276680111885071,physics/9912046,False,False
1407.5034,37,0.8269570469856262,cond-mat/0008369,False,False
1407.5034,38,0.8263394832611084,2310.05554,False,True
1407.5034,39,0.826030969619751,1808.04787,False,True
1407.5034,40,0.8259115815162659,2410.04270,False,True
1407.5034,41,0.8256003260612488,1811.11877,False,True
1407.5034,42,0.825360894203186,nucl-th/0107001,True,False
1407.5034,43,0.8253398537635803,1211.5932,False,False
1407.5034,44,0.8250744342803955,1307.5168,False,False
1407.5034,45,0.8248852491378784,0909.2722,False,True
1407.5034,46,0.8244050741195679,1510.01474,False,False
1407.5034,47,0.8241267204284668,1810.01712,False,False
1407.5034,48,0.8237330317497253,1805.05449,False,False
1407.5034,49,0.8230347037315369,1407.6683,False,False
1407.5034,50,0.8229928016662598,1211.6072,False,False
1407.5034,51,0.8229370713233948,1511.00798,False,False
1407.5034,52,0.8229262232780457,2402.16510,False,True
1407.5034,53,0.8228731155395508,2602.23472,False,False
1407.5034,54,0.8223153352737427,1812.02653,False,False
1407.5034,55,0.8222960233688354,1702.05940,False,False
1407.5034,56,0.8221033811569214,1709.02668,True,False
1407.5034,57,0.8220691680908203,2202.05386,False,False
1407.5034,58,0.8219966292381287,2310.19730,False,True
1407.5034,59,0.821986734867096,1501.00303,False,True
1407.5034,60,0.8219746947288513,1704.08289,False,False
1407.5034,61,0.8217655420303345,2506.05946,False,False
1407.5034,62,0.8213071227073669,2506.13913,False,False
1407.5034,63,0.8212409019470215,0910.2637,False,True
1407.5034,64,0.8209816217422485,0802.2233,False,True
1407.5034,65,0.8202612400054932,2108.13781,False,False
1407.5034,66,0.8200118541717529,2009.08944,False,False
1407.5034,67,0.8199701905250549,2301.09005,False,False
1407.5034,68,0.8193345069885254,physics/9904029,False,True
1407.5034,69,0.819230854511261,2104.01581,False,False
1407.5034,70,0.8192152976989746,0907.4198,False,False
1407.5034,71,0.8191277980804443,2406.10321,False,False
1407.5034,72,0.8191150426864624,1309.4352,False,True
1407.5034,73,0.8189950585365295,chao-dyn/9901021,False,False
1407.5034,74,0.8185962438583374,1405.2742,False,False
1407.5034,75,0.8184977769851685,1609.03732,False,False
1407.5034,76,0.8182600736618042,2108.14005,False,False
1407.5034,77,0.8175305724143982,1908.07850,False,True
1407.5034,78,0.8173357248306274,1605.07994,False,False
1407.5034,79,0.8172554969787598,2310.16926,False,False
1407.5034,80,0.8169217109680176,1312.0206,False,False
1407.5034,81,0.816891610622406,1007.1818,False,False
1407.5034,82,0.8164916038513184,2302.01844,False,True
1407.5034,83,0.8164790272712708,2401.14748,False,False
1407.5034,84,0.8161659836769104,quant-ph/0601018,False,False
1407.5034,85,0.816006064414978,2603.19430,False,False
1407.5034,86,0.8157585263252258,1205.5300,False,False
1407.5034,87,0.8156991004943848,physics/0508211,False,True
1407.5034,88,0.8156861066818237,cond-mat/0404305,False,False
1407.5034,89,0.8154058456420898,1511.06171,False,False
1407.5034,90,0.8153034448623657,0807.0962,True,False
1407.5034,91,0.81528639793396,cond-mat/9812071,False,True
1407.5034,92,0.815109372138977,1507.05321,False,False
1407.5034,93,0.8147664666175842,1012.1067,False,False
1407.5034,94,0.814272403717041,1704.07089,False,False
1407.5034,95,0.8141025900840759,0708.0800,False,False
1407.5034,96,0.814099907875061,2207.13318,False,False
1407.5034,97,0.8140644431114197,1207.4565,False,False
1407.5034,98,0.8139139413833618,cond-mat/9908166,False,False
1407.5034,99,0.8137438297271729,cond-mat/0011174,True,False
1407.5034,100,0.8136709928512573,1011.1087,False,False
1407.6234,1,0.904028594493866,2407.19047,False,True
1407.6234,2,0.8814727067947388,1608.04570,False,True
1407.6234,3,0.8810786604881287,2312.17302,False,False
1407.6234,4,0.8797619938850403,1604.05454,False,True
1407.6234,5,0.878835916519165,2502.04743,False,True
1407.6234,6,0.8731281161308289,0807.4302,False,False
1407.6234,7,0.8717983961105347,math/0104151,False,False
1407.6234,8,0.8710632920265198,1702.08128,False,False
1407.6234,9,0.8693252801895142,2309.09966,False,False
1407.6234,10,0.8681305646896362,1804.01510,False,True
1407.6234,11,0.8679183721542358,1205.6837,False,False
1407.6234,12,0.8648577332496643,2006.13788,False,False
1407.6234,13,0.8640738725662231,1407.7177,False,True
1407.6234,14,0.8632604479789734,math/0312191,False,True
1407.6234,15,0.8617060780525208,2101.05449,False,False
1407.6234,16,0.8606361150741577,1812.00042,False,False
1407.6234,17,0.8599897027015686,1307.3649,False,True
1407.6234,18,0.859739363193512,0906.5525,False,False
1407.6234,19,0.8588661551475525,math/0511571,False,False
1407.6234,20,0.8588083386421204,1902.09180,False,False
1407.6234,21,0.8584409356117249,math/0006105,False,False
1407.6234,22,0.8578810095787048,math/0506546,False,False
1407.6234,23,0.8569314479827881,1501.00178,False,True
1407.6234,24,0.8569009304046631,1406.4368,False,False
1407.6234,25,0.8558052182197571,math/0009008,False,False
1407.6234,26,0.855572521686554,1307.8289,False,False
1407.6234,27,0.8555341958999634,quant-ph/0610009,False,False
1407.6234,28,0.8553774952888489,2203.02705,False,True
1407.6234,29,0.8549988865852356,math/0502261,False,True
1407.6234,30,0.8546434640884399,1811.07019,False,False
1407.6234,31,0.8541744351387024,1205.0992,False,False
1407.6234,32,0.853391170501709,1510.03767,False,False
1407.6234,33,0.8528808355331421,math/0506046,False,False
1407.6234,34,0.8527806997299194,0706.2910,False,False
1407.6234,35,0.8521325588226318,2101.07593,False,True
1407.6234,36,0.8521278500556946,2107.14189,False,False
1407.6234,37,0.8515032529830933,2501.10554,False,False
1407.6234,38,0.8508719801902771,1406.1453,False,False
1407.6234,39,0.8508664965629578,1509.00420,False,False
1407.6234,40,0.8506745100021362,1708.05005,False,True
1407.6234,41,0.8505443334579468,2505.07098,False,False
1407.6234,42,0.8502287864685059,1706.04186,False,False
1407.6234,43,0.8501338362693787,1708.06287,False,False
1407.6234,44,0.8500722646713257,math/0205263,False,False
1407.6234,45,0.8497883677482605,1003.2124,False,False
1407.6234,46,0.8487590551376343,1002.3457,False,False
1407.6234,47,0.8483945727348328,1609.04335,False,False
1407.6234,48,0.8482955694198608,1501.05678,False,True
1407.6234,49,0.8480882048606873,2003.12882,False,True
1407.6234,50,0.8480708599090576,2307.06039,False,True
1407.6234,51,0.8479270339012146,0909.2779,False,False
1407.6234,52,0.8478521704673767,1412.0434,False,False
1407.6234,53,0.8476542234420776,2102.09511,False,True
1407.6234,54,0.8474945425987244,1502.00426,False,False
1407.6234,55,0.8473823666572571,1806.02189,False,False
1407.6234,56,0.8462717533111572,math/0306414,False,False
1407.6234,57,0.8460954427719116,1201.3570,False,False
1407.6234,58,0.8460721969604492,math/9807048,False,False
1407.6234,59,0.8457532525062561,1609.08322,False,True
1407.6234,60,0.8453875184059143,1409.7632,False,True
1407.6234,61,0.8452227711677551,2509.09548,False,True
1407.6234,62,0.8451709747314453,2212.02665,False,False
1407.6234,63,0.8449632525444031,math/0511220,False,False
1407.6234,64,0.8442894220352173,2504.10019,False,False
1407.6234,65,0.8440183401107788,2501.07662,False,True
1407.6234,66,0.8440008163452148,0812.2255,False,False
1407.6234,67,0.8439026474952698,1103.4216,False,False
1407.6234,68,0.8438766002655029,1407.2661,False,False
1407.6234,69,0.8438098430633545,0711.2769,False,True
1407.6234,70,0.8434203267097473,1005.4194,False,False
1407.6234,71,0.8433257937431335,2312.01765,False,False
1407.6234,72,0.8429340124130249,math/0501388,False,True
1407.6234,73,0.8424776792526245,1207.3381,False,False
1407.6234,74,0.8420338034629822,1007.4431,False,False
1407.6234,75,0.8418071269989014,1003.3785,False,False
1407.6234,76,0.8416125774383545,1309.5055,False,False
1407.6234,77,0.8415504693984985,2004.09692,False,False
1407.6234,78,0.8415149450302124,1602.01207,False,False
1407.6234,79,0.8413864374160767,1011.1143,False,False
1407.6234,80,0.841224730014801,2508.19079,False,False
1407.6234,81,0.8406643867492676,2404.08954,False,True
1407.6234,82,0.840636670589447,math/0408380,False,True
1407.6234,83,0.8406266570091248,1201.5575,False,False
1407.6234,84,0.8405715227127075,1609.04458,False,True
1407.6234,85,0.8402950763702393,0804.4304,False,False
1407.6234,86,0.8401634693145752,math/0006084,False,False
1407.6234,87,0.8401601910591125,1608.07926,False,True
1407.6234,88,0.8398565053939819,1901.08453,False,False
1407.6234,89,0.8396361470222473,2503.22535,False,False
1407.6234,90,0.8393090963363647,math/0601184,False,False
1407.6234,91,0.8392447829246521,2204.10223,False,False
1407.6234,92,0.8388997316360474,2004.05230,False,False
1407.6234,93,0.8388814330101013,math/0608321,False,False
1407.6234,94,0.8388756513595581,math/0009255,False,True
1407.6234,95,0.8388749361038208,1409.8356,False,False
1407.6234,96,0.8387548923492432,0901.2669,False,True
1407.6234,97,0.8387507796287537,1608.02223,False,False
1407.6234,98,0.8385377526283264,math/9406207,False,True
1407.6234,99,0.8384204506874084,2001.05882,False,False
1407.6234,100,0.8383907079696655,0903.4983,False,False
1706.09817,1,0.8445199728012085,1504.06750,False,True
1706.09817,2,0.8368133902549744,2006.15245,False,True
1706.09817,3,0.8343536853790283,1401.8265,False,True
1706.09817,4,0.8339128494262695,2601.04433,False,True
1706.09817,5,0.8328852653503418,1802.06933,False,True
1706.09817,6,0.828804612159729,2501.00366,False,False
1706.09817,7,0.8275830745697021,1603.08179,False,True
1706.09817,8,0.8251105546951294,1304.2269,False,True
1706.09817,9,0.8244671821594238,2307.15023,False,True
1706.09817,10,0.8242508172988892,1503.05367,False,True
1706.09817,11,0.8242200016975403,2205.00333,False,True
1706.09817,12,0.8229525089263916,2506.06758,False,False
1706.09817,13,0.8225361108779907,1305.5082,False,True
1706.09817,14,0.8202215433120728,2411.02061,False,True
1706.09817,15,0.8188292980194092,2204.04604,False,True
1706.09817,16,0.8172683715820312,1304.0553,False,True
1706.09817,17,0.8163260221481323,2002.04221,False,True
1706.09817,18,0.8149191737174988,2601.13470,False,False
1706.09817,19,0.814010500907898,1812.01175,False,True
1706.09817,20,0.8131334781646729,2502.06239,False,True
1706.09817,21,0.8130397796630859,1602.03328,False,True
1706.09817,22,0.8125905990600586,2006.07765,False,True
1706.09817,23,0.8119503855705261,2103.12418,False,False
1706.09817,24,0.8116152882575989,0907.0725,False,True
1706.09817,25,0.8088291883468628,1704.06420,False,True
1706.09817,26,0.8086050748825073,2403.15130,False,True
1706.09817,27,0.808409571647644,2509.06491,False,False
1706.09817,28,0.8062446117401123,2208.13849,False,False
1706.09817,29,0.8059528470039368,1305.5884,False,True
1706.09817,30,0.8053358793258667,1812.11326,False,False
1706.09817,31,0.8051673173904419,1410.2904,False,True
1706.09817,32,0.8022157549858093,1804.11341,False,False
1706.09817,33,0.8018929958343506,2410.22650,False,True
1706.09817,34,0.8013265132904053,2410.10313,False,False
1706.09817,35,0.8010622262954712,0910.2603,False,False
1706.09817,36,0.800300121307373,2504.06605,False,False
1706.09817,37,0.7990846633911133,0912.4595,False,True
1706.09817,38,0.7982406616210938,2103.07631,False,False
1706.09817,39,0.7977852821350098,2007.13919,False,True
1706.09817,40,0.7974113821983337,2405.19182,False,True
1706.09817,41,0.7970795631408691,1012.5846,False,True
1706.09817,42,0.7964850664138794,2312.10888,False,False
1706.09817,43,0.796450138092041,1009.4300,False,True
1706.09817,44,0.7961973547935486,1710.02380,False,True
1706.09817,45,0.7949018478393555,1903.04740,False,False
1706.09817,46,0.7934287786483765,2603.28283,False,False
1706.09817,47,0.7928557395935059,1401.2220,True,True
1706.09817,48,0.7919251322746277,2506.00706,False,True
1706.09817,49,0.7918410301208496,1908.08272,False,True
1706.09817,50,0.7917221784591675,1810.05891,False,True
1706.09817,51,0.7915545105934143,2011.03565,True,True
1706.09817,52,0.7914913892745972,2409.13261,False,False
1706.09817,53,0.7910826206207275,2004.05522,False,False
1706.09817,54,0.7907987236976624,1405.0209,False,True
1706.09817,55,0.7906106114387512,1603.03898,False,True
1706.09817,56,0.7903217077255249,0812.3890,False,True
1706.09817,57,0.7896419763565063,1304.1935,False,True
1706.09817,58,0.7894870042800903,0807.3574,False,True
1706.09817,59,0.789231538772583,1301.6449,False,True
1706.09817,60,0.788063108921051,2209.12755,False,True
1706.09817,61,0.7878187894821167,1710.01391,False,True
1706.09817,62,0.7875999808311462,1812.07852,False,False
1706.09817,63,0.7867734432220459,2301.00583,False,True
1706.09817,64,0.7861517667770386,2202.05530,False,True
1706.09817,65,0.7859160900115967,1201.0081,False,True
1706.09817,66,0.7858394384384155,1605.05862,False,True
1706.09817,67,0.7856835126876831,1801.05353,False,True
1706.09817,68,0.7849290370941162,1201.1997,False,True
1706.09817,69,0.7846973538398743,2412.07248,False,False
1706.09817,70,0.784134566783905,1803.07342,False,False
1706.09817,71,0.7840267419815063,1502.00714,False,True
1706.09817,72,0.7832263708114624,2410.05088,False,False
1706.09817,73,0.7827072143554688,1202.5474,False,True
1706.09817,74,0.7826047539710999,1803.03878,False,False
1706.09817,75,0.7825619578361511,1201.1175,False,True
1706.09817,76,0.782455563545227,2405.03356,False,False
1706.09817,77,0.7822129726409912,1802.05148,False,True
1706.09817,78,0.7821189165115356,2306.08278,False,True
1706.09817,79,0.7819681763648987,1302.6634,False,True
1706.09817,80,0.7817825078964233,1008.2266,False,True
1706.09817,81,0.7811727523803711,1611.02336,False,True
1706.09817,82,0.7808218002319336,1505.00582,False,True
1706.09817,83,0.7807877063751221,1811.06442,False,True
1706.09817,84,0.7806861996650696,1612.06262,False,False
1706.09817,85,0.7799426913261414,1602.07104,False,True
1706.09817,86,0.7793229222297668,cs/0703090,False,True
1706.09817,87,0.7790244817733765,1810.00532,False,False
1706.09817,88,0.7789345979690552,1411.7197,False,True
1706.09817,89,0.7781091928482056,2202.10038,False,True
1706.09817,90,0.7776976823806763,2501.01001,False,False
1706.09817,91,0.7769714593887329,1108.1441,False,True
1706.09817,92,0.7769056558609009,1308.3985,False,True
1706.09817,93,0.7760810852050781,2603.25549,False,False
1706.09817,94,0.7760783433914185,2212.08631,False,True
1706.09817,95,0.7759311199188232,1108.0128,False,False
1706.09817,96,0.7757492065429688,1602.07364,False,True
1706.09817,97,0.7755683064460754,2510.01707,False,False
1706.09817,98,0.7744988203048706,2510.03831,False,True
1706.09817,99,0.7744280695915222,1510.08507,False,True
1706.09817,100,0.7735217809677124,1306.4414,False,True
1708.07616,1,0.8402240872383118,2510.12656,False,False
1708.07616,2,0.8386961221694946,2605.09695,False,False
1708.07616,3,0.8341425657272339,cond-mat/0601597,False,False
1708.07616,4,0.8293490409851074,1711.03807,True,False
1708.07616,5,0.8277379870414734,1606.00292,True,False
1708.07616,6,0.8236414194107056,2304.10554,False,False
1708.07616,7,0.8218419551849365,1401.4416,False,False
1708.07616,8,0.8213735222816467,2401.01810,False,False
1708.07616,9,0.8182235956192017,2006.05524,False,False
1708.07616,10,0.8162807822227478,2312.14322,False,False
1708.07616,11,0.8155422806739807,2209.14528,False,False
1708.07616,12,0.8140015006065369,1610.08319,False,False
1708.07616,13,0.8137453198432922,2402.12661,False,False
1708.07616,14,0.8132294416427612,1602.07980,False,False
1708.07616,15,0.8130173087120056,2606.06062,False,False
1708.07616,16,0.8127304911613464,1202.3267,False,False
1708.07616,17,0.8124572038650513,2504.12632,False,False
1708.07616,18,0.8110653162002563,2310.18242,False,False
1708.07616,19,0.8109205961227417,2507.22140,False,False
1708.07616,20,0.8106542229652405,2506.09818,False,False
1708.07616,21,0.8104291558265686,2412.06916,False,False
1708.07616,22,0.8092591762542725,quant-ph/0302058,False,False
1708.07616,23,0.807457685470581,2509.18294,False,False
1708.07616,24,0.8071709871292114,0910.3631,False,False
1708.07616,25,0.8062769770622253,1407.5400,False,False
1708.07616,26,0.8053158521652222,1006.4395,False,False
1708.07616,27,0.8048608303070068,2405.18855,False,False
1708.07616,28,0.8047105073928833,2012.06950,False,True
1708.07616,29,0.804349422454834,2509.24766,False,False
1708.07616,30,0.8040814995765686,2204.01471,False,False
1708.07616,31,0.8030813932418823,2502.20288,False,False
1708.07616,32,0.8025248050689697,2007.09304,False,True
1708.07616,33,0.8023191690444946,2001.05045,False,False
1708.07616,34,0.8007014393806458,1902.04709,False,False
1708.07616,35,0.8003113865852356,2605.07124,False,False
1708.07616,36,0.800161600112915,2402.02127,False,False
1708.07616,37,0.7999911308288574,2503.14645,False,False
1708.07616,38,0.799985945224762,1310.3645,False,False
1708.07616,39,0.7986235618591309,2512.23111,False,False
1708.07616,40,0.7985303401947021,2505.19935,False,False
1708.07616,41,0.7985166907310486,2411.03898,False,False
1708.07616,42,0.7981089353561401,1911.12351,True,False
1708.07616,43,0.7978267669677734,1201.3724,False,False
1708.07616,44,0.7973409295082092,quant-ph/0003151,False,False
1708.07616,45,0.7970677018165588,2506.20047,False,False
1708.07616,46,0.7965415716171265,2111.15352,False,False
1708.07616,47,0.796106219291687,2408.14929,False,False
1708.07616,48,0.7950820326805115,2403.10633,False,False
1708.07616,49,0.7949677109718323,1708.09784,False,True
1708.07616,50,0.7947033643722534,quant-ph/0507084,False,False
1708.07616,51,0.7945166826248169,2404.05330,False,False
1708.07616,52,0.794238805770874,2003.04211,False,False
1708.07616,53,0.7941093444824219,1409.3719,False,False
1708.07616,54,0.7927236557006836,1306.4851,False,False
1708.07616,55,0.7926614284515381,quant-ph/0506126,False,False
1708.07616,56,0.7926227450370789,2601.11316,False,False
1708.07616,57,0.7925301194190979,2108.01646,True,False
1708.07616,58,0.7916754484176636,2005.08588,False,False
1708.07616,59,0.7916719913482666,2502.10715,False,False
1708.07616,60,0.7910548448562622,1102.3093,False,False
1708.07616,61,0.7905406951904297,cond-mat/0205514,False,False
1708.07616,62,0.7903415560722351,1504.01162,False,False
1708.07616,63,0.789250373840332,1805.08710,False,False
1708.07616,64,0.789119303226471,2604.17740,False,False
1708.07616,65,0.7889583706855774,2409.19803,False,False
1708.07616,66,0.78888338804245,2206.05793,False,False
1708.07616,67,0.7883293628692627,2204.06369,False,False
1708.07616,68,0.7882784008979797,2211.09903,False,True
1708.07616,69,0.7881630659103394,1612.05936,False,False
1708.07616,70,0.7880414724349976,2510.15334,False,False
1708.07616,71,0.7880005836486816,1011.2540,False,False
1708.07616,72,0.7877742052078247,2106.07667,False,False
1708.07616,73,0.7871838808059692,2202.00358,False,False
1708.07616,74,0.7871713638305664,2606.06455,False,False
1708.07616,75,0.7858754992485046,2212.12369,False,False
1708.07616,76,0.7858219742774963,2501.08017,False,False
1708.07616,77,0.7856646180152893,2407.20925,False,False
1708.07616,78,0.7855920195579529,1512.08940,False,False
1708.07616,79,0.7855918407440186,2012.05615,False,False
1708.07616,80,0.7855536937713623,2208.09707,False,False
1708.07616,81,0.7854549288749695,2509.22107,False,False
1708.07616,82,0.785009503364563,2505.09944,False,False
1708.07616,83,0.7840275168418884,2602.18122,False,False
1708.07616,84,0.7835874557495117,2401.11147,False,False
1708.07616,85,0.7835705280303955,2302.05050,False,False
1708.07616,86,0.7828649878501892,1605.00992,False,False
1708.07616,87,0.7819033861160278,2606.09678,False,False
1708.07616,88,0.7818805575370789,2512.18952,False,False
1708.07616,89,0.781349241733551,2401.10591,False,False
1708.07616,90,0.7810887098312378,2012.11366,False,False
1708.07616,91,0.7795414924621582,2209.00466,False,False
1708.07616,92,0.7791739106178284,2007.08659,False,True
1708.07616,93,0.7791579365730286,2411.12470,False,False
1708.07616,94,0.7790119051933289,cond-mat/0412229,False,False
1708.07616,95,0.7789990901947021,2410.11091,False,True
1708.07616,96,0.7789869904518127,2605.12713,False,False
1708.07616,97,0.7789179086685181,2009.13572,False,False
1708.07616,98,0.7784578800201416,2202.06984,False,False
1708.07616,99,0.7781534790992737,2205.12494,False,True
1708.07616,100,0.7772297263145447,2503.00294,False,False
1709.03567,1,0.9394432306289673,1203.3549,False,True
1709.03567,2,0.9228196144104004,1801.03350,False,True
1709.03567,3,0.9206864237785339,0908.4551,False,True
1709.03567,4,0.9183751344680786,2402.19115,False,True
1709.03567,5,0.9143032431602478,1405.3802,False,True
1709.03567,6,0.9115724563598633,2511.10413,False,True
1709.03567,7,0.9094665050506592,nucl-ex/0510052,True,True
1709.03567,8,0.9087997078895569,1510.08239,False,True
1709.03567,9,0.9072707295417786,hep-ph/0310274,False,True
1709.03567,10,0.9058971405029297,2209.08028,False,True
1709.03567,11,0.9052831530570984,1107.0340,False,True
1709.03567,12,0.9050745964050293,1910.04812,False,True
1709.03567,13,0.9034579396247864,1702.00630,False,True
1709.03567,14,0.9034433364868164,1906.00489,True,True
1709.03567,15,0.9023209810256958,1205.2410,False,True
1709.03567,16,0.9022040367126465,nucl-ex/0701074,True,True
1709.03567,17,0.9021333456039429,1102.4282,False,True
1709.03567,18,0.9003984928131104,2106.12377,False,True
1709.03567,19,0.8995221853256226,2308.01332,False,True
1709.03567,20,0.898750901222229,1210.5217,False,True
1709.03567,21,0.8977237939834595,1901.05863,False,True
1709.03567,22,0.897706151008606,0907.5052,False,True
1709.03567,23,0.8961320519447327,nucl-ex/9906002,False,True
1709.03567,24,0.8954096436500549,hep-ph/9811271,False,True
1709.03567,25,0.8952406644821167,1212.5511,False,True
1709.03567,26,0.89434814453125,hep-ex/9908029,False,True
1709.03567,27,0.8934870362281799,2112.13223,False,True
1709.03567,28,0.8934584856033325,1212.2667,False,True
1709.03567,29,0.8929717540740967,1102.0068,False,True
1709.03567,30,0.8928357362747192,hep-ph/9910363,False,True
1709.03567,31,0.8926770687103271,1403.0489,False,True
1709.03567,32,0.8926474452018738,1706.08307,False,True
1709.03567,33,0.8923437595367432,hep-ph/0404209,False,True
1709.03567,34,0.8911011815071106,1307.7149,False,True
1709.03567,35,0.8910863399505615,nucl-ex/0608050,False,True
1709.03567,36,0.8902305364608765,1309.1642,False,True
1709.03567,37,0.8898199796676636,1311.3636,True,True
1709.03567,38,0.8895487189292908,2602.03637,False,True
1709.03567,39,0.8895225524902344,2201.02403,False,True
1709.03567,40,0.8888083696365356,2310.15159,False,True
1709.03567,41,0.888508677482605,2401.04824,False,True
1709.03567,42,0.8883941769599915,hep-ex/0008028,False,True
1709.03567,43,0.8881880640983582,1707.06906,False,True
1709.03567,44,0.8877376317977905,1004.1469,False,True
1709.03567,45,0.8872016668319702,1907.10483,False,True
1709.03567,46,0.8867471814155579,hep-ex/0609033,False,True
1709.03567,47,0.8866628408432007,2106.06791,False,True
1709.03567,48,0.8864863514900208,1212.1910,False,True
1709.03567,49,0.8863123655319214,1410.7805,False,True
1709.03567,50,0.8857249021530151,1512.00647,False,True
1709.03567,51,0.8854390978813171,1110.3080,False,True
1709.03567,52,0.885421872138977,1106.2061,False,True
1709.03567,53,0.8851509094238281,1705.07406,False,True
1709.03567,54,0.8850291967391968,2405.19714,False,True
1709.03567,55,0.8845390677452087,hep-ex/0001009,False,True
1709.03567,56,0.8845278024673462,0801.0680,False,True
1709.03567,57,0.8836013078689575,1104.1196,False,True
1709.03567,58,0.8831060528755188,0807.0524,False,True
1709.03567,59,0.883098840713501,hep-ph/9612214,False,True
1709.03567,60,0.8829197883605957,nucl-th/9712026,False,True
1709.03567,61,0.8828293681144714,1203.2373,False,True
1709.03567,62,0.8821195363998413,2407.07546,False,True
1709.03567,63,0.8818249106407166,2204.07294,False,True
1709.03567,64,0.8817464113235474,1001.0126,False,True
1709.03567,65,0.8816784620285034,1403.2595,False,True
1709.03567,66,0.8814626336097717,1404.4739,False,True
1709.03567,67,0.8814178705215454,2307.14922,False,True
1709.03567,68,0.8812741637229919,2003.12136,True,True
1709.03567,69,0.8811059594154358,hep-ex/0602006,False,True
1709.03567,70,0.8810908198356628,hep-ph/0010176,False,True
1709.03567,71,0.880963921546936,1203.6232,False,True
1709.03567,72,0.880195677280426,1206.4427,False,True
1709.03567,73,0.8801167011260986,1304.2424,False,True
1709.03567,74,0.8800166845321655,1412.4204,False,True
1709.03567,75,0.8796333074569702,1808.03477,False,True
1709.03567,76,0.8796111345291138,1208.1402,False,True
1709.03567,77,0.8794171214103699,1808.03102,False,True
1709.03567,78,0.8792643547058105,1610.03001,False,True
1709.03567,79,0.879256010055542,1401.6405,False,True
1709.03567,80,0.8791825175285339,0907.4796,False,True
1709.03567,81,0.8789039850234985,2112.03892,False,True
1709.03567,82,0.878720760345459,1503.03709,False,True
1709.03567,83,0.8786582946777344,2504.08580,False,True
1709.03567,84,0.878600001335144,2203.08290,False,True
1709.03567,85,0.8781123161315918,1904.04285,False,True
1709.03567,86,0.8780688047409058,1607.04863,False,True
1709.03567,87,0.8780009150505066,hep-ph/0003297,False,True
1709.03567,88,0.8777103424072266,hep-ph/9403313,False,True
1709.03567,89,0.8776916265487671,1309.3457,False,True
1709.03567,90,0.8776520490646362,hep-ph/9705454,False,True
1709.03567,91,0.8773120641708374,1104.3943,False,True
1709.03567,92,0.8771089911460876,1611.04092,False,True
1709.03567,93,0.8763999938964844,1212.6864,False,True
1709.03567,94,0.8763258457183838,1806.03989,False,True
1709.03567,95,0.8760205507278442,hep-ph/0106348,False,True
1709.03567,96,0.876018226146698,hep-ph/9308261,False,True
1709.03567,97,0.8758538961410522,1711.11278,False,True
1709.03567,98,0.8758316040039062,0905.4891,False,True
1709.03567,99,0.8756759762763977,1109.0586,False,True
1709.03567,100,0.8756272792816162,1109.4929,False,True
1903.07788,1,0.9381504058837891,2206.02002,False,True
1903.07788,2,0.9166585803031921,1503.04596,False,True
1903.07788,3,0.9151782989501953,2004.02747,False,True
1903.07788,4,0.9138555526733398,2006.10455,False,True
1903.07788,5,0.9108489751815796,1511.08861,False,True
1903.07788,6,0.9090498089790344,1810.09102,False,True
1903.07788,7,0.90202397108078,2311.18130,False,True
1903.07788,8,0.8955562710762024,1902.10416,False,True
1903.07788,9,0.8940034508705139,1906.00270,False,True
1903.07788,10,0.8925974369049072,1509.08038,False,True
1903.07788,11,0.8912245631217957,2106.02676,False,True
1903.07788,12,0.8903969526290894,2206.13378,False,True
1903.07788,13,0.8900095820426941,2604.23320,False,True
1903.07788,14,0.8894631266593933,2305.18078,False,True
1903.07788,15,0.8877627849578857,2105.01883,False,True
1903.07788,16,0.8869264721870422,2310.11470,False,True
1903.07788,17,0.885362446308136,1606.07757,False,True
1903.07788,18,0.885076105594635,2206.00790,False,True
1903.07788,19,0.8821777105331421,2010.01650,False,True
1903.07788,20,0.8820840120315552,2205.01580,False,True
1903.07788,21,0.8815768957138062,2409.19345,False,True
1903.07788,22,0.8805318474769592,1706.05098,False,True
1903.07788,23,0.876488983631134,0801.4520,False,False
1903.07788,24,0.8757667541503906,1904.03392,False,True
1903.07788,25,0.8751986026763916,2206.02151,False,False
1903.07788,26,0.8745369911193848,2012.12877,False,True
1903.07788,27,0.8735020160675049,1610.02583,False,True
1903.07788,28,0.873273491859436,2510.02107,False,True
1903.07788,29,0.8727807998657227,1807.05292,False,True
1903.07788,30,0.8713317513465881,1906.03787,False,True
1903.07788,31,0.8694453239440918,1604.02646,False,True
1903.07788,32,0.8694126605987549,1606.04080,False,True
1903.07788,33,0.869369387626648,2405.04048,False,False
1903.07788,34,0.8691055774688721,1801.06519,False,True
1903.07788,35,0.8687304258346558,2210.01820,False,True
1903.07788,36,0.8684529066085815,2311.11470,False,True
1903.07788,37,0.8666855096817017,2408.14817,False,True
1903.07788,38,0.8661051392555237,2602.18406,False,True
1903.07788,39,0.8660660982131958,1706.02863,False,True
1903.07788,40,0.8654012680053711,2108.13002,False,True
1903.07788,41,0.8650060296058655,2109.12298,False,True
1903.07788,42,0.8648252487182617,2101.08692,False,True
1903.07788,43,0.8646160364151001,2305.19688,False,True
1903.07788,44,0.8643298745155334,2408.17081,False,True
1903.07788,45,0.863969624042511,2105.13978,False,True
1903.07788,46,0.8637669682502747,2512.06993,False,True
1903.07788,47,0.8629792332649231,2304.05895,False,True
1903.07788,48,0.8626444339752197,2104.04191,False,True
1903.07788,49,0.8623657822608948,1901.09886,False,True
1903.07788,50,0.8622291088104248,2203.04905,False,True
1903.07788,51,0.8619162440299988,1807.07473,False,True
1903.07788,52,0.8610389828681946,2206.12681,False,True
1903.07788,53,0.8606564402580261,1504.07550,False,True
1903.07788,54,0.8604403734207153,1901.07375,False,True
1903.07788,55,0.8603811860084534,1708.04483,False,True
1903.07788,56,0.8602606654167175,1409.4127,False,True
1903.07788,57,0.8602445721626282,1710.09302,False,True
1903.07788,58,0.8600540161132812,1006.2902,False,False
1903.07788,59,0.8597553372383118,1511.06381,False,True
1903.07788,60,0.8596087098121643,2507.14137,False,True
1903.07788,61,0.8594179153442383,1808.08784,False,True
1903.07788,62,0.8588501811027527,1611.07725,False,True
1903.07788,63,0.8586702942848206,1905.00953,False,True
1903.07788,64,0.8586633205413818,2210.05546,True,True
1903.07788,65,0.858660876750946,2103.13253,False,True
1903.07788,66,0.8585418462753296,2405.20194,False,True
1903.07788,67,0.8582978844642639,1911.06996,False,True
1903.07788,68,0.8579941987991333,2509.21511,False,True
1903.07788,69,0.8579368591308594,1803.00130,False,True
1903.07788,70,0.8578101396560669,1312.6077,False,True
1903.07788,71,0.8577577471733093,2110.08895,False,False
1903.07788,72,0.8571329116821289,2005.04330,False,False
1903.07788,73,0.8567075133323669,1904.02322,False,True
1903.07788,74,0.8563419580459595,1801.03399,False,True
1903.07788,75,0.8563397526741028,2308.05092,False,True
1903.07788,76,0.8560889959335327,1712.04741,False,True
1903.07788,77,0.856062650680542,1612.03144,False,True
1903.07788,78,0.8557817339897156,1706.05048,False,True
1903.07788,79,0.8557804822921753,2405.20980,False,True
1903.07788,80,0.8556713461875916,2305.00594,False,True
1903.07788,81,0.8555288314819336,1908.03329,False,False
1903.07788,82,0.8550452589988708,2010.07621,False,True
1903.07788,83,0.8549105525016785,2202.04632,False,True
1903.07788,84,0.8548470735549927,2305.19550,False,True
1903.07788,85,0.8547650575637817,1702.00187,False,True
1903.07788,86,0.8545536994934082,2007.11899,False,True
1903.07788,87,0.8538416028022766,2005.03337,False,True
1903.07788,88,0.8537734746932983,2202.10788,True,True
1903.07788,89,0.85368412733078,2206.11509,False,False
1903.07788,90,0.8535722494125366,0810.4752,False,False
1903.07788,91,0.8533997535705566,2206.10866,False,False
1903.07788,92,0.852802574634552,2312.14849,False,False
1903.07788,93,0.8520618677139282,1710.10784,False,True
1903.07788,94,0.8519558906555176,2011.09128,False,True
1903.07788,95,0.8516470789909363,2110.04619,False,True
1903.07788,96,0.8514185547828674,2406.07284,False,True
1903.07788,97,0.8505380153656006,2105.13921,False,True
1903.07788,98,0.8501173257827759,2107.13627,False,True
1903.07788,99,0.8497356176376343,2106.05956,False,True
1903.07788,100,0.8494473695755005,2104.14558,False,True
1906.01749,1,0.8845601677894592,1901.06376,False,False
1906.01749,2,0.8813720941543579,2311.09836,False,True
1906.01749,3,0.8664586544036865,2208.14559,False,True
1906.01749,4,0.8633075952529907,2410.14795,False,True
1906.01749,5,0.8611782193183899,1209.3126,False,True
1906.01749,6,0.8592351078987122,2209.03791,False,True
1906.01749,7,0.8591993451118469,2407.12336,False,True
1906.01749,8,0.8583893775939941,2105.13635,False,True
1906.01749,9,0.8542747497558594,1710.10994,False,True
1906.01749,10,0.8531968593597412,2303.03278,False,True
1906.01749,11,0.851353645324707,2509.08218,False,False
1906.01749,12,0.8512190580368042,2505.23654,False,True
1906.01749,13,0.8510851860046387,2108.13134,False,True
1906.01749,14,0.85063236951828,2006.05354,False,True
1906.01749,15,0.8493342995643616,2204.04694,False,False
1906.01749,16,0.8480224609375,2104.01371,False,True
1906.01749,17,0.8458110094070435,2004.02592,False,True
1906.01749,18,0.8426430821418762,1811.01824,False,True
1906.01749,19,0.8252823352813721,2208.13978,False,True
1906.01749,20,0.8228517174720764,1610.07809,False,True
1906.01749,21,0.8224294781684875,2004.12393,False,True
1906.01749,22,0.820527195930481,1906.02923,False,True
1906.01749,23,0.82003253698349,1701.03227,False,True
1906.01749,24,0.8185743093490601,2509.00623,False,True
1906.01749,25,0.8179354667663574,1504.00191,False,False
1906.01749,26,0.8174703121185303,2604.16607,False,True
1906.01749,27,0.8143303394317627,2605.31575,False,False
1906.01749,28,0.8142976760864258,1606.07965,False,True
1906.01749,29,0.8131815195083618,2406.07315,False,False
1906.01749,30,0.8121613264083862,2108.06249,False,False
1906.01749,31,0.811972975730896,1206.6425,False,False
1906.01749,32,0.8117645382881165,2409.19566,False,True
1906.01749,33,0.811748206615448,2512.18041,False,True
1906.01749,34,0.8109787702560425,2304.02210,False,True
1906.01749,35,0.8108648061752319,2009.04953,False,True
1906.01749,36,0.8108081817626953,1807.00938,False,True
1906.01749,37,0.8097344040870667,2005.03521,False,True
1906.01749,38,0.8082690238952637,1907.11499,False,True
1906.01749,39,0.8079415559768677,1609.09552,False,True
1906.01749,40,0.8077222108840942,2312.13423,False,True
1906.01749,41,0.8073672652244568,2509.05749,True,False
1906.01749,42,0.8072919845581055,2210.09474,False,True
1906.01749,43,0.8064498901367188,2406.09556,False,True
1906.01749,44,0.8061541318893433,2008.10648,False,True
1906.01749,45,0.8060775399208069,2601.15170,False,False
1906.01749,46,0.8054533004760742,2405.03228,False,False
1906.01749,47,0.8053260445594788,2310.17639,False,True
1906.01749,48,0.8049235343933105,2506.04762,False,True
1906.01749,49,0.8035686016082764,2601.03794,False,False
1906.01749,50,0.8030320405960083,0707.1913,False,True
1906.01749,51,0.8023037910461426,2511.22263,False,False
1906.01749,52,0.8022657632827759,2104.06387,False,True
1906.01749,53,0.7989495396614075,2310.15790,False,False
1906.01749,54,0.7983177304267883,2409.03346,False,True
1906.01749,55,0.7981866598129272,2602.01840,False,True
1906.01749,56,0.7980358600616455,2406.18256,False,True
1906.01749,57,0.7979756593704224,2510.21258,False,True
1906.01749,58,0.7979092597961426,2309.13322,False,True
1906.01749,59,0.7975316047668457,2602.20329,False,False
1906.01749,60,0.7964354753494263,cs/9408102,False,False
1906.01749,61,0.7960638999938965,1810.01400,False,False
1906.01749,62,0.7952724695205688,2401.07103,False,True
1906.01749,63,0.7951510548591614,2603.06603,False,False
1906.01749,64,0.7950328588485718,2502.15718,False,False
1906.01749,65,0.7949102520942688,1006.5041,False,False
1906.01749,66,0.7946969270706177,2207.01088,False,False
1906.01749,67,0.7943019866943359,1604.04558,False,False
1906.01749,68,0.7941823601722717,2203.15721,False,True
1906.01749,69,0.793956458568573,2003.04628,False,False
1906.01749,70,0.7926639318466187,2409.18110,False,True
1906.01749,71,0.7926149368286133,2102.12887,False,False
1906.01749,72,0.7922725081443787,2501.00174,True,True
1906.01749,73,0.7920836806297302,2304.06653,False,True
1906.01749,74,0.7917830944061279,2603.18161,False,True
1906.01749,75,0.7915211319923401,2506.07278,False,False
1906.01749,76,0.7914952039718628,2311.05601,False,True
1906.01749,77,0.7908034920692444,2506.07833,False,True
1906.01749,78,0.7907673120498657,2604.00242,False,True
1906.01749,79,0.7903718948364258,2502.07960,False,False
1906.01749,80,0.7901566028594971,2501.00885,False,True
1906.01749,81,0.7898881435394287,2210.16162,True,True
1906.01749,82,0.7895843982696533,cmp-lg/9606014,False,True
1906.01749,83,0.7893099784851074,2403.12173,False,True
1906.01749,84,0.7892759442329407,2606.07936,False,True
1906.01749,85,0.7887954711914062,2605.28714,False,True
1906.01749,86,0.7885709404945374,1402.3483,False,False
1906.01749,87,0.7885388731956482,1202.2820,False,False
1906.01749,88,0.7885018587112427,1910.05495,False,True
1906.01749,89,0.7882184982299805,1512.04038,False,False
1906.01749,90,0.7880434989929199,1910.11399,False,True
1906.01749,91,0.7878852486610413,2509.01158,False,True
1906.01749,92,0.7872864603996277,2006.16967,False,True
1906.01749,93,0.7871615886688232,1908.02262,False,True
1906.01749,94,0.7871609926223755,1504.07851,False,False
1906.01749,95,0.7869853973388672,2606.04557,False,True
1906.01749,96,0.7869516611099243,2411.16618,False,True
1906.01749,97,0.7865589261054993,1504.04770,False,True
1906.01749,98,0.7861729860305786,2402.03921,False,False
1906.01749,99,0.7856625318527222,2512.06239,False,True
1906.01749,100,0.7852303981781006,1112.6219,False,False
1909.06599,1,0.8668408393859863,2003.00803,False,True
1909.06599,2,0.8624144196510315,2208.01445,False,True
1909.06599,3,0.8525801301002502,2405.11431,False,False
1909.06599,4,0.8470831513404846,2508.05416,False,False
1909.06599,5,0.8404446840286255,2310.09745,False,True
1909.06599,6,0.829153835773468,1707.07618,False,False
1909.06599,7,0.8256567120552063,2307.11718,False,False
1909.06599,8,0.8245640993118286,1912.11166,False,False
1909.06599,9,0.8230440020561218,2512.12815,False,True
1909.06599,10,0.8160415887832642,2211.16176,False,False
1909.06599,11,0.8036054968833923,2604.13311,False,False
1909.06599,12,0.7818692326545715,2402.04740,False,False
1909.06599,13,0.7762429714202881,1109.0942,False,False
1909.06599,14,0.7755628228187561,2409.19312,False,False
1909.06599,15,0.7737155556678772,1907.03577,False,True
1909.06599,16,0.7657166123390198,2410.05285,False,False
1909.06599,17,0.7647067308425903,2303.16117,False,False
1909.06599,18,0.7641640901565552,1601.02246,False,False
1909.06599,19,0.7609682083129883,2009.06007,False,True
1909.06599,20,0.7598451375961304,2303.07925,False,False
1909.06599,21,0.7593181729316711,1405.1510,False,False
1909.06599,22,0.7587924599647522,1707.04461,False,False
1909.06599,23,0.7570047378540039,1911.08647,False,False
1909.06599,24,0.7550331354141235,0712.1624,False,False
1909.06599,25,0.7547511458396912,1811.06751,False,False
1909.06599,26,0.7539339065551758,1509.05954,False,False
1909.06599,27,0.7534022927284241,2409.10860,False,False
1909.06599,28,0.7526746988296509,2604.14962,False,False
1909.06599,29,0.752440869808197,math/0307197,False,False
1909.06599,30,0.7518712878227234,2402.10481,False,False
1909.06599,31,0.7504754066467285,cond-mat/0501325,False,False
1909.06599,32,0.7503779530525208,0810.4608,False,True
1909.06599,33,0.7497528791427612,2405.02547,False,True
1909.06599,34,0.7496610283851624,1806.07791,False,False
1909.06599,35,0.7476988434791565,2009.08165,False,False
1909.06599,36,0.7466040849685669,0907.0554,False,False
1909.06599,37,0.745751142501831,2002.05697,False,False
1909.06599,38,0.7457309365272522,0908.3401,False,False
1909.06599,39,0.7455589175224304,1409.7720,False,True
1909.06599,40,0.7452700138092041,cond-mat/0403143,False,True
1909.06599,41,0.7449101209640503,2110.07534,False,False
1909.06599,42,0.7444191575050354,2102.04936,False,True
1909.06599,43,0.7443183064460754,2309.15133,False,False
1909.06599,44,0.7441949844360352,1004.3229,False,True
1909.06599,45,0.7441620230674744,1107.2562,False,False
1909.06599,46,0.7432953715324402,1709.02015,False,False
1909.06599,47,0.7423192262649536,2007.10727,False,True
1909.06599,48,0.742194414138794,physics/0511091,False,False
1909.06599,49,0.7419357299804688,2503.18675,False,True
1909.06599,50,0.7412395477294922,1311.0657,False,False
1909.06599,51,0.7410983443260193,1810.06696,False,False
1909.06599,52,0.7407867908477783,2508.00263,False,True
1909.06599,53,0.7407227754592896,0811.3122,False,False
1909.06599,54,0.7404528856277466,2108.09206,False,False
1909.06599,55,0.740190863609314,2404.03319,False,True
1909.06599,56,0.7394388914108276,1701.03977,False,False
1909.06599,57,0.7386878132820129,1804.04080,False,False
1909.06599,58,0.7379186153411865,cond-mat/0311627,False,False
1909.06599,59,0.7371910810470581,2102.08809,False,True
1909.06599,60,0.7359926104545593,1201.4586,False,True
1909.06599,61,0.7357661724090576,2307.02099,False,False
1909.06599,62,0.7350066304206848,2508.12007,False,True
1909.06599,63,0.7346804141998291,physics/0608224,False,False
1909.06599,64,0.7345874905586243,1404.1051,False,False
1909.06599,65,0.7340646386146545,nlin/0501018,False,False
1909.06599,66,0.7338230609893799,2508.00832,False,False
1909.06599,67,0.7337319254875183,1304.2790,False,False
1909.06599,68,0.7334771156311035,1804.09056,False,False
1909.06599,69,0.7333319783210754,2604.17251,False,False
1909.06599,70,0.7331322431564331,1803.06386,False,False
1909.06599,71,0.7328660488128662,1102.3702,False,False
1909.06599,72,0.7328408360481262,2106.07612,False,True
1909.06599,73,0.732394814491272,2506.18738,False,True
1909.06599,74,0.7318982481956482,2308.15571,False,False
1909.06599,75,0.7313342690467834,1903.07994,False,False
1909.06599,76,0.7289547920227051,2502.13722,False,False
1909.06599,77,0.7287356853485107,1504.00917,False,False
1909.06599,78,0.7282602190971375,2503.22054,False,True
1909.06599,79,0.7277008295059204,1004.1758,False,False
1909.06599,80,0.7273572683334351,2103.00173,False,True
1909.06599,81,0.7265472412109375,1504.03141,False,False
1909.06599,82,0.7262723445892334,2603.12412,False,True
1909.06599,83,0.7261178493499756,2402.00172,False,True
1909.06599,84,0.7259342074394226,2209.08356,False,False
1909.06599,85,0.7256203889846802,2308.02895,False,True
1909.06599,86,0.7254469394683838,1503.08685,False,False
1909.06599,87,0.7251999974250793,2310.19683,False,False
1909.06599,88,0.7246784567832947,1104.4249,False,True
1909.06599,89,0.7243566513061523,2110.06190,False,True
1909.06599,90,0.7241388559341431,2104.09988,False,False
1909.06599,91,0.7238624691963196,2410.15090,False,True
1909.06599,92,0.7238260507583618,0708.0503,False,False
1909.06599,93,0.723811686038971,bayes-an/9604001,False,False
1909.06599,94,0.7236310243606567,1407.5020,False,False
1909.06599,95,0.7230669260025024,2504.21647,False,False
1909.06599,96,0.7225769758224487,1405.6483,False,False
1909.06599,97,0.7224117517471313,2209.09709,False,False
1909.06599,98,0.7223765254020691,1704.05818,False,False
1909.06599,99,0.7221896052360535,1106.2685,False,False
1909.06599,100,0.7216906547546387,1809.03122,False,False
1910.13320,1,0.8952311277389526,1308.1547,False,False
1910.13320,2,0.8951826095581055,1004.3621,False,False
1910.13320,3,0.8910312056541443,2212.00958,False,False
1910.13320,4,0.8821995258331299,2009.04389,False,False
1910.13320,5,0.8790123462677002,math/0008221,False,False
1910.13320,6,0.8709054589271545,1905.04324,False,False
1910.13320,7,0.8685101270675659,math/0109185,False,False
1910.13320,8,0.8678141832351685,1611.08128,False,False
1910.13320,9,0.866808295249939,2602.21417,False,False
1910.13320,10,0.8658493757247925,1510.03617,False,False
1910.13320,11,0.8626741170883179,2210.17502,False,False
1910.13320,12,0.862408459186554,1704.08120,False,False
1910.13320,13,0.8621711134910583,1701.07979,False,False
1910.13320,14,0.8615996837615967,1401.2809,False,False
1910.13320,15,0.8613759875297546,2307.05607,False,False
1910.13320,16,0.8609862923622131,1409.2736,False,False
1910.13320,17,0.8608444333076477,2008.03771,False,False
1910.13320,18,0.8607348203659058,1301.2061,False,False
1910.13320,19,0.8600946068763733,0805.4682,False,False
1910.13320,20,0.8597128987312317,math/9204217,False,False
1910.13320,21,0.8594714403152466,1702.05439,False,False
1910.13320,22,0.8591272234916687,math/0610550,False,True
1910.13320,23,0.8589130640029907,1912.03711,False,False
1910.13320,24,0.8570468425750732,2001.09579,False,False
1910.13320,25,0.8564428091049194,2505.00413,False,True
1910.13320,26,0.856417715549469,0808.3048,False,False
1910.13320,27,0.8560442328453064,1001.0491,False,False
1910.13320,28,0.8560354709625244,math/9908149,False,False
1910.13320,29,0.8553638458251953,cond-mat/0108354,False,False
1910.13320,30,0.8550882935523987,2605.21513,False,True
1910.13320,31,0.8547606468200684,quant-ph/0506048,False,False
1910.13320,32,0.8547544479370117,1501.04269,False,False
1910.13320,33,0.8544526100158691,math/0508035,False,False
1910.13320,34,0.8544257879257202,math/0607687,False,False
1910.13320,35,0.8540187478065491,1907.11655,False,False
1910.13320,36,0.8537852764129639,physics/0304036,False,False
1910.13320,37,0.853705883026123,1611.06090,False,False
1910.13320,38,0.8536719083786011,1409.0360,False,False
1910.13320,39,0.8534122705459595,0906.3657,False,False
1910.13320,40,0.8533485531806946,1005.5555,False,False
1910.13320,41,0.8530198335647583,2112.12184,False,True
1910.13320,42,0.8520979285240173,2312.02766,False,True
1910.13320,43,0.8518028259277344,2308.13685,False,False
1910.13320,44,0.8515026569366455,math/9705204,False,False
1910.13320,45,0.8512143492698669,2511.21455,False,False
1910.13320,46,0.8502094745635986,2407.16474,False,False
1910.13320,47,0.8501315116882324,2003.10497,False,False
1910.13320,48,0.8500077724456787,2508.08865,False,True
1910.13320,49,0.8498619794845581,2507.15184,False,False
1910.13320,50,0.8498108386993408,2001.06073,False,False
1910.13320,51,0.8495922684669495,1911.06690,False,True
1910.13320,52,0.8495761156082153,1202.5204,False,False
1910.13320,53,0.8495425581932068,0806.4096,False,False
1910.13320,54,0.8494086861610413,2401.16671,False,False
1910.13320,55,0.8491553068161011,math-ph/0505008,False,False
1910.13320,56,0.8491512537002563,1907.04109,False,False
1910.13320,57,0.8489652872085571,1209.5458,False,False
1910.13320,58,0.8489498496055603,1910.07884,False,False
1910.13320,59,0.8489421606063843,2010.09910,False,False
1910.13320,60,0.8489400148391724,math/0406431,False,False
1910.13320,61,0.8488874435424805,1708.02868,False,False
1910.13320,62,0.8484798669815063,2509.09035,False,True
1910.13320,63,0.8480706810951233,1608.01467,False,False
1910.13320,64,0.8478902578353882,2403.13120,False,True
1910.13320,65,0.8476284146308899,1909.06517,False,True
1910.13320,66,0.847545325756073,2604.18659,False,False
1910.13320,67,0.8474791049957275,1005.1285,False,True
1910.13320,68,0.8474766612052917,1011.2260,False,False
1910.13320,69,0.847423791885376,2510.12906,False,True
1910.13320,70,0.8472720384597778,1802.03962,False,False
1910.13320,71,0.8468900322914124,1712.06119,False,True
1910.13320,72,0.8468212485313416,1003.0356,False,True
1910.13320,73,0.8466666340827942,2312.02414,False,False
1910.13320,74,0.8466556668281555,1510.00221,False,False
1910.13320,75,0.846641480922699,1911.06649,False,False
1910.13320,76,0.846348226070404,2310.17520,False,True
1910.13320,77,0.8462038636207581,2310.05282,False,True
1910.13320,78,0.846003532409668,2109.10396,False,False
1910.13320,79,0.8454347252845764,hep-th/9303055,False,False
1910.13320,80,0.8451425433158875,1104.3324,False,False
1910.13320,81,0.8449180722236633,cond-mat/9908071,False,False
1910.13320,82,0.8448634743690491,2110.14178,False,False
1910.13320,83,0.8443437814712524,1204.1819,False,False
1910.13320,84,0.8442271947860718,0712.1414,False,False
1910.13320,85,0.844193160533905,2007.05717,False,False
1910.13320,86,0.8439151644706726,2402.01572,False,False
1910.13320,87,0.8436801433563232,2509.02838,False,False
1910.13320,88,0.8436195254325867,1001.0409,False,False
1910.13320,89,0.8435574769973755,2204.04490,False,False
1910.13320,90,0.8434817790985107,1411.4201,False,True
1910.13320,91,0.8434792160987854,2506.07892,False,False
1910.13320,92,0.8425582051277161,1107.1149,False,False
1910.13320,93,0.8421406149864197,2510.06161,False,False
1910.13320,94,0.8418576717376709,1303.5820,False,False
1910.13320,95,0.8417627811431885,1203.0813,False,False
1910.13320,96,0.841581404209137,1706.06732,False,False
1910.13320,97,0.8413382172584534,math/0510081,False,False
1910.13320,98,0.8412496447563171,2508.08818,False,False
1910.13320,99,0.8412194848060608,1710.08226,False,True
1910.13320,100,0.8411972522735596,1701.02626,False,False
2108.04364,1,0.8906239867210388,2208.01607,False,False
2108.04364,2,0.8861855864524841,2409.02143,False,False
2108.04364,3,0.8617827296257019,0809.2688,False,False
2108.04364,4,0.8602625131607056,1909.05481,False,True
2108.04364,5,0.8542675971984863,1110.6817,False,True
2108.04364,6,0.8542172312736511,1809.01699,True,False
2108.04364,7,0.8520352244377136,0911.4230,False,False
2108.04364,8,0.8421018123626709,2509.22351,False,False
2108.04364,9,0.8415559530258179,2502.01780,False,False
2108.04364,10,0.8408334851264954,1507.07955,False,False
2108.04364,11,0.839512825012207,2504.19813,False,False
2108.04364,12,0.8391050100326538,2509.18141,False,False
2108.04364,13,0.8387153148651123,2408.10570,False,True
2108.04364,14,0.8376726508140564,2311.05339,False,True
2108.04364,15,0.8366965055465698,2404.14275,False,True
2108.04364,16,0.8366232514381409,2203.00332,False,False
2108.04364,17,0.8359729647636414,1705.10922,False,False
2108.04364,18,0.8307065367698669,2202.08836,False,False
2108.04364,19,0.8287530541419983,2505.19093,False,True
2108.04364,20,0.8283186554908752,2409.00155,False,False
2108.04364,21,0.8274246454238892,2010.11641,False,False
2108.04364,22,0.8266959190368652,2101.05899,False,True
2108.04364,23,0.8266879320144653,2307.14361,False,False
2108.04364,24,0.8262813091278076,2106.06468,False,False
2108.04364,25,0.8254466652870178,1606.05107,False,False
2108.04364,26,0.8248735666275024,1304.4773,False,False
2108.04364,27,0.8245947957038879,0802.2959,False,True
2108.04364,28,0.8245828747749329,2102.04001,False,False
2108.04364,29,0.8240558505058289,2512.19954,False,False
2108.04364,30,0.8239439129829407,2509.03316,False,False
2108.04364,31,0.8235692977905273,2412.05312,False,False
2108.04364,32,0.8227962851524353,1811.08803,False,True
2108.04364,33,0.8217886686325073,1205.0793,False,False
2108.04364,34,0.8210004568099976,2409.09095,False,False
2108.04364,35,0.8206809163093567,1709.09929,False,False
2108.04364,36,0.8205634951591492,2409.13115,False,False
2108.04364,37,0.8193091750144958,1912.07602,False,True
2108.04364,38,0.8184496164321899,2603.06134,False,True
2108.04364,39,0.8182158470153809,2007.06114,False,True
2108.04364,40,0.8173321485519409,1707.06661,False,True
2108.04364,41,0.8150510787963867,0903.2003,False,False
2108.04364,42,0.8148542642593384,1301.5510,False,False
2108.04364,43,0.8141158819198608,2601.01337,False,False
2108.04364,44,0.8136727213859558,2506.19598,False,False
2108.04364,45,0.8127763867378235,2210.01905,False,False
2108.04364,46,0.811831533908844,2202.00143,True,False
2108.04364,47,0.8111279606819153,2211.17203,False,True
2108.04364,48,0.8103511333465576,2011.09497,False,False
2108.04364,49,0.8088797330856323,2008.03530,False,False
2108.04364,50,0.8084006309509277,2308.05637,False,False
2108.04364,51,0.8076595664024353,0910.3572,False,False
2108.04364,52,0.8073973655700684,2308.15597,False,False
2108.04364,53,0.8070239424705505,2204.00497,False,False
2108.04364,54,0.8066310286521912,2509.15420,False,False
2108.04364,55,0.8057768940925598,2506.05321,False,False
2108.04364,56,0.805655300617218,2302.04737,False,False
2108.04364,57,0.8053332567214966,2208.13126,False,False
2108.04364,58,0.8049753904342651,1809.02264,False,False
2108.04364,59,0.8036261200904846,1811.03392,False,False
2108.04364,60,0.8035562038421631,2603.06756,False,False
2108.04364,61,0.8023238182067871,1409.2437,False,True
2108.04364,62,0.8010882139205933,1410.6121,False,False
2108.04364,63,0.8009790778160095,2507.02480,False,False
2108.04364,64,0.8005695343017578,2404.09142,False,True
2108.04364,65,0.8005426526069641,2411.14864,False,True
2108.04364,66,0.8002282381057739,2404.18961,False,False
2108.04364,67,0.798324465751648,2508.10017,False,False
2108.04364,68,0.797697901725769,1311.7122,False,True
2108.04364,69,0.7974371910095215,1211.6664,False,False
2108.04364,70,0.7973471879959106,2310.11470,False,False
2108.04364,71,0.7967440485954285,2508.07498,False,True
2108.04364,72,0.7964930534362793,1204.0033,False,False
2108.04364,73,0.7961457371711731,q-bio/0311017,False,False
2108.04364,74,0.7961339950561523,1606.02801,False,False
2108.04364,75,0.795597493648529,1211.3210,False,False
2108.04364,76,0.7955938577651978,2502.10010,False,True
2108.04364,77,0.7955920100212097,1206.4084,False,False
2108.04364,78,0.7954127788543701,2007.06106,False,False
2108.04364,79,0.7941449880599976,1712.01931,False,False
2108.04364,80,0.7937945127487183,2206.04746,False,False
2108.04364,81,0.7937244176864624,1802.06156,False,True
2108.04364,82,0.7936903238296509,2008.01839,False,False
2108.04364,83,0.7936244606971741,2503.09649,False,False
2108.04364,84,0.793462336063385,2510.27479,False,False
2108.04364,85,0.7932918071746826,0810.4752,False,False
2108.04364,86,0.7932824492454529,1304.6899,False,False
2108.04364,87,0.7927988767623901,1204.4584,False,False
2108.04364,88,0.7927699089050293,2505.01146,False,False
2108.04364,89,0.7926208972930908,2206.07386,False,False
2108.04364,90,0.7924904823303223,1611.05722,False,False
2108.04364,91,0.792300820350647,2510.19870,False,False
2108.04364,92,0.792244553565979,0708.3517,False,True
2108.04364,93,0.7920185923576355,2603.11244,False,False
2108.04364,94,0.7919278740882874,1705.06390,False,False
2108.04364,95,0.7918175458908081,2508.08336,False,True
2108.04364,96,0.7907912731170654,2106.04804,False,False
2108.04364,97,0.7903537750244141,2008.01760,False,True
2108.04364,98,0.7902001142501831,2503.20627,False,True
2108.04364,99,0.7900498509407043,2505.04830,False,True
2108.04364,100,0.7896842360496521,2103.12725,False,False
2208.08910,1,0.9100351929664612,1807.05614,False,True
2208.08910,2,0.8996368050575256,math/0411343,False,False
2208.08910,3,0.8863627910614014,1304.6899,False,True
2208.08910,4,0.8764175772666931,1210.6287,False,True
2208.08910,5,0.8723724484443665,1401.7110,False,False
2208.08910,6,0.8723247647285461,0801.2378,False,True
2208.08910,7,0.8696137070655823,2307.00411,False,False
2208.08910,8,0.8654459118843079,1602.07064,False,False
2208.08910,9,0.8631942272186279,1210.2354,False,False
2208.08910,10,0.8620495200157166,2308.03464,False,True
2208.08910,11,0.8610620498657227,2502.11074,False,False
2208.08910,12,0.8606594204902649,1105.2707,False,False
2208.08910,13,0.860503613948822,1112.5510,False,False
2208.08910,14,0.8558169007301331,1511.06423,False,True
2208.08910,15,0.8516606688499451,1510.05043,False,True
2208.08910,16,0.8507943153381348,2104.15042,False,True
2208.08910,17,0.8501297831535339,2310.11470,False,True
2208.08910,18,0.8500512838363647,0801.4520,False,False
2208.08910,19,0.849385142326355,2506.03437,False,True
2208.08910,20,0.8492459654808044,1006.4561,False,False
2208.08910,21,0.8488680124282837,2410.22477,False,False
2208.08910,22,0.8473237156867981,1006.5385,False,False
2208.08910,23,0.8472893834114075,1807.03368,False,True
2208.08910,24,0.847150981426239,1302.0072,False,False
2208.08910,25,0.8463727831840515,1907.11232,False,True
2208.08910,26,0.8437014222145081,1706.01449,False,True
2208.08910,27,0.843651294708252,1502.05752,False,True
2208.08910,28,0.8436406850814819,1907.06258,False,True
2208.08910,29,0.8433449268341064,2010.11880,False,False
2208.08910,30,0.8429887294769287,1704.00045,False,False
2208.08910,31,0.8429398536682129,2510.00566,False,True
2208.08910,32,0.8426318168640137,q-bio/0406009,False,False
2208.08910,33,0.8419305682182312,2210.10660,False,True
2208.08910,34,0.8417924046516418,1202.2820,False,False
2208.08910,35,0.8402891159057617,1503.01158,False,True
2208.08910,36,0.8397619724273682,1609.07975,False,False
2208.08910,37,0.8391157388687134,1311.4552,False,False
2208.08910,38,0.8376749157905579,1504.00191,False,True
2208.08910,39,0.8376411199569702,2604.27810,False,True
2208.08910,40,0.8375081419944763,1506.04861,False,False
2208.08910,41,0.837319552898407,1012.3716,False,False
2208.08910,42,0.837315559387207,1101.4324,False,False
2208.08910,43,0.8367023468017578,2008.08506,False,False
2208.08910,44,0.8364827632904053,2002.10648,False,True
2208.08910,45,0.8362060189247131,1802.06014,False,True
2208.08910,46,0.8359595537185669,1909.09978,False,True
2208.08910,47,0.8347428441047668,1504.07851,False,False
2208.08910,48,0.8346123099327087,2401.03536,False,False
2208.08910,49,0.8339107036590576,2201.07197,False,False
2208.08910,50,0.833709716796875,2203.09271,False,False
2208.08910,51,0.8332982659339905,1006.1022,False,False
2208.08910,52,0.8329858183860779,2109.04584,False,True
2208.08910,53,0.8329790830612183,2106.05944,False,False
2208.08910,54,0.8324020504951477,1206.4084,False,False
2208.08910,55,0.832179069519043,2302.11296,False,True
2208.08910,56,0.8320327997207642,1204.0245,False,False
2208.08910,57,0.8320211172103882,1902.09465,False,True
2208.08910,58,0.8318401575088501,1703.09151,False,False
2208.08910,59,0.8317161798477173,2508.13747,False,True
2208.08910,60,0.8315989375114441,1408.5024,False,False
2208.08910,61,0.8307495713233948,2510.20859,False,False
2208.08910,62,0.8307278156280518,math/0506256,False,False
2208.08910,63,0.8305591344833374,2206.10866,False,False
2208.08910,64,0.8305481672286987,2410.22978,False,True
2208.08910,65,0.8290582895278931,2412.14477,False,True
2208.08910,66,0.828934371471405,1806.08460,False,False
2208.08910,67,0.8288347125053406,1802.03482,False,True
2208.08910,68,0.8287321925163269,0902.0543,False,False
2208.08910,69,0.8286608457565308,2102.02193,False,True
2208.08910,70,0.828230619430542,2305.00594,False,False
2208.08910,71,0.8277600407600403,2207.04194,False,False
2208.08910,72,0.8277263641357422,2409.02757,False,False
2208.08910,73,0.8273666501045227,1508.03835,False,False
2208.08910,74,0.8272767066955566,0911.4230,False,False
2208.08910,75,0.826894998550415,2502.15660,False,False
2208.08910,76,0.8266684412956238,2012.03127,False,True
2208.08910,77,0.8266518115997314,2005.04095,False,False
2208.08910,78,0.826137900352478,2001.08677,False,True
2208.08910,79,0.8260453343391418,1807.00938,False,False
2208.08910,80,0.8256994485855103,2412.05878,False,False
2208.08910,81,0.8248636722564697,2601.15170,False,False
2208.08910,82,0.8242036700248718,1308.3383,False,True
2208.08910,83,0.8239420652389526,2008.01760,False,False
2208.08910,84,0.8239083290100098,2305.06541,False,True
2208.08910,85,0.8234543800354004,0810.4752,False,False
2208.08910,86,0.8233768939971924,1902.04782,False,True
2208.08910,87,0.8233616352081299,1112.6219,False,True
2208.08910,88,0.8232126832008362,1102.5727,False,False
2208.08910,89,0.822970449924469,2407.09297,False,True
2208.08910,90,0.822934627532959,1910.02155,False,True
2208.08910,91,0.8227994441986084,2410.12031,False,False
2208.08910,92,0.8221344947814941,1910.03936,False,False
2208.08910,93,0.8217955231666565,2506.04165,False,True
2208.08910,94,0.8212909698486328,1808.09353,False,True
2208.08910,95,0.8212802410125732,1302.2419,False,False
2208.08910,96,0.8211191892623901,1612.08008,False,False
2208.08910,97,0.8205981850624084,2409.17797,False,False
2208.08910,98,0.8205365538597107,1702.00187,False,True
2208.08910,99,0.8202862739562988,1708.06552,False,False
2208.08910,100,0.8200374841690063,1109.2148,False,False
2209.06915,1,0.8600552082061768,1804.08986,False,False
2209.06915,2,0.841835618019104,1906.06380,False,True
2209.06915,3,0.8245277404785156,2405.10063,False,False
2209.06915,4,0.8229249715805054,1709.07555,False,False
2209.06915,5,0.8220608234405518,2508.18755,False,True
2209.06915,6,0.8184206485748291,2304.07766,False,False
2209.06915,7,0.817695140838623,2405.03356,False,False
2209.06915,8,0.8122431039810181,1512.02977,False,False
2209.06915,9,0.8062407970428467,2502.20627,False,False
2209.06915,10,0.8059888482093811,2212.13930,False,False
2209.06915,11,0.8049798607826233,2110.01080,False,False
2209.06915,12,0.8014615178108215,2509.09005,False,False
2209.06915,13,0.799834668636322,2407.20852,False,False
2209.06915,14,0.7984578609466553,2404.19618,False,True
2209.06915,15,0.7931246757507324,2308.03263,False,False
2209.06915,16,0.7929867506027222,2312.16807,False,False
2209.06915,17,0.7905011177062988,2108.00712,False,True
2209.06915,18,0.7892183661460876,2105.11865,False,False
2209.06915,19,0.7875092029571533,1706.09787,False,False
2209.06915,20,0.7874202728271484,2011.00252,False,True
2209.06915,21,0.7866331934928894,1606.09012,False,False
2209.06915,22,0.7866232395172119,1402.6474,False,False
2209.06915,23,0.7865395545959473,2107.05563,False,False
2209.06915,24,0.785653293132782,2506.06525,False,False
2209.06915,25,0.7850781679153442,2204.03535,False,False
2209.06915,26,0.7842602729797363,2508.12710,False,False
2209.06915,27,0.7835990190505981,2602.17619,False,False
2209.06915,28,0.7832195162773132,1011.5290,False,False
2209.06915,29,0.7819210290908813,2302.08584,False,False
2209.06915,30,0.781116783618927,1512.03565,False,False
2209.06915,31,0.7809812426567078,1306.4303,False,True
2209.06915,32,0.7799654006958008,2205.03263,False,False
2209.06915,33,0.7791134119033813,1910.01300,False,False
2209.06915,34,0.7776166796684265,2506.09856,False,False
2209.06915,35,0.7775371074676514,1611.02319,False,False
2209.06915,36,0.777470588684082,2308.02734,False,False
2209.06915,37,0.7763461470603943,1509.07538,False,True
2209.06915,38,0.7761826515197754,1605.08542,False,False
2209.06915,39,0.7751713991165161,2503.11552,False,False
2209.06915,40,0.7743266224861145,2602.11321,False,False
2209.06915,41,0.7737247347831726,1809.05604,False,False
2209.06915,42,0.7737124562263489,2503.00941,False,False
2209.06915,43,0.7733970284461975,2010.01415,False,False
2209.06915,44,0.7730834484100342,1810.11707,False,False
2209.06915,45,0.7728044986724854,2512.03604,False,False
2209.06915,46,0.7714118957519531,1611.06329,False,True
2209.06915,47,0.7713325023651123,1903.08974,False,False
2209.06915,48,0.7712756395339966,1211.0704,False,False
2209.06915,49,0.7710336446762085,2408.10192,False,False
2209.06915,50,0.7708351612091064,2506.21966,False,False
2209.06915,51,0.770828366279602,1907.03592,False,False
2209.06915,52,0.7698330283164978,2511.21434,False,False
2209.06915,53,0.7697939872741699,2409.05418,False,False
2209.06915,54,0.7694377899169922,2111.11038,False,False
2209.06915,55,0.7689053416252136,1712.00537,False,True
2209.06915,56,0.768409252166748,2006.07668,False,False
2209.06915,57,0.7679033279418945,2407.17598,False,False
2209.06915,58,0.7673920392990112,1012.3628,False,False
2209.06915,59,0.7672568559646606,2203.02242,False,False
2209.06915,60,0.7671060562133789,2404.12816,True,False
2209.06915,61,0.7667953968048096,2511.03612,False,False
2209.06915,62,0.7664889097213745,1806.10523,False,False
2209.06915,63,0.7663713693618774,2604.16638,False,True
2209.06915,64,0.7662887573242188,2211.13122,False,True
2209.06915,65,0.7660374641418457,1506.07674,False,False
2209.06915,66,0.7658036351203918,2207.09387,False,False
2209.06915,67,0.7655806541442871,1811.02741,False,False
2209.06915,68,0.7655405402183533,2507.21776,False,True
2209.06915,69,0.7654397487640381,1802.09262,False,False
2209.06915,70,0.7654392123222351,1908.08476,False,False
2209.06915,71,0.7646170854568481,2504.06605,False,False
2209.06915,72,0.7642034292221069,1906.02998,False,False
2209.06915,73,0.7638599872589111,1208.2712,False,False
2209.06915,74,0.7637905478477478,cs/0612012,False,True
2209.06915,75,0.7635499238967896,1108.6087,False,False
2209.06915,76,0.76350337266922,1511.08746,False,True
2209.06915,77,0.7633368968963623,1810.09786,False,False
2209.06915,78,0.7631449103355408,2601.08463,False,False
2209.06915,79,0.7631240487098694,2512.02468,False,True
2209.06915,80,0.7630069255828857,cs/0511083,False,False
2209.06915,81,0.7627397775650024,cs/0604098,False,True
2209.06915,82,0.7616907358169556,2502.17097,False,False
2209.06915,83,0.7616056799888611,2210.06067,False,False
2209.06915,84,0.7611508965492249,2503.14389,False,False
2209.06915,85,0.7605301737785339,2002.04849,False,False
2209.06915,86,0.7601593732833862,1911.03754,False,False
2209.06915,87,0.7599846720695496,2005.00862,False,False
2209.06915,88,0.7598230838775635,2108.08789,False,False
2209.06915,89,0.7594887018203735,2104.15047,False,False
2209.06915,90,0.7593904137611389,2203.03450,False,False
2209.06915,91,0.7591241002082825,1510.00620,False,False
2209.06915,92,0.7586864829063416,2401.08921,False,True
2209.06915,93,0.7583874464035034,2109.11173,False,False
2209.06915,94,0.7583711743354797,2210.11887,False,False
2209.06915,95,0.7571685910224915,1808.10097,False,False
2209.06915,96,0.7570249438285828,1403.3007,False,False
2209.06915,97,0.7569034099578857,2011.03565,True,True
2209.06915,98,0.7567209601402283,1503.01336,False,False
2209.06915,99,0.7566068172454834,1710.09204,False,False
2209.06915,100,0.7565617561340332,1603.00619,False,False
2212.12533,1,0.8504730463027954,1508.07678,False,True
2212.12533,2,0.8163400888442993,2603.22231,False,True
2212.12533,3,0.80872642993927,1602.05394,False,True
2212.12533,4,0.8083095550537109,2111.02468,False,False
2212.12533,5,0.7979379296302795,1507.00130,False,False
2212.12533,6,0.7958872318267822,2601.20422,False,True
2212.12533,7,0.7946598529815674,2211.08997,False,True
2212.12533,8,0.7927663326263428,1701.07058,False,True
2212.12533,9,0.7789034247398376,2103.05199,False,True
2212.12533,10,0.7706376314163208,2506.19038,False,True
2212.12533,11,0.7698770761489868,1703.03484,False,False
2212.12533,12,0.766969621181488,2506.11037,False,True
2212.12533,13,0.7643563151359558,2602.09118,False,False
2212.12533,14,0.7638376355171204,2502.04097,False,False
2212.12533,15,0.7633737325668335,1302.6700,False,False
2212.12533,16,0.7542709708213806,2601.13013,False,True
2212.12533,17,0.7524155378341675,2502.15697,False,True
2212.12533,18,0.7507362961769104,1210.5541,False,False
2212.12533,19,0.7502181529998779,2203.01384,False,False
2212.12533,20,0.7497247457504272,2406.07866,False,True
2212.12533,21,0.7494059205055237,2506.02435,False,False
2212.12533,22,0.7492964863777161,1911.11852,False,False
2212.12533,23,0.746148943901062,2011.14570,False,False
2212.12533,24,0.74571692943573,1505.00508,False,False
2212.12533,25,0.7449769973754883,2211.04145,False,False
2212.12533,26,0.7442657947540283,2510.07760,False,True
2212.12533,27,0.7436068058013916,1903.08600,False,True
2212.12533,28,0.7435194253921509,2501.06923,False,True
2212.12533,29,0.7429277896881104,2202.03097,False,True
2212.12533,30,0.7419313192367554,1811.11265,False,False
2212.12533,31,0.7418187856674194,1705.05765,False,True
2212.12533,32,0.7399362325668335,1806.10410,False,True
2212.12533,33,0.7398276925086975,2605.18899,False,True
2212.12533,34,0.7389687895774841,2006.08040,False,True
2212.12533,35,0.7383757829666138,2605.09305,False,True
2212.12533,36,0.7378367781639099,1510.08017,False,False
2212.12533,37,0.7372903823852539,2211.12669,False,False
2212.12533,38,0.7360196113586426,1509.07728,False,True
2212.12533,39,0.7356586456298828,2509.04372,False,True
2212.12533,40,0.7349194884300232,1606.01610,False,False
2212.12533,41,0.7338327169418335,2305.02441,False,True
2212.12533,42,0.7332062125205994,2211.16581,False,False
2212.12533,43,0.7331623435020447,1711.08345,True,True
2212.12533,44,0.7330065965652466,1502.03475,False,True
2212.12533,45,0.7307548522949219,2407.00091,False,True
2212.12533,46,0.7305694818496704,2309.01772,False,False
2212.12533,47,0.7305278778076172,2511.18717,False,True
2212.12533,48,0.7297322154045105,2606.07392,False,True
2212.12533,49,0.7285231351852417,1403.6394,False,False
2212.12533,50,0.7284157276153564,2310.02975,False,True
2212.12533,51,0.7277958393096924,2403.03937,False,False
2212.12533,52,0.7277036905288696,2212.02779,False,True
2212.12533,53,0.7276839017868042,2502.15707,False,False
2212.12533,54,0.7275272011756897,2304.14262,False,False
2212.12533,55,0.7275201082229614,2207.14391,False,True
2212.12533,56,0.7271677851676941,2605.21752,False,True
2212.12533,57,0.7270027995109558,1305.5856,False,False
2212.12533,58,0.7267365455627441,2602.17812,False,False
2212.12533,59,0.7263394594192505,cs/0509017,False,False
2212.12533,60,0.7258285284042358,1703.10689,False,False
2212.12533,61,0.7246526479721069,2605.10475,False,True
2212.12533,62,0.7246058583259583,2601.01279,False,True
2212.12533,63,0.724433958530426,2512.06758,False,True
2212.12533,64,0.7243570685386658,1902.10743,False,False
2212.12533,65,0.7242464423179626,1902.00470,False,True
2212.12533,66,0.7230557799339294,2605.01752,False,True
2212.12533,67,0.7221617102622986,2602.18114,False,True
2212.12533,68,0.7218536734580994,1806.00955,False,True
2212.12533,69,0.7214432954788208,2508.00201,False,True
2212.12533,70,0.7208806872367859,2205.06558,False,False
2212.12533,71,0.7206581234931946,2410.06150,False,False
2212.12533,72,0.720551609992981,1903.11360,False,False
2212.12533,73,0.7203882932662964,1809.01382,False,True
2212.12533,74,0.7202818989753723,2602.21104,False,True
2212.12533,75,0.7191078066825867,2204.12620,False,True
2212.12533,76,0.7190955877304077,1209.2131,False,False
2212.12533,77,0.7190407514572144,2110.14929,False,False
2212.12533,78,0.7185065150260925,1503.02062,False,False
2212.12533,79,0.7182662487030029,1506.02789,False,False
2212.12533,80,0.7175551056861877,2411.11502,False,True
2212.12533,81,0.7175408005714417,2405.08328,False,False
2212.12533,82,0.7170731425285339,2110.13121,False,False
2212.12533,83,0.7169539332389832,1409.3653,False,True
2212.12533,84,0.7165342569351196,2507.02097,False,True
2212.12533,85,0.7164784669876099,2408.04272,False,False
2212.12533,86,0.7163432836532593,2310.02023,False,True
2212.12533,87,0.7153271436691284,2603.20972,False,False
2212.12533,88,0.7149969935417175,1112.2406,False,False
2212.12533,89,0.7146900296211243,1709.08331,False,False
2212.12533,90,0.7137347459793091,1505.02469,False,False
2212.12533,91,0.713616669178009,2502.08259,False,True
2212.12533,92,0.7135736346244812,2507.05142,False,True
2212.12533,93,0.7132008671760559,2509.26063,False,True
2212.12533,94,0.712833046913147,2112.05678,False,False
2212.12533,95,0.7123293876647949,1801.07780,False,False
2212.12533,96,0.7121500372886658,2007.03007,False,False
2212.12533,97,0.7121027112007141,2402.14369,False,True
2212.12533,98,0.7120194435119629,2209.02332,False,False
2212.12533,99,0.7116937637329102,1805.08052,False,True
2212.12533,100,0.7112491130828857,2402.18872,False,False
2301.00995,1,0.9007886052131653,2006.12440,False,True
2301.00995,2,0.9001226425170898,quant-ph/0608132,False,True
2301.00995,3,0.8901118040084839,2506.18012,False,True
2301.00995,4,0.8874136209487915,2410.12030,False,True
2301.00995,5,0.8841335773468018,2208.06306,False,True
2301.00995,6,0.8803431987762451,0709.2670,False,True
2301.00995,7,0.8778492212295532,2209.10398,False,True
2301.00995,8,0.8764793276786804,1101.4889,False,True
2301.00995,9,0.8763663172721863,1806.06097,False,True
2301.00995,10,0.8752837777137756,2510.04921,False,True
2301.00995,11,0.8750296831130981,1209.6010,False,True
2301.00995,12,0.87210613489151,2411.00946,False,True
2301.00995,13,0.8701945543289185,0705.1129,False,True
2301.00995,14,0.8690342307090759,2309.09701,False,True
2301.00995,15,0.8683490753173828,2402.00378,False,True
2301.00995,16,0.867982029914856,1603.00825,False,True
2301.00995,17,0.8651748895645142,0807.2120,False,True
2301.00995,18,0.8648248910903931,2204.02370,False,True
2301.00995,19,0.8621252179145813,2308.01206,False,True
2301.00995,20,0.8617369532585144,0907.0691,False,True
2301.00995,21,0.8616605997085571,2509.17296,False,True
2301.00995,22,0.8610109090805054,1605.00992,False,True
2301.00995,23,0.8608079552650452,2307.06627,False,True
2301.00995,24,0.8603400588035583,0904.1149,False,True
2301.00995,25,0.8587048053741455,2405.20225,False,True
2301.00995,26,0.8579923510551453,2301.08241,False,True
2301.00995,27,0.8570691347122192,quant-ph/0109087,False,True
2301.00995,28,0.8567536473274231,1902.03164,False,True
2301.00995,29,0.8565884828567505,2207.11350,False,False
2301.00995,30,0.8563560843467712,2211.09106,False,True
2301.00995,31,0.8563460111618042,1711.02200,False,True
2301.00995,32,0.8544033765792847,2303.05044,False,True
2301.00995,33,0.8539716005325317,2605.28152,False,True
2301.00995,34,0.853682279586792,1304.2667,False,True
2301.00995,35,0.8534533977508545,1804.01082,False,True
2301.00995,36,0.8527100086212158,0802.1790,False,True
2301.00995,37,0.852672278881073,1712.09710,False,True
2301.00995,38,0.852593183517456,cs/0608076,False,False
2301.00995,39,0.8522012829780579,1606.04649,False,True
2301.00995,40,0.8519620895385742,1404.5153,False,True
2301.00995,41,0.8491590023040771,1812.05142,False,True
2301.00995,42,0.8489581346511841,1002.3534,False,True
2301.00995,43,0.8485620617866516,1308.1640,False,True
2301.00995,44,0.8477334976196289,quant-ph/9505015,False,True
2301.00995,45,0.847133457660675,1906.06068,False,True
2301.00995,46,0.8468241095542908,2412.05026,False,True
2301.00995,47,0.8467154502868652,1412.2457,False,True
2301.00995,48,0.8465672135353088,2402.18647,False,True
2301.00995,49,0.8461515307426453,2102.02624,False,True
2301.00995,50,0.8452243208885193,1704.03640,False,True
2301.00995,51,0.8440150022506714,1905.08549,False,True
2301.00995,52,0.8435673713684082,0704.2903,False,True
2301.00995,53,0.843563437461853,1012.2291,False,True
2301.00995,54,0.843399167060852,2304.03829,False,True
2301.00995,55,0.8430513143539429,2105.06304,False,False
2301.00995,56,0.8420437574386597,2305.07023,False,True
2301.00995,57,0.8417860865592957,2510.19751,False,True
2301.00995,58,0.841715931892395,quant-ph/0504218,False,True
2301.00995,59,0.8416166305541992,1609.01582,False,False
2301.00995,60,0.8414174318313599,2604.20575,False,True
2301.00995,61,0.8413869142532349,1911.07533,False,True
2301.00995,62,0.8407440185546875,quant-ph/0106146,False,True
2301.00995,63,0.8404567241668701,1804.07446,True,False
2301.00995,64,0.8401710391044617,2003.11777,False,True
2301.00995,65,0.8397238254547119,2309.07820,False,True
2301.00995,66,0.8395891189575195,1302.3465,False,True
2301.00995,67,0.8395186066627502,1108.4501,False,True
2301.00995,68,0.8394656181335449,2309.02074,False,True
2301.00995,69,0.8382952213287354,1511.07949,False,True
2301.00995,70,0.8379576206207275,1510.07408,False,True
2301.00995,71,0.8374055624008179,1205.0903,False,True
2301.00995,72,0.8372414112091064,1205.1478,False,False
2301.00995,73,0.8371108174324036,2212.08609,False,True
2301.00995,74,0.8368721008300781,2508.13959,False,True
2301.00995,75,0.8365223407745361,2108.11015,False,True
2301.00995,76,0.8360655903816223,1610.08007,False,False
2301.00995,77,0.8355723023414612,2408.13613,False,True
2301.00995,78,0.8355468511581421,1908.11825,False,True
2301.00995,79,0.835536539554596,1606.05050,True,True
2301.00995,80,0.8355085849761963,quant-ph/9806065,False,True
2301.00995,81,0.8354876041412354,2501.03973,False,True
2301.00995,82,0.835059404373169,quant-ph/0611295,False,True
2301.00995,83,0.8348731398582458,2604.01519,False,True
2301.00995,84,0.8347831964492798,2306.16756,False,True
2301.00995,85,0.8344958424568176,1902.08709,False,True
2301.00995,86,0.8342933654785156,0809.0664,False,True
2301.00995,87,0.8342644572257996,1701.01107,True,True
2301.00995,88,0.8339847326278687,1805.06668,False,True
2301.00995,89,0.8337772488594055,1406.4289,False,True
2301.00995,90,0.8336248993873596,1807.09693,False,True
2301.00995,91,0.8335511088371277,0810.5108,False,True
2301.00995,92,0.8334282040596008,1606.03927,False,True
2301.00995,93,0.8333183526992798,1009.2267,True,True
2301.00995,94,0.8330766558647156,1706.02277,False,True
2301.00995,95,0.8330573439598083,1403.4539,False,True
2301.00995,96,0.8324602246284485,2211.09903,False,True
2301.00995,97,0.8323628902435303,1205.3663,False,False
2301.00995,98,0.8320720195770264,1708.08817,False,False
2301.00995,99,0.832043468952179,2510.13766,False,True
2301.00995,100,0.8319209218025208,1404.6441,False,True
2303.13061,1,0.9008171558380127,2004.04841,False,True
2303.13061,2,0.8957557082176208,1708.06287,False,True
2303.13061,3,0.8794589042663574,1306.2197,False,True
2303.13061,4,0.8782926201820374,1512.04513,False,True
2303.13061,5,0.8777633309364319,math/0304410,False,True
2303.13061,6,0.8718922734260559,2602.17253,False,True
2303.13061,7,0.8718291521072388,2305.12558,False,True
2303.13061,8,0.8715496063232422,2402.13477,False,True
2303.13061,9,0.8712896108627319,2604.15909,False,True
2303.13061,10,0.8702127933502197,2110.10515,False,True
2303.13061,11,0.8698811531066895,1511.08113,False,False
2303.13061,12,0.8686245679855347,1401.3935,False,True
2303.13061,13,0.8668659925460815,1502.04346,False,False
2303.13061,14,0.8667334318161011,math/9809071,False,False
2303.13061,15,0.8660253286361694,2411.01287,False,True
2303.13061,16,0.8658661842346191,1405.3587,False,False
2303.13061,17,0.865749716758728,1308.1640,False,False
2303.13061,18,0.8654299974441528,2112.04844,False,True
2303.13061,19,0.8649550080299377,1601.03683,False,False
2303.13061,20,0.8648695349693298,2305.04554,False,True
2303.13061,21,0.8645094633102417,1310.2958,False,False
2303.13061,22,0.8639649152755737,1503.00822,False,False
2303.13061,23,0.8639239072799683,2101.08503,False,False
2303.13061,24,0.8626163601875305,math/0501388,False,False
2303.13061,25,0.8622373342514038,2504.15518,False,True
2303.13061,26,0.8610591292381287,2411.07347,False,True
2303.13061,27,0.8607617616653442,1203.2888,False,False
2303.13061,28,0.8603510856628418,math/0402088,False,True
2303.13061,29,0.8602240085601807,1106.3041,False,True
2303.13061,30,0.8601166009902954,2204.01232,False,True
2303.13061,31,0.8600017428398132,2108.11928,False,False
2303.13061,32,0.8596451878547668,1104.2519,False,True
2303.13061,33,0.859370231628418,0901.0208,False,False
2303.13061,34,0.8592817783355713,2008.08556,False,True
2303.13061,35,0.8591889142990112,2209.04932,False,True
2303.13061,36,0.8580060601234436,2106.10440,False,True
2303.13061,37,0.8578856587409973,2004.10180,False,True
2303.13061,38,0.8573891520500183,2402.06961,False,False
2303.13061,39,0.8571927547454834,1410.8744,False,True
2303.13061,40,0.8569758534431458,0802.2654,False,True
2303.13061,41,0.8566311597824097,1609.06563,False,False
2303.13061,42,0.8566063642501831,1406.1025,False,False
2303.13061,43,0.8563661575317383,0907.0691,False,False
2303.13061,44,0.8563607931137085,1710.01424,False,True
2303.13061,45,0.8557190895080566,1703.00859,False,True
2303.13061,46,0.8553559184074402,1801.03985,False,True
2303.13061,47,0.8551056385040283,2308.02564,False,True
2303.13061,48,0.8547502160072327,1402.5148,False,False
2303.13061,49,0.8543057441711426,2305.05547,False,False
2303.13061,50,0.8536465167999268,2112.03886,False,False
2303.13061,51,0.8534175157546997,2411.16209,False,False
2303.13061,52,0.8533383011817932,1811.07019,False,False
2303.13061,53,0.8531473875045776,2403.14761,False,False
2303.13061,54,0.8529447317123413,2111.01670,False,True
2303.13061,55,0.8528493046760559,2404.17536,False,False
2303.13061,56,0.852753221988678,math/0309233,False,False
2303.13061,57,0.8524824380874634,1904.07912,False,True
2303.13061,58,0.8524332046508789,2508.04657,False,True
2303.13061,59,0.8523777723312378,math/0105091,False,False
2303.13061,60,0.8522924184799194,0906.4121,False,False
2303.13061,61,0.8520843982696533,1207.5220,False,False
2303.13061,62,0.8520508408546448,1305.5692,False,True
2303.13061,63,0.8519192934036255,2306.16251,False,True
2303.13061,64,0.8516711592674255,math/0111257,False,True
2303.13061,65,0.8516589403152466,2605.21513,False,True
2303.13061,66,0.8514484167098999,2408.10534,False,False
2303.13061,67,0.8510249257087708,1501.00178,False,False
2303.13061,68,0.8509542346000671,1510.06102,False,True
2303.13061,69,0.850940465927124,1604.02172,False,False
2303.13061,70,0.8509359359741211,2504.05010,False,False
2303.13061,71,0.8508446216583252,2105.10071,False,True
2303.13061,72,0.8507508039474487,1208.1968,False,False
2303.13061,73,0.8507025241851807,1304.6956,False,False
2303.13061,74,0.8506489396095276,2407.20575,False,True
2303.13061,75,0.8505548238754272,2310.13569,False,False
2303.13061,76,0.8502205610275269,math/0211395,False,False
2303.13061,77,0.8500533103942871,1504.07674,False,True
2303.13061,78,0.8498233556747437,1710.01924,False,True
2303.13061,79,0.8495873212814331,1904.08656,False,True
2303.13061,80,0.849345326423645,2509.09548,False,False
2303.13061,81,0.8492274284362793,math/0212179,False,False
2303.13061,82,0.8492002487182617,2102.06819,False,True
2303.13061,83,0.8490691781044006,1807.05558,False,False
2303.13061,84,0.84903883934021,1409.2443,False,False
2303.13061,85,0.8487026691436768,1306.4342,False,False
2303.13061,86,0.848217785358429,1905.04776,False,True
2303.13061,87,0.8481471538543701,1908.03934,False,False
2303.13061,88,0.8480815887451172,2601.04514,False,True
2303.13061,89,0.8479492664337158,1304.0218,False,False
2303.13061,90,0.8478041887283325,0712.4299,False,False
2303.13061,91,0.8477970361709595,1403.2841,False,False
2303.13061,92,0.8477746844291687,1811.02747,False,True
2303.13061,93,0.8474610447883606,2205.11204,False,False
2303.13061,94,0.8473584055900574,2504.09372,False,True
2303.13061,95,0.8473516702651978,2605.09926,False,True
2303.13061,96,0.8472760319709778,1210.0472,False,False
2303.13061,97,0.8471370935440063,2502.15660,False,False
2303.13061,98,0.8471208810806274,2005.06553,False,False
2303.13061,99,0.8469934463500977,0902.1875,False,False
2303.13061,100,0.8468717336654663,0910.5416,False,False
2306.09396,1,0.8109340667724609,2210.01639,False,True
2306.09396,2,0.807686448097229,2210.12612,False,False
2306.09396,3,0.8017947673797607,2408.13613,False,False
2306.09396,4,0.801439106464386,2210.06163,False,True
2306.09396,5,0.7967798113822937,0712.0517,True,False
2306.09396,6,0.7940682172775269,1608.00264,False,False
2306.09396,7,0.7912902235984802,2109.05697,False,True
2306.09396,8,0.7899887561798096,1112.2680,False,True
2306.09396,9,0.7858498096466064,2507.14999,False,True
2306.09396,10,0.7848235368728638,1508.00192,False,False
2306.09396,11,0.7844539284706116,1503.06302,False,False
2306.09396,12,0.7843583822250366,2406.18940,False,False
2306.09396,13,0.7831180095672607,1307.3617,False,True
2306.09396,14,0.7830794453620911,0708.2973,False,False
2306.09396,15,0.7827187180519104,2507.14768,False,True
2306.09396,16,0.7810763120651245,2508.15051,False,True
2306.09396,17,0.7808837890625,2310.06289,False,True
2306.09396,18,0.7797569632530212,2309.06985,False,False
2306.09396,19,0.7784628868103027,2402.07717,False,False
2306.09396,20,0.7782518863677979,0710.5425,False,False
2306.09396,21,0.7778357267379761,quant-ph/0701205,False,False
2306.09396,22,0.7775468826293945,2207.06271,False,False
2306.09396,23,0.777197003364563,1809.09026,False,False
2306.09396,24,0.7771334648132324,2104.09454,False,False
2306.09396,25,0.7760432362556458,2310.14337,False,True
2306.09396,26,0.7759773135185242,2601.13608,False,True
2306.09396,27,0.7756954431533813,2403.02324,False,False
2306.09396,28,0.774807333946228,1703.02468,False,False
2306.09396,29,0.7738479971885681,2012.09964,False,False
2306.09396,30,0.7738059759140015,2106.09485,False,True
2306.09396,31,0.773116946220398,1304.2667,False,False
2306.09396,32,0.7728095054626465,1911.01812,False,True
2306.09396,33,0.7727539539337158,2111.06578,False,True
2306.09396,34,0.7724136710166931,2002.11223,True,True
2306.09396,35,0.7723963856697083,2203.04453,False,True
2306.09396,36,0.7717446684837341,2504.21634,False,True
2306.09396,37,0.7716517448425293,1601.04416,False,False
2306.09396,38,0.7715162038803101,0903.5177,False,False
2306.09396,39,0.7703813314437866,quant-ph/0303081,False,True
2306.09396,40,0.7702182531356812,2301.04017,False,True
2306.09396,41,0.7701556086540222,2312.06658,False,True
2306.09396,42,0.7698618173599243,1210.4025,False,False
2306.09396,43,0.7697257995605469,1401.2596,False,False
2306.09396,44,0.7691992521286011,2408.00385,False,False
2306.09396,45,0.7691841721534729,1603.01699,False,False
2306.09396,46,0.7684244513511658,2504.00001,False,False
2306.09396,47,0.7682390809059143,2008.03769,False,False
2306.09396,48,0.7679038643836975,1609.06942,False,True
2306.09396,49,0.7674388289451599,2202.12079,False,False
2306.09396,50,0.7669820189476013,2604.07581,False,False
2306.09396,51,0.7667793035507202,2203.05737,False,False
2306.09396,52,0.7663789391517639,2601.08614,False,True
2306.09396,53,0.7662877440452576,2602.17614,False,True
2306.09396,54,0.7657672762870789,2307.14315,False,False
2306.09396,55,0.7656322717666626,2410.10574,False,False
2306.09396,56,0.7655466794967651,2412.10652,False,True
2306.09396,57,0.7654946446418762,1602.05028,False,False
2306.09396,58,0.7652326226234436,2308.12544,False,False
2306.09396,59,0.7647555470466614,2404.13804,False,True
2306.09396,60,0.7644493579864502,1201.0640,False,False
2306.09396,61,0.7643738389015198,1711.04155,False,False
2306.09396,62,0.764224648475647,2207.04381,False,True
2306.09396,63,0.7641722559928894,2306.05243,False,True
2306.09396,64,0.7640519738197327,2603.15709,False,True
2306.09396,65,0.7638581395149231,2206.02178,False,True
2306.09396,66,0.7637307643890381,2006.13569,False,False
2306.09396,67,0.7634233236312866,2503.23292,False,False
2306.09396,68,0.7631475329399109,2603.10937,False,True
2306.09396,69,0.7630866765975952,1802.08252,False,True
2306.09396,70,0.7629890441894531,2110.06556,False,True
2306.09396,71,0.7628636360168457,2508.04265,False,False
2306.09396,72,0.7627365589141846,1104.1771,False,False
2306.09396,73,0.7627328038215637,2205.03263,False,False
2306.09396,74,0.7626768946647644,2207.00392,False,True
2306.09396,75,0.7625080347061157,1912.06689,False,True
2306.09396,76,0.7623932361602783,2410.22647,False,False
2306.09396,77,0.7622787952423096,1911.07533,False,False
2306.09396,78,0.7622731328010559,1707.00842,False,False
2306.09396,79,0.7614845633506775,2301.00441,False,False
2306.09396,80,0.7614151239395142,1108.5266,False,False
2306.09396,81,0.7604954242706299,2112.12442,False,False
2306.09396,82,0.760470986366272,1504.03141,False,False
2306.09396,83,0.7604371309280396,2505.02968,False,False
2306.09396,84,0.7602930068969727,1304.6899,False,True
2306.09396,85,0.7602887749671936,1301.6400,False,False
2306.09396,86,0.7601965069770813,1504.05059,False,True
2306.09396,87,0.7600178122520447,1405.2216,False,False
2306.09396,88,0.7599817514419556,2202.03672,False,True
2306.09396,89,0.7599133253097534,0908.0388,False,False
2306.09396,90,0.7597213983535767,1703.06565,False,False
2306.09396,91,0.7594741582870483,1209.1380,False,False
2306.09396,92,0.7593840956687927,2312.04404,False,True
2306.09396,93,0.759315013885498,2501.07879,False,True
2306.09396,94,0.7593080997467041,2512.16278,False,False
2306.09396,95,0.75921231508255,1610.07817,False,False
2306.09396,96,0.759032666683197,1401.5270,False,False
2306.09396,97,0.7586816549301147,2602.01186,False,True
2306.09396,98,0.7585437893867493,0809.3173,False,False
2306.09396,99,0.7584726214408875,1804.05186,False,False
2306.09396,100,0.758463978767395,2302.03263,False,False
2311.04887,1,0.8719738721847534,2512.24594,False,False
2311.04887,2,0.8629400730133057,2304.11219,False,False
2311.04887,3,0.8438390493392944,2511.13890,False,False
2311.04887,4,0.8425192832946777,2406.09208,False,False
2311.04887,5,0.8367569446563721,2412.07636,False,False
2311.04887,6,0.8313964605331421,2502.02065,False,False
2311.04887,7,0.8313047885894775,2403.20319,False,False
2311.04887,8,0.8275090456008911,2605.30358,False,False
2311.04887,9,0.826396107673645,2505.16908,False,False
2311.04887,10,0.824485182762146,1712.02227,False,False
2311.04887,11,0.823479950428009,2511.15767,False,True
2311.04887,12,0.8214136362075806,2510.11045,False,False
2311.04887,13,0.821189284324646,2502.19150,False,False
2311.04887,14,0.8200705647468567,2410.14835,False,True
2311.04887,15,0.8196330666542053,2302.02384,False,True
2311.04887,16,0.8192846179008484,2606.11348,False,False
2311.04887,17,0.8174492716789246,2604.24218,False,False
2311.04887,18,0.813572108745575,2305.00705,False,False
2311.04887,19,0.8132638335227966,1406.1565,False,True
2311.04887,20,0.8130987882614136,2003.10513,False,False
2311.04887,21,0.8093274831771851,1811.04626,False,True
2311.04887,22,0.8089896440505981,2006.03841,False,False
2311.04887,23,0.8086427450180054,2305.18705,False,False
2311.04887,24,0.8076448440551758,2503.13572,False,False
2311.04887,25,0.8066771030426025,2012.09919,False,False
2311.04887,26,0.8053038120269775,2211.09903,False,False
2311.04887,27,0.8023474216461182,2406.08216,False,False
2311.04887,28,0.801272451877594,2405.04257,False,False
2311.04887,29,0.8011801242828369,1812.04975,False,False
2311.04887,30,0.7999989986419678,2105.03909,False,False
2311.04887,31,0.7985317707061768,2406.01743,False,False
2311.04887,32,0.7979612350463867,2602.16671,False,False
2311.04887,33,0.7964885830879211,2508.12433,False,False
2311.04887,34,0.7949272394180298,2308.01206,False,False
2311.04887,35,0.7945249080657959,2012.05615,False,False
2311.04887,36,0.7944636344909668,2107.06468,False,False
2311.04887,37,0.7927325367927551,1912.05364,False,False
2311.04887,38,0.792589545249939,2312.06001,False,True
2311.04887,39,0.7904065251350403,2204.06369,False,False
2311.04887,40,0.7902358770370483,2505.16059,False,False
2311.04887,41,0.7895207405090332,2604.22513,False,False
2311.04887,42,0.7894018292427063,2109.01574,False,False
2311.04887,43,0.7893120050430298,2505.17713,False,False
2311.04887,44,0.7885856032371521,2008.02132,False,False
2311.04887,45,0.7863234281539917,1409.2620,False,False
2311.04887,46,0.7850973606109619,1404.0847,False,False
2311.04887,47,0.785023033618927,2309.06127,False,False
2311.04887,48,0.7850131988525391,2108.08018,False,False
2311.04887,49,0.7839691042900085,2604.14156,False,False
2311.04887,50,0.7838897109031677,2209.07475,False,False
2311.04887,51,0.7824340462684631,2602.12058,False,False
2311.04887,52,0.7823753952980042,1206.5166,False,False
2311.04887,53,0.7808672785758972,2212.05823,False,False
2311.04887,54,0.7800338864326477,2603.14577,False,False
2311.04887,55,0.7795673608779907,2604.18792,False,False
2311.04887,56,0.7785962224006653,2408.06148,False,False
2311.04887,57,0.7782522439956665,2401.01810,False,False
2311.04887,58,0.7778587937355042,2009.12909,False,False
2311.04887,59,0.7776272296905518,2111.15352,False,False
2311.04887,60,0.7762304544448853,2403.08604,False,False
2311.04887,61,0.7757142782211304,2403.16354,False,True
2311.04887,62,0.7754377722740173,2007.09304,False,False
2311.04887,63,0.7745368480682373,2307.07355,False,True
2311.04887,64,0.7741286158561707,2306.10856,False,False
2311.04887,65,0.7741155624389648,2201.09668,False,False
2311.04887,66,0.7728453278541565,2402.13802,False,False
2311.04887,67,0.7726147770881653,2301.12181,False,False
2311.04887,68,0.7725715041160583,2602.01774,False,False
2311.04887,69,0.7712556719779968,1605.00992,False,False
2311.04887,70,0.7707291841506958,2510.03057,False,False
2311.04887,71,0.7707207798957825,2503.17998,False,False
2311.04887,72,0.7705591320991516,1403.6085,False,False
2311.04887,73,0.7702773213386536,2512.00096,False,False
2311.04887,74,0.7701249718666077,2312.02313,False,False
2311.04887,75,0.7700372934341431,2203.15396,False,False
2311.04887,76,0.7700054049491882,1106.5268,False,False
2311.04887,77,0.7696962952613831,2509.04761,False,False
2311.04887,78,0.7695369720458984,2603.23443,False,False
2311.04887,79,0.7690903544425964,2602.18270,False,False
2311.04887,80,0.7689790725708008,2510.03415,False,True
2311.04887,81,0.7685564756393433,2412.05323,False,False
2311.04887,82,0.7684357762336731,2510.17164,False,False
2311.04887,83,0.7677958607673645,2412.02735,False,False
2311.04887,84,0.7674615383148193,1806.07702,False,False
2311.04887,85,0.7672820687294006,2203.05311,False,False
2311.04887,86,0.7670286297798157,2604.24703,False,False
2311.04887,87,0.7669410705566406,2306.12456,False,False
2311.04887,88,0.7668524980545044,2008.06589,False,False
2311.04887,89,0.7666552662849426,2010.01415,False,False
2311.04887,90,0.7646697759628296,2604.19496,False,False
2311.04887,91,0.7644546627998352,2601.13224,False,True
2311.04887,92,0.7642652988433838,1906.06416,False,False
2311.04887,93,0.7641422152519226,2303.00123,False,False
2311.04887,94,0.7640016674995422,1606.03927,False,False
2311.04887,95,0.7639089822769165,2212.04171,False,True
2311.04887,96,0.7632936239242554,2506.23696,False,True
2311.04887,97,0.7632188200950623,2510.15907,False,False
2311.04887,98,0.7627739906311035,2204.11965,False,False
2311.04887,99,0.762317419052124,2203.04834,False,False
2311.04887,100,0.7622023820877075,1207.4616,False,False
2402.13632,1,0.9018296003341675,1002.0795,False,False
2402.13632,2,0.8745981454849243,1903.00855,False,False
2402.13632,3,0.8743470311164856,2603.29248,False,True
2402.13632,4,0.8662787675857544,1505.04093,False,True
2402.13632,5,0.8640034198760986,1506.04861,False,True
2402.13632,6,0.8623643517494202,2203.13673,False,False
2402.13632,7,0.8613438010215759,2403.19030,False,False
2402.13632,8,0.8602104783058167,1707.02596,False,False
2402.13632,9,0.858660101890564,2210.07545,False,True
2402.13632,10,0.8583206534385681,1908.11267,False,False
2402.13632,11,0.8571707010269165,2208.05565,False,True
2402.13632,12,0.8562715649604797,q-bio/0403026,False,False
2402.13632,13,0.8552294969558716,2212.02345,False,True
2402.13632,14,0.8549215793609619,2505.22652,False,True
2402.13632,15,0.8540169596672058,1701.08402,False,False
2402.13632,16,0.853090226650238,2303.13135,False,False
2402.13632,17,0.8515365123748779,1408.5024,False,False
2402.13632,18,0.8500723838806152,0803.1708,False,False
2402.13632,19,0.8483504056930542,2401.14485,False,False
2402.13632,20,0.8482932448387146,2504.18192,False,False
2402.13632,21,0.8480767607688904,1608.08541,False,False
2402.13632,22,0.8473166227340698,1910.11798,False,False
2402.13632,23,0.845350980758667,1607.00868,False,True
2402.13632,24,0.8452258110046387,1706.00411,False,False
2402.13632,25,0.8451820611953735,1508.03835,False,False
2402.13632,26,0.8443911075592041,cond-mat/0011174,True,False
2402.13632,27,0.844153642654419,1101.4324,False,False
2402.13632,28,0.84371018409729,2504.05010,False,False
2402.13632,29,0.8436410427093506,1209.3140,False,False
2402.13632,30,0.8436364531517029,1505.07920,False,False
2402.13632,31,0.8430433869361877,2111.08174,False,False
2402.13632,32,0.8423512578010559,1305.6158,False,False
2402.13632,33,0.8420506119728088,math/0411343,False,False
2402.13632,34,0.8419209122657776,1309.1301,False,False
2402.13632,35,0.8419196009635925,1408.3683,False,False
2402.13632,36,0.8417274355888367,2211.08333,False,True
2402.13632,37,0.8414631485939026,1210.4803,False,False
2402.13632,38,0.8409321904182434,2201.12195,False,False
2402.13632,39,0.8404468297958374,2603.15285,False,False
2402.13632,40,0.8399177193641663,1802.08252,False,False
2402.13632,41,0.8386349678039551,1807.05614,False,False
2402.13632,42,0.8384150266647339,1412.0345,False,False
2402.13632,43,0.8382720947265625,math/0212407,False,False
2402.13632,44,0.8382039666175842,2501.04705,False,False
2402.13632,45,0.8379119634628296,cond-mat/0412735,False,False
2402.13632,46,0.8376189470291138,1011.1236,False,False
2402.13632,47,0.8376097083091736,1910.01159,False,False
2402.13632,48,0.8371907472610474,2006.12661,False,False
2402.13632,49,0.8370727896690369,1210.2354,False,False
2402.13632,50,0.8367229700088501,1205.5300,False,False
2402.13632,51,0.8362637758255005,1108.0007,False,False
2402.13632,52,0.8353080749511719,0910.0631,False,False
2402.13632,53,0.8343253135681152,1409.7928,False,False
2402.13632,54,0.8342844247817993,1911.12799,False,False
2402.13632,55,0.8339729309082031,1304.6899,False,False
2402.13632,56,0.8338239789009094,math/0611802,False,False
2402.13632,57,0.8336297869682312,2602.17253,False,False
2402.13632,58,0.8335424065589905,1107.2681,False,False
2402.13632,59,0.8334845304489136,1810.01771,False,False
2402.13632,60,0.8333219289779663,2411.13887,False,True
2402.13632,61,0.8331459164619446,2006.09340,False,False
2402.13632,62,0.8330634236335754,1411.7432,False,False
2402.13632,63,0.8328091502189636,2111.05663,False,True
2402.13632,64,0.8327032327651978,math/0203162,False,False
2402.13632,65,0.8321953415870667,2409.17797,False,False
2402.13632,66,0.8319311738014221,1209.4521,False,False
2402.13632,67,0.8315513134002686,1006.1022,False,False
2402.13632,68,0.8309639692306519,physics/0304036,False,False
2402.13632,69,0.8309342861175537,1709.04371,False,False
2402.13632,70,0.8305646777153015,math-ph/0212012,False,False
2402.13632,71,0.830265462398529,1304.0524,False,True
2402.13632,72,0.8301851153373718,2304.06878,False,False
2402.13632,73,0.8301782608032227,1112.4259,False,False
2402.13632,74,0.8300619125366211,2108.02161,False,False
2402.13632,75,0.8299018144607544,1904.05060,False,False
2402.13632,76,0.8298045992851257,1602.05247,False,False
2402.13632,77,0.8294587135314941,2605.20122,False,False
2402.13632,78,0.8294072151184082,2001.11635,False,False
2402.13632,79,0.8291441798210144,2501.00393,False,False
2402.13632,80,0.8288882970809937,0901.0208,False,False
2402.13632,81,0.8288649916648865,1604.05367,False,False
2402.13632,82,0.8287543058395386,1208.3124,False,True
2402.13632,83,0.8287180662155151,2510.10233,False,True
2402.13632,84,0.8286870718002319,2411.07347,False,False
2402.13632,85,0.8278514742851257,physics/9912046,False,False
2402.13632,86,0.8274196982383728,0812.1124,False,False
2402.13632,87,0.8266185522079468,2407.16309,False,False
2402.13632,88,0.8261464238166809,1501.03611,False,False
2402.13632,89,0.8260292410850525,1307.3649,False,False
2402.13632,90,0.8258814215660095,2310.13569,False,False
2402.13632,91,0.8258544206619263,0812.3963,False,False
2402.13632,92,0.8254739046096802,1511.00798,False,False
2402.13632,93,0.8250016570091248,0710.0868,False,False
2402.13632,94,0.824938178062439,0910.5085,False,False
2402.13632,95,0.8246777653694153,1708.06552,False,False
2402.13632,96,0.8246751427650452,2502.11074,False,False
2402.13632,97,0.8245814442634583,1006.5385,False,False
2402.13632,98,0.8243860006332397,2307.00411,False,False
2402.13632,99,0.8241859078407288,1109.0968,False,False
2402.13632,100,0.8240836262702942,2406.16930,False,False
2403.00206,1,0.8733657002449036,1801.03399,False,True
2403.00206,2,0.8680675029754639,2110.14213,False,True
2403.00206,3,0.8574686646461487,2207.07611,False,True
2403.00206,4,0.8566693067550659,2112.07088,False,True
2403.00206,5,0.8536767959594727,2206.00790,False,True
2403.00206,6,0.8514764308929443,1906.01399,False,True
2403.00206,7,0.8509386777877808,2411.13026,False,True
2403.00206,8,0.8494139909744263,2605.24946,False,True
2403.00206,9,0.8475446105003357,1705.10904,False,True
2403.00206,10,0.8443160057067871,2603.29387,False,True
2403.00206,11,0.8422360420227051,2206.03799,False,True
2403.00206,12,0.8416002988815308,2308.13954,False,True
2403.00206,13,0.8412597179412842,1912.03310,False,True
2403.00206,14,0.8396739959716797,2010.04075,False,True
2403.00206,15,0.8385248184204102,2309.03809,False,True
2403.00206,16,0.8381510972976685,2211.16290,False,True
2403.00206,17,0.8377679586410522,2505.11702,False,False
2403.00206,18,0.8373113870620728,2605.00323,False,True
2403.00206,19,0.8372253179550171,2210.06028,False,True
2403.00206,20,0.8371118903160095,2412.15618,False,True
2403.00206,21,0.8366464972496033,2512.23042,False,True
2403.00206,22,0.8362500667572021,2606.04433,False,True
2403.00206,23,0.8361551761627197,2605.17566,False,True
2403.00206,24,0.8351114988327026,2311.06054,False,True
2403.00206,25,0.8322440981864929,2412.03512,False,True
2403.00206,26,0.8322152495384216,1805.05269,False,True
2403.00206,27,0.8300741910934448,2210.07450,False,True
2403.00206,28,0.8297702670097351,2405.04533,False,True
2403.00206,29,0.8297349214553833,2305.19688,False,True
2403.00206,30,0.8294123411178589,1903.07788,False,True
2403.00206,31,0.829047441482544,2106.05965,False,True
2403.00206,32,0.8287479281425476,2412.10302,False,True
2403.00206,33,0.8282882571220398,1606.04080,False,False
2403.00206,34,0.8280885815620422,2602.14032,False,False
2403.00206,35,0.82765793800354,2210.01784,False,True
2403.00206,36,0.8273646831512451,2309.14744,False,True
2403.00206,37,0.8272408246994019,2402.10002,False,True
2403.00206,38,0.8271540403366089,2406.04253,False,True
2403.00206,39,0.8266088962554932,2411.16856,False,True
2403.00206,40,0.8261990547180176,2207.10614,False,True
2403.00206,41,0.8254886865615845,2507.14137,False,True
2403.00206,42,0.8249898552894592,2311.16501,False,True
2403.00206,43,0.8242517113685608,2210.05318,False,True
2403.00206,44,0.8240367770195007,2111.13282,False,True
2403.00206,45,0.8239769339561462,2411.15420,False,True
2403.00206,46,0.823431134223938,2606.02552,False,True
2403.00206,47,0.8230935335159302,2412.07746,False,True
2403.00206,48,0.822554886341095,2509.10024,False,True
2403.00206,49,0.8223716020584106,2411.19103,False,True
2403.00206,50,0.8223609924316406,2404.03652,False,True
2403.00206,51,0.8223198652267456,2211.07859,False,True
2403.00206,52,0.8218391537666321,2107.13137,False,True
2403.00206,53,0.8211667537689209,2506.07740,False,True
2403.00206,54,0.82054203748703,2307.16377,False,True
2403.00206,55,0.8200582265853882,1906.02295,False,True
2403.00206,56,0.8200523853302002,2502.14834,False,True
2403.00206,57,0.8192194700241089,2210.10913,False,False
2403.00206,58,0.8190705180168152,2502.01969,False,True
2403.00206,59,0.8190595507621765,2603.16016,False,True
2403.00206,60,0.8185853958129883,2408.17081,False,True
2403.00206,61,0.8185351490974426,2312.05889,False,True
2403.00206,62,0.8183931708335876,2309.15505,False,True
2403.00206,63,0.8183146715164185,2106.03505,False,True
2403.00206,64,0.8181002140045166,2510.17739,False,True
2403.00206,65,0.8180825710296631,2511.22019,False,True
2403.00206,66,0.8180110454559326,2310.07704,True,True
2403.00206,67,0.8176726698875427,2507.02813,False,True
2403.00206,68,0.8176414966583252,2506.02112,False,True
2403.00206,69,0.8172937631607056,2601.20224,False,True
2403.00206,70,0.8171820640563965,2506.22799,False,True
2403.00206,71,0.8166855573654175,2202.03548,False,True
2403.00206,72,0.8166817426681519,2304.14005,False,True
2403.00206,73,0.8166355490684509,2210.03794,False,True
2403.00206,74,0.8162697553634644,2406.00687,False,True
2403.00206,75,0.8162224292755127,2306.14289,False,True
2403.00206,76,0.8161645531654358,2308.05092,False,True
2403.00206,77,0.8154652714729309,2410.07577,False,True
2403.00206,78,0.8145838975906372,1610.09237,False,True
2403.00206,79,0.814136266708374,2310.08579,False,True
2403.00206,80,0.8140811920166016,2211.09646,False,True
2403.00206,81,0.8137728571891785,1807.07473,False,True
2403.00206,82,0.812875509262085,2205.01529,False,True
2403.00206,83,0.8125077486038208,2402.07181,False,True
2403.00206,84,0.8124346137046814,2004.02186,False,True
2403.00206,85,0.8122531771659851,2412.06474,False,True
2403.00206,86,0.812231719493866,1909.08112,False,True
2403.00206,87,0.8121000528335571,2505.19546,False,True
2403.00206,88,0.8117446899414062,2111.02444,False,True
2403.00206,89,0.8115988969802856,2009.02494,False,False
2403.00206,90,0.8114408254623413,2303.07963,False,True
2403.00206,91,0.8113462924957275,2410.08225,False,False
2403.00206,92,0.8109886050224304,2406.19290,False,True
2403.00206,93,0.8109874725341797,2406.01906,False,True
2403.00206,94,0.8107253313064575,2303.17368,False,True
2403.00206,95,0.810560941696167,2302.04440,False,True
2403.00206,96,0.8100417852401733,2206.05909,False,False
2403.00206,97,0.8096997141838074,1609.01466,False,True
2403.00206,98,0.8095747232437134,2605.21090,False,True
2403.00206,99,0.8094465136528015,2206.11895,False,True
2403.00206,100,0.8093708753585815,2312.03015,False,True
2406.03496,1,0.9051939845085144,2411.09273,False,True
2406.03496,2,0.9015411138534546,2303.16839,False,True
2406.03496,3,0.9002217054367065,2411.15296,False,True
2406.03496,4,0.900191068649292,2603.04453,False,True
2406.03496,5,0.8995231986045837,2408.06610,False,True
2406.03496,6,0.8965408205986023,2412.10302,False,True
2406.03496,7,0.8923848271369934,2402.14289,False,True
2406.03496,8,0.885891318321228,2411.19103,False,True
2406.03496,9,0.8849127888679504,2605.29462,False,True
2406.03496,10,0.8810568451881409,2606.09131,False,True
2406.03496,11,0.8777540922164917,2510.12402,False,True
2406.03496,12,0.875595211982727,2203.01922,False,True
2406.03496,13,0.873259425163269,2503.08497,False,True
2406.03496,14,0.8720107078552246,2501.04150,False,False
2406.03496,15,0.8714134097099304,2504.14359,False,True
2406.03496,16,0.8702747821807861,2406.13923,False,True
2406.03496,17,0.870032548904419,2412.10416,False,True
2406.03496,18,0.8684532046318054,2604.17243,False,False
2406.03496,19,0.8682531118392944,2210.03794,False,False
2406.03496,20,0.868222177028656,2604.12512,False,True
2406.03496,21,0.8674206137657166,2310.02569,False,False
2406.03496,22,0.8667773604393005,2405.01591,False,True
2406.03496,23,0.8666278719902039,1701.06521,False,True
2406.03496,24,0.8663228154182434,2510.13632,False,True
2406.03496,25,0.8654795289039612,2310.00653,False,True
2406.03496,26,0.864953339099884,2206.08657,False,True
2406.03496,27,0.8644777536392212,2311.13126,False,True
2406.03496,28,0.8641502261161804,2309.06809,False,False
2406.03496,29,0.8639700412750244,2311.08596,False,True
2406.03496,30,0.8615873456001282,2310.03211,False,True
2406.03496,31,0.8602060675621033,2503.15633,False,False
2406.03496,32,0.859306275844574,2404.05086,False,True
2406.03496,33,0.8591001033782959,2503.06019,False,True
2406.03496,34,0.8585702776908875,2311.11860,False,False
2406.03496,35,0.8583574295043945,2410.19653,False,True
2406.03496,36,0.857161819934845,2509.23661,False,False
2406.03496,37,0.8571376800537109,2112.05328,False,True
2406.03496,38,0.8551985025405884,2506.02724,False,True
2406.03496,39,0.855039119720459,2506.04039,False,True
2406.03496,40,0.854995608329773,2502.01969,False,True
2406.03496,41,0.8545608520507812,2310.07704,True,True
2406.03496,42,0.854015588760376,1706.05098,False,True
2406.03496,43,0.8534730672836304,2502.14834,False,True
2406.03496,44,0.8524779081344604,2508.06382,False,False
2406.03496,45,0.8523362874984741,2502.13766,False,True
2406.03496,46,0.8517243266105652,2410.17250,False,True
2406.03496,47,0.8511427044868469,2407.09801,False,True
2406.03496,48,0.8509130477905273,2402.09181,False,False
2406.03496,49,0.8508635759353638,2405.04883,False,True
2406.03496,50,0.8503432273864746,2510.08987,False,True
2406.03496,51,0.8501988649368286,2509.15226,False,False
2406.03496,52,0.8497229814529419,2405.19315,False,True
2406.03496,53,0.8488540649414062,1902.10416,False,True
2406.03496,54,0.848701000213623,2501.16780,False,False
2406.03496,55,0.847459077835083,2409.05771,False,True
2406.03496,56,0.8472093343734741,2405.03228,False,True
2406.03496,57,0.846439003944397,2606.04433,False,True
2406.03496,58,0.8453399538993835,1606.04080,False,True
2406.03496,59,0.845299243927002,2510.16785,False,False
2406.03496,60,0.8446124792098999,2411.03493,False,True
2406.03496,61,0.8442524075508118,2411.18700,False,True
2406.03496,62,0.8441426157951355,2501.06892,False,True
2406.03496,63,0.8433148860931396,2511.08172,False,True
2406.03496,64,0.8432924747467041,2411.06068,False,True
2406.03496,65,0.8432676196098328,2205.01580,False,False
2406.03496,66,0.8428747057914734,2405.14297,False,True
2406.03496,67,0.8428335785865784,2006.10455,False,True
2406.03496,68,0.8426163196563721,2306.08502,False,True
2406.03496,69,0.841361403465271,2606.02679,False,True
2406.03496,70,0.8413391709327698,2501.00885,False,True
2406.03496,71,0.8413302898406982,2501.17823,False,True
2406.03496,72,0.8413110375404358,2503.06273,False,False
2406.03496,73,0.8405286073684692,2306.03421,False,False
2406.03496,74,0.8404521942138672,2602.06880,False,True
2406.03496,75,0.8403792381286621,2406.16852,False,False
2406.03496,76,0.8402340412139893,2406.04470,False,True
2406.03496,77,0.8401646614074707,2404.19159,False,True
2406.03496,78,0.8401377201080322,2407.20920,False,False
2406.03496,79,0.840116024017334,2603.25891,False,False
2406.03496,80,0.840026319026947,2512.18496,False,False
2406.03496,81,0.8399619460105896,2504.12285,False,True
2406.03496,82,0.8399307727813721,2502.10927,False,True
2406.03496,83,0.8399072885513306,2406.00888,False,True
2406.03496,84,0.8396746516227722,2604.16892,False,False
2406.03496,85,0.8395482301712036,2511.01794,False,True
2406.03496,86,0.8394256234169006,2010.01650,False,True
2406.03496,87,0.8391282558441162,2512.07584,False,False
2406.03496,88,0.8390976190567017,2412.07679,False,True
2406.03496,89,0.8390957117080688,2405.08603,False,True
2406.03496,90,0.8386768102645874,2511.03845,False,True
2406.03496,91,0.838445246219635,2303.17169,False,False
2406.03496,92,0.8382346630096436,1702.00187,False,False
2406.03496,93,0.8381861448287964,2605.00323,False,True
2406.03496,94,0.8375886678695679,2506.02890,False,True
2406.03496,95,0.8371039032936096,2505.23783,False,True
2406.03496,96,0.8361433148384094,2312.07622,False,True
2406.03496,97,0.835939884185791,2502.14191,False,True
2406.03496,98,0.8356024622917175,2409.07353,False,True
2406.03496,99,0.835394024848938,2502.07164,False,True
2406.03496,100,0.835368812084198,2206.02002,False,True
2406.11548,1,0.855809211730957,2307.09668,False,True
2406.11548,2,0.8546336889266968,2602.02839,False,True
2406.11548,3,0.8541522026062012,2412.18194,False,True
2406.11548,4,0.8534001111984253,2502.14185,False,True
2406.11548,5,0.8500893115997314,2602.20219,False,True
2406.11548,6,0.8420212864875793,2501.12128,False,True
2406.11548,7,0.8408666253089905,2606.08278,False,True
2406.11548,8,0.8399022817611694,2501.04150,False,True
2406.11548,9,0.8378313183784485,2606.10833,False,True
2406.11548,10,0.8339179754257202,2411.15296,False,True
2406.11548,11,0.8333591222763062,2603.00546,False,True
2406.11548,12,0.8323152661323547,2507.16572,False,False
2406.11548,13,0.8322282433509827,2209.10342,False,True
2406.11548,14,0.8319786190986633,2503.05891,False,False
2406.11548,15,0.8317712545394897,2510.18608,False,True
2406.11548,16,0.8314579725265503,2504.00907,False,True
2406.11548,17,0.8268533945083618,2406.01915,False,True
2406.11548,18,0.8258752226829529,2411.08432,False,True
2406.11548,19,0.8247837424278259,2508.18820,False,True
2406.11548,20,0.8224796652793884,2402.07938,False,True
2406.11548,21,0.8223782777786255,2502.00698,False,True
2406.11548,22,0.8223475217819214,2507.18033,False,True
2406.11548,23,0.8222912549972534,2505.14569,False,True
2406.11548,24,0.8209574222564697,2601.05214,False,True
2406.11548,25,0.8197839856147766,2605.02028,False,False
2406.11548,26,0.8192381858825684,2406.12307,False,False
2406.11548,27,0.8187077641487122,2308.07741,False,True
2406.11548,28,0.8185990452766418,2508.08283,False,True
2406.11548,29,0.8177467584609985,2409.16578,False,True
2406.11548,30,0.8175719380378723,2502.15436,False,True
2406.11548,31,0.8170973062515259,2510.17496,False,True
2406.11548,32,0.816705584526062,2410.16411,False,True
2406.11548,33,0.8163856267929077,2505.20718,False,True
2406.11548,34,0.8153384923934937,2512.08548,False,True
2406.11548,35,0.8151534199714661,2503.12687,False,True
2406.11548,36,0.8146281242370605,2509.22642,False,True
2406.11548,37,0.8139369487762451,2502.20754,False,True
2406.11548,38,0.8136872053146362,2508.00669,False,True
2406.11548,39,0.8131997585296631,2503.06252,False,True
2406.11548,40,0.8131803274154663,2505.21327,False,True
2406.11548,41,0.8126004338264465,2301.11972,False,True
2406.11548,42,0.8125790357589722,2602.15384,False,True
2406.11548,43,0.8122923374176025,2508.17573,False,False
2406.11548,44,0.8118743300437927,2006.10608,False,True
2406.11548,45,0.8111737966537476,2501.05707,False,True
2406.11548,46,0.8111353516578674,2603.11677,False,True
2406.11548,47,0.8108456134796143,2601.11404,False,True
2406.11548,48,0.8101808428764343,2511.08172,False,True
2406.11548,49,0.8100388646125793,2410.16270,False,True
2406.11548,50,0.8096877932548523,2602.15858,False,True
2406.11548,51,0.8095130324363708,2511.10201,False,False
2406.11548,52,0.809106707572937,2505.18286,False,True
2406.11548,53,0.8090206384658813,2508.15501,False,True
2406.11548,54,0.808915376663208,2503.22420,False,True
2406.11548,55,0.8087427616119385,2501.00885,False,True
2406.11548,56,0.8085532784461975,2602.16488,False,True
2406.11548,57,0.8078867197036743,2301.00901,False,True
2406.11548,58,0.8073816299438477,2502.16175,False,True
2406.11548,59,0.8071883320808411,2404.02817,False,True
2406.11548,60,0.8063892722129822,1910.07487,False,True
2406.11548,61,0.8058752417564392,2406.07381,False,True
2406.11548,62,0.805492639541626,2602.11619,False,True
2406.11548,63,0.805292546749115,2405.02292,False,True
2406.11548,64,0.805216908454895,2405.04533,False,True
2406.11548,65,0.8046327829360962,2604.03179,False,True
2406.11548,66,0.8040341138839722,2009.09942,False,True
2406.11548,67,0.8039265275001526,2504.09037,False,True
2406.11548,68,0.8035107254981995,2510.08987,False,True
2406.11548,69,0.8029845952987671,2503.11565,False,True
2406.11548,70,0.8029546141624451,1603.00619,False,True
2406.11548,71,0.8028321862220764,2601.03205,False,True
2406.11548,72,0.8027888536453247,2310.06249,False,True
2406.11548,73,0.8026622533798218,2506.23127,False,True
2406.11548,74,0.8020381331443787,2603.09706,False,True
2406.11548,75,0.8019096255302429,2508.08636,False,False
2406.11548,76,0.8018422722816467,2601.13029,False,True
2406.11548,77,0.8017191886901855,2502.21321,False,True
2406.11548,78,0.801507830619812,2511.04831,False,True
2406.11548,79,0.8010141849517822,2602.12215,False,True
2406.11548,80,0.8009171485900879,2606.04433,False,True
2406.11548,81,0.800842821598053,2505.17389,False,True
2406.11548,82,0.7998999953269958,2407.13237,False,True
2406.11548,83,0.7996341586112976,2309.15596,False,True
2406.11548,84,0.7994073033332825,2603.21340,False,True
2406.11548,85,0.7993786334991455,2410.13816,False,True
2406.11548,86,0.7991942763328552,2602.00770,False,False
2406.11548,87,0.7990821003913879,2504.12332,False,False
2406.11548,88,0.7990081906318665,2301.07608,False,True
2406.11548,89,0.7989524602890015,2506.04821,False,False
2406.11548,90,0.7987995743751526,2508.00360,False,False
2406.11548,91,0.7985586524009705,2508.19150,False,True
2406.11548,92,0.7984102368354797,2505.17407,False,False
2406.11548,93,0.7983876466751099,2512.18745,False,True
2406.11548,94,0.7983066439628601,2410.21333,False,True
2406.11548,95,0.7981244921684265,2505.09316,False,False
2406.11548,96,0.7979124188423157,2504.14395,False,True
2406.11548,97,0.7978960871696472,2502.14191,False,True
2406.11548,98,0.7972835302352905,2604.10999,False,True
2406.11548,99,0.7972509264945984,2406.08164,False,True
2406.11548,100,0.796713650226593,2312.17180,False,True
2407.19484,1,0.8142784833908081,1901.05112,False,True
2407.19484,2,0.8089942336082458,1312.5173,False,True
2407.19484,3,0.8045352101325989,1505.07278,False,True
2407.19484,4,0.8041377067565918,2509.21036,False,True
2407.19484,5,0.7986412048339844,2606.11484,False,True
2407.19484,6,0.7913700938224792,2202.09057,False,True
2407.19484,7,0.7869323492050171,1303.6801,False,True
2407.19484,8,0.7866420149803162,1308.3200,False,True
2407.19484,9,0.7845152616500854,2107.11847,True,True
2407.19484,10,0.7806609272956848,quant-ph/0308149,False,False
2407.19484,11,0.7795295715332031,2511.03920,False,False
2407.19484,12,0.7789572477340698,1312.2333,False,False
2407.19484,13,0.7780393958091736,1405.6157,False,True
2407.19484,14,0.7776015400886536,2506.10445,False,False
2407.19484,15,0.775780439376831,1304.1202,False,True
2407.19484,16,0.7726367712020874,2207.06271,False,True
2407.19484,17,0.7724669575691223,2502.17052,False,False
2407.19484,18,0.7719789743423462,0710.0142,False,True
2407.19484,19,0.7686669230461121,2408.00542,False,True
2407.19484,20,0.768137514591217,2601.19848,False,False
2407.19484,21,0.7670909762382507,1612.05447,False,True
2407.19484,22,0.7666338682174683,2508.19631,False,True
2407.19484,23,0.7652625441551208,2505.00869,False,True
2407.19484,24,0.76205974817276,1711.08869,False,True
2407.19484,25,0.7609860301017761,2508.08425,False,False
2407.19484,26,0.7604747414588928,1701.01828,False,False
2407.19484,27,0.7573385238647461,2203.03581,False,False
2407.19484,28,0.7573325037956238,1401.2422,False,True
2407.19484,29,0.7568395137786865,0712.1979,False,False
2407.19484,30,0.7526360750198364,2510.15223,False,False
2407.19484,31,0.7524948716163635,2312.11341,False,True
2407.19484,32,0.7522203922271729,2210.11552,False,False
2407.19484,33,0.7514454126358032,2107.02648,False,False
2407.19484,34,0.7513126730918884,1509.03784,False,True
2407.19484,35,0.7512959241867065,1911.06354,False,False
2407.19484,36,0.7506048083305359,0709.4466,False,True
2407.19484,37,0.7504741549491882,2102.00597,False,True
2407.19484,38,0.750166118144989,2303.10467,False,True
2407.19484,39,0.7482431530952454,quant-ph/0409043,False,False
2407.19484,40,0.7470321655273438,2606.06455,False,True
2407.19484,41,0.745898962020874,2208.14681,False,True
2407.19484,42,0.7441603541374207,1004.0430,False,False
2407.19484,43,0.7441034913063049,1909.09200,False,True
2407.19484,44,0.7438136339187622,1807.09040,False,True
2407.19484,45,0.7431948781013489,2108.08798,False,True
2407.19484,46,0.7421098351478577,quant-ph/0504218,False,False
2407.19484,47,0.7419638633728027,cond-mat/0401170,False,False
2407.19484,48,0.7414512634277344,2504.14124,False,False
2407.19484,49,0.7412334084510803,2512.21242,False,False
2407.19484,50,0.7408242225646973,1705.11095,False,True
2407.19484,51,0.7400727272033691,quant-ph/0606035,False,False
2407.19484,52,0.7399762868881226,cs/0508085,False,True
2407.19484,53,0.7399217486381531,2510.03057,False,True
2407.19484,54,0.7395406365394592,2402.00378,False,True
2407.19484,55,0.7394963502883911,math/9809071,False,False
2407.19484,56,0.7390722632408142,2111.04808,False,True
2407.19484,57,0.7378513216972351,0803.1090,False,True
2407.19484,58,0.7376161813735962,2308.05952,False,True
2407.19484,59,0.7368900775909424,0810.5108,False,False
2407.19484,60,0.7359822392463684,1305.3358,False,True
2407.19484,61,0.7358118295669556,1212.4950,False,True
2407.19484,62,0.7350934743881226,2408.12154,False,True
2407.19484,63,0.7348781824111938,1506.02740,False,True
2407.19484,64,0.7340521812438965,1904.00732,False,False
2407.19484,65,0.7339946627616882,2303.08083,False,True
2407.19484,66,0.7336793541908264,2401.02380,False,True
2407.19484,67,0.7334079146385193,0907.5391,False,False
2407.19484,68,0.733018696308136,2407.07332,False,True
2407.19484,69,0.732894241809845,1501.03441,False,False
2407.19484,70,0.7328121662139893,1711.03515,False,True
2407.19484,71,0.7325698733329773,2107.08991,False,True
2407.19484,72,0.7322119474411011,2407.16449,False,True
2407.19484,73,0.7321659326553345,2507.00569,False,True
2407.19484,74,0.7316374778747559,2210.07657,False,False
2407.19484,75,0.7315937280654907,1404.6912,False,False
2407.19484,76,0.731196403503418,1601.07975,False,False
2407.19484,77,0.7310276031494141,2405.00258,False,True
2407.19484,78,0.7309647798538208,1711.09494,False,True
2407.19484,79,0.7306476831436157,1901.04241,False,True
2407.19484,80,0.7306472063064575,2411.03776,False,True
2407.19484,81,0.7301355004310608,2504.02673,False,False
2407.19484,82,0.7293536067008972,2312.16125,False,False
2407.19484,83,0.7293405532836914,2011.01602,False,True
2407.19484,84,0.7292834520339966,2604.08485,False,True
2407.19484,85,0.7291562557220459,2410.22650,False,True
2407.19484,86,0.7288979887962341,2305.07023,False,False
2407.19484,87,0.7282390594482422,2102.03015,False,True
2407.19484,88,0.7280575633049011,quant-ph/0506126,False,False
2407.19484,89,0.7279839515686035,1908.05415,False,False
2407.19484,90,0.7275515198707581,1101.0564,False,False
2407.19484,91,0.7272147536277771,1101.0413,False,False
2407.19484,92,0.7264361381530762,2009.06954,False,False
2407.19484,93,0.726218581199646,0912.0597,False,True
2407.19484,94,0.7260220646858215,cs/0610057,False,True
2407.19484,95,0.7242748141288757,1805.03097,False,False
2407.19484,96,0.7242122292518616,quant-ph/9710041,False,False
2407.19484,97,0.7238710522651672,1902.10898,False,True
2407.19484,98,0.7236453294754028,2410.00155,False,False
2407.19484,99,0.7230406403541565,1703.01517,False,True
2407.19484,100,0.7226884961128235,2211.05784,False,False
2410.13034,1,0.8761613368988037,2111.03042,False,True
2410.13034,2,0.8756842613220215,1810.01771,False,True
2410.13034,3,0.8746862411499023,2604.13947,False,True
2410.13034,4,0.856827437877655,2604.15853,False,True
2410.13034,5,0.8552460670471191,1607.05967,False,True
2410.13034,6,0.8530768156051636,2509.19070,False,True
2410.13034,7,0.8526545763015747,2305.19550,False,True
2410.13034,8,0.8512412309646606,2507.14137,False,True
2410.13034,9,0.8510985374450684,2505.13777,False,True
2410.13034,10,0.8496977090835571,2601.08371,False,True
2410.13034,11,0.8493422269821167,2510.20859,False,True
2410.13034,12,0.8478701114654541,2602.23438,False,True
2410.13034,13,0.8470326662063599,2006.12661,False,False
2410.13034,14,0.8454746603965759,2502.14044,False,True
2410.13034,15,0.8419725894927979,2604.13941,False,True
2410.13034,16,0.8416182994842529,2507.17616,False,True
2410.13034,17,0.8416041135787964,2104.13369,False,True
2410.13034,18,0.8414231538772583,2311.01310,False,True
2410.13034,19,0.8407541513442993,2309.15505,False,True
2410.13034,20,0.8396667242050171,2505.09859,False,True
2410.13034,21,0.8394417762756348,1807.07473,False,True
2410.13034,22,0.8393387794494629,2501.03051,False,True
2410.13034,23,0.8392587900161743,2408.02140,False,True
2410.13034,24,0.8383651375770569,2601.11322,False,True
2410.13034,25,0.8371333479881287,2110.08791,False,True
2410.13034,26,0.8360040187835693,2309.07921,False,True
2410.13034,27,0.8358629941940308,2405.20980,False,True
2410.13034,28,0.8352365493774414,2405.04533,False,True
2410.13034,29,0.8338181972503662,2510.23785,False,True
2410.13034,30,0.8333524465560913,2104.04191,False,True
2410.13034,31,0.8331683278083801,2211.17115,False,True
2410.13034,32,0.8326629400253296,2405.16501,False,True
2410.13034,33,0.8323678970336914,2511.14210,False,True
2410.13034,34,0.8322290182113647,2301.04518,False,False
2410.13034,35,0.8314529061317444,2106.12620,False,True
2410.13034,36,0.8312402963638306,2512.18496,False,True
2410.13034,37,0.8309106230735779,2604.10999,False,True
2410.13034,38,0.830671489238739,2406.00687,False,True
2410.13034,39,0.8302851319313049,2106.11310,False,True
2410.13034,40,0.8302033543586731,2511.19401,False,True
2410.13034,41,0.8300284147262573,1903.08558,False,True
2410.13034,42,0.8294529914855957,2110.12914,False,True
2410.13034,43,0.8292772769927979,1702.00187,False,True
2410.13034,44,0.8290793895721436,2403.16210,False,True
2410.13034,45,0.8286506533622742,2512.08905,False,True
2410.13034,46,0.8285581469535828,2402.07181,False,True
2410.13034,47,0.8283636569976807,2410.14980,False,True
2410.13034,48,0.8283286690711975,2412.06632,False,True
2410.13034,49,0.8268797397613525,1902.09631,False,True
2410.13034,50,0.8254738450050354,2002.03772,False,True
2410.13034,51,0.8252663612365723,2604.12512,False,True
2410.13034,52,0.8251587748527527,2511.01817,False,True
2410.13034,53,0.8248193264007568,2605.21090,False,True
2410.13034,54,0.8244543075561523,2510.17803,False,True
2410.13034,55,0.8244509696960449,2212.08650,False,True
2410.13034,56,0.8242349624633789,2503.05802,False,True
2410.13034,57,0.8241573572158813,1906.03973,False,True
2410.13034,58,0.82392418384552,2312.03203,False,True
2410.13034,59,0.8238949775695801,2602.11141,False,False
2410.13034,60,0.8238519430160522,2512.07584,False,True
2410.13034,61,0.8236392736434937,2107.00559,False,True
2410.13034,62,0.8235947489738464,2507.02813,False,True
2410.13034,63,0.8235808610916138,2010.11800,False,True
2410.13034,64,0.8235704898834229,1903.05820,False,True
2410.13034,65,0.8231828212738037,2107.12518,False,True
2410.13034,66,0.8228271007537842,1906.00270,False,True
2410.13034,67,0.8225332498550415,1609.07370,False,True
2410.13034,68,0.8224953413009644,2508.18159,False,True
2410.13034,69,0.8215320110321045,2601.13029,False,True
2410.13034,70,0.8214796781539917,1609.05834,False,True
2410.13034,71,0.8213749527931213,2509.11959,False,True
2410.13034,72,0.8212785720825195,2305.04745,False,True
2410.13034,73,0.8212062120437622,2509.12901,False,True
2410.13034,74,0.8209746479988098,1601.04589,False,True
2410.13034,75,0.8207648396492004,2601.08620,False,True
2410.13034,76,0.8202999830245972,2311.16501,False,True
2410.13034,77,0.8202219605445862,2502.01969,False,True
2410.13034,78,0.819949746131897,2606.00452,False,True
2410.13034,79,0.8199374079704285,2303.17368,False,True
2410.13034,80,0.8198429346084595,2306.04236,False,True
2410.13034,81,0.8197253942489624,2111.08174,False,True
2410.13034,82,0.8195914030075073,1511.07394,False,True
2410.13034,83,0.8194778561592102,2402.10002,False,True
2410.13034,84,0.8193745613098145,2206.02002,False,True
2410.13034,85,0.819159984588623,2510.02266,False,True
2410.13034,86,0.819108784198761,2309.06809,False,True
2410.13034,87,0.8190913796424866,2510.00584,False,True
2410.13034,88,0.8190674185752869,2410.07577,False,True
2410.13034,89,0.8190646171569824,2112.05131,False,True
2410.13034,90,0.8190591335296631,2502.21280,False,True
2410.13034,91,0.8188230991363525,2507.01925,False,False
2410.13034,92,0.8186531662940979,1312.6077,False,True
2410.13034,93,0.8184864521026611,2310.08579,False,True
2410.13034,94,0.8181337118148804,2506.22799,False,True
2410.13034,95,0.8176485896110535,2404.03652,False,True
2410.13034,96,0.8173686265945435,2304.14382,False,True
2410.13034,97,0.8172724843025208,2109.08103,False,True
2410.13034,98,0.8172231912612915,2305.12328,False,True
2410.13034,99,0.8165987133979797,2112.05080,False,True
2410.13034,100,0.8164036273956299,2107.11011,False,False
2501.05536,1,0.9197527766227722,2112.01289,False,True
2501.05536,2,0.9179770946502686,1412.1517,False,True
2501.05536,3,0.9056974649429321,2509.05524,False,True
2501.05536,4,0.9010282158851624,2105.08000,False,True
2501.05536,5,0.8997217416763306,2509.02838,False,False
2501.05536,6,0.8970159292221069,1703.05014,False,True
2501.05536,7,0.8896312117576599,2406.09281,False,True
2501.05536,8,0.8892454504966736,1202.3013,False,True
2501.05536,9,0.884752094745636,2402.01572,False,False
2501.05536,10,0.8828259110450745,2208.10058,False,True
2501.05536,11,0.8812080025672913,1502.07150,False,True
2501.05536,12,0.8803902864456177,0811.2738,False,False
2501.05536,13,0.8802006840705872,2411.16284,False,True
2501.05536,14,0.8794788718223572,0810.1295,False,True
2501.05536,15,0.8782122135162354,1204.5082,False,False
2501.05536,16,0.8771204948425293,2604.01706,False,True
2501.05536,17,0.8770458102226257,2006.00895,False,True
2501.05536,18,0.8751894235610962,1612.08677,False,True
2501.05536,19,0.8726451992988586,2309.01766,False,True
2501.05536,20,0.8723104000091553,2605.21982,False,False
2501.05536,21,0.8722829222679138,1402.1818,False,True
2501.05536,22,0.8719516396522522,2205.00181,False,False
2501.05536,23,0.8718988299369812,1511.03720,False,True
2501.05536,24,0.8703197240829468,2412.21074,False,False
2501.05536,25,0.8687306642532349,math/0411186,False,False
2501.05536,26,0.8668990731239319,1912.01733,False,False
2501.05536,27,0.8661749958992004,2009.05850,False,False
2501.05536,28,0.8647506833076477,2206.01303,False,False
2501.05536,29,0.8643021583557129,1809.02554,False,False
2501.05536,30,0.8634251356124878,1306.2985,False,False
2501.05536,31,0.8631407618522644,2001.11895,False,False
2501.05536,32,0.862578272819519,1302.4466,False,False
2501.05536,33,0.8618224859237671,1010.4922,False,False
2501.05536,34,0.8610246181488037,1208.0655,False,True
2501.05536,35,0.8607759475708008,math/0204202,False,True
2501.05536,36,0.8601815700531006,2307.09889,False,True
2501.05536,37,0.8599572777748108,2106.02924,False,True
2501.05536,38,0.8590294122695923,math/0210249,False,False
2501.05536,39,0.8578474521636963,1005.5056,False,True
2501.05536,40,0.8561978340148926,1207.5183,False,False
2501.05536,41,0.8553543090820312,0712.2603,False,False
2501.05536,42,0.8553372621536255,1206.1488,False,True
2501.05536,43,0.8545351028442383,1803.08091,False,True
2501.05536,44,0.8544975519180298,2310.08229,False,True
2501.05536,45,0.8544758558273315,1512.06776,False,True
2501.05536,46,0.8532403707504272,1908.04098,False,False
2501.05536,47,0.8521950840950012,2409.17797,False,True
2501.05536,48,0.851962149143219,0806.3632,False,False
2501.05536,49,0.8514665365219116,2309.16762,False,False
2501.05536,50,0.8514077663421631,math/0511220,False,False
2501.05536,51,0.8507469892501831,1308.3192,False,True
2501.05536,52,0.8506878614425659,math/0308177,False,True
2501.05536,53,0.8499517440795898,2003.07582,False,False
2501.05536,54,0.8493788242340088,math-ph/9902030,False,False
2501.05536,55,0.8490743637084961,2009.05627,False,True
2501.05536,56,0.8489165306091309,1405.2711,False,True
2501.05536,57,0.8487902283668518,1201.1854,False,False
2501.05536,58,0.8486557006835938,2304.14458,False,False
2501.05536,59,0.8482838869094849,1002.0388,False,False
2501.05536,60,0.8482609391212463,1505.06251,False,False
2501.05536,61,0.8481575846672058,2405.18947,False,False
2501.05536,62,0.8477296233177185,0710.3674,False,False
2501.05536,63,0.8476731181144714,1309.1725,False,True
2501.05536,64,0.8476681709289551,1111.4282,False,False
2501.05536,65,0.8475456237792969,1405.3604,False,True
2501.05536,66,0.8470317125320435,1902.09617,False,False
2501.05536,67,0.8467906713485718,2210.16026,False,False
2501.05536,68,0.846454918384552,2109.11290,False,True
2501.05536,69,0.8463909029960632,1603.01370,False,False
2501.05536,70,0.8462206125259399,2311.15409,False,True
2501.05536,71,0.8461596369743347,2207.09015,False,False
2501.05536,72,0.8460668325424194,math/0703894,False,False
2501.05536,73,0.8458755612373352,2208.13813,False,False
2501.05536,74,0.845723032951355,0808.1907,False,True
2501.05536,75,0.8455067873001099,1911.03434,False,False
2501.05536,76,0.8453267216682434,2002.02910,False,True
2501.05536,77,0.8452948927879333,2510.12906,False,True
2501.05536,78,0.8448071479797363,1701.00945,False,True
2501.05536,79,0.844517707824707,1706.09765,False,False
2501.05536,80,0.8441482782363892,1412.1645,False,True
2501.05536,81,0.8440232276916504,1509.07602,False,False
2501.05536,82,0.8439499139785767,1005.3445,False,True
2501.05536,83,0.843784749507904,2504.14263,False,True
2501.05536,84,0.8435156345367432,1401.5270,False,False
2501.05536,85,0.8433913588523865,1208.5831,False,False
2501.05536,86,0.843232274055481,2010.03394,False,True
2501.05536,87,0.8430864810943604,2512.21442,False,False
2501.05536,88,0.8428343534469604,1512.07275,False,False
2501.05536,89,0.8427841067314148,1402.5499,False,True
2501.05536,90,0.842613935470581,1512.04728,False,False
2501.05536,91,0.8425717353820801,1606.05911,False,True
2501.05536,92,0.8423530459403992,1809.04448,False,False
2501.05536,93,0.8422856330871582,1410.0483,False,False
2501.05536,94,0.8421400785446167,1104.3324,False,False
2501.05536,95,0.8417476415634155,2009.11777,False,False
2501.05536,96,0.8417011499404907,2410.00607,False,False
2501.05536,97,0.8416894674301147,2511.20192,False,True
2501.05536,98,0.8413915038108826,2310.19178,False,False
2501.05536,99,0.8413082361221313,1207.3132,False,False
2501.05536,100,0.8412604331970215,1608.01467,False,False
2502.16753,1,0.8692058324813843,1907.08849,False,False
2502.16753,2,0.8289932012557983,1602.06594,False,True
2502.16753,3,0.8233314156532288,2006.08064,False,False
2502.16753,4,0.8209539651870728,1902.01364,False,True
2502.16753,5,0.8187064528465271,2606.05710,False,False
2502.16753,6,0.8160240054130554,2604.21626,False,False
2502.16753,7,0.8082467913627625,1911.06304,False,False
2502.16753,8,0.8014723062515259,1406.3204,False,False
2502.16753,9,0.7995133996009827,1810.09704,False,False
2502.16753,10,0.7988992929458618,2406.06225,False,False
2502.16753,11,0.7977772355079651,2605.03744,False,False
2502.16753,12,0.797085702419281,1911.05771,False,False
2502.16753,13,0.793063759803772,1606.05245,False,True
2502.16753,14,0.7865250706672668,2007.02675,False,True
2502.16753,15,0.7855238914489746,2003.10513,False,False
2502.16753,16,0.7850292921066284,1512.07012,False,False
2502.16753,17,0.7827012538909912,quant-ph/0110021,False,False
2502.16753,18,0.7818721532821655,1902.01147,False,False
2502.16753,19,0.7801452279090881,2501.09033,False,False
2502.16753,20,0.7770280838012695,1906.06416,False,False
2502.16753,21,0.7761296629905701,2409.10893,False,False
2502.16753,22,0.7759928107261658,1507.06673,False,False
2502.16753,23,0.7721043825149536,1707.00640,False,False
2502.16753,24,0.7676258087158203,2605.02900,False,False
2502.16753,25,0.76701819896698,2102.03625,False,False
2502.16753,26,0.7668356895446777,2405.06925,False,False
2502.16753,27,0.7654890418052673,1203.4614,False,False
2502.16753,28,0.7635540962219238,1801.01970,False,False
2502.16753,29,0.7632826566696167,2105.04264,False,False
2502.16753,30,0.7620472311973572,2601.10379,False,True
2502.16753,31,0.7619455456733704,2306.14697,False,True
2502.16753,32,0.7617981433868408,2605.02987,False,False
2502.16753,33,0.7606394290924072,1812.04975,False,False
2502.16753,34,0.760067343711853,1701.01535,False,False
2502.16753,35,0.7598562240600586,2109.01574,False,False
2502.16753,36,0.7593510150909424,quant-ph/0505126,False,False
2502.16753,37,0.7589702010154724,2312.13705,False,True
2502.16753,38,0.7586045265197754,quant-ph/0412175,False,False
2502.16753,39,0.7582898736000061,1909.10006,False,False
2502.16753,40,0.7579850554466248,2605.02951,False,False
2502.16753,41,0.7576218247413635,2303.01021,False,False
2502.16753,42,0.7549082040786743,0710.1301,False,False
2502.16753,43,0.7547773718833923,1409.6606,False,False
2502.16753,44,0.7546448707580566,2505.16059,False,False
2502.16753,45,0.7543474435806274,2509.14956,False,False
2502.16753,46,0.7539987564086914,2405.14355,False,False
2502.16753,47,0.753781795501709,1208.2712,False,False
2502.16753,48,0.7532820105552673,2301.10028,False,False
2502.16753,49,0.7526236772537231,2003.12341,False,False
2502.16753,50,0.7525094747543335,1206.3793,False,True
2502.16753,51,0.7523438930511475,2001.02075,False,False
2502.16753,52,0.752255916595459,2506.16314,False,False
2502.16753,53,0.7521721124649048,2004.05761,False,True
2502.16753,54,0.7518969774246216,1703.08296,False,False
2502.16753,55,0.7517393231391907,2104.06744,False,False
2502.16753,56,0.7508344054222107,2508.10798,True,False
2502.16753,57,0.7500424385070801,2101.05256,False,False
2502.16753,58,0.749255895614624,1908.08476,False,False
2502.16753,59,0.7488930821418762,2312.12057,False,False
2502.16753,60,0.748613715171814,2403.02324,False,False
2502.16753,61,0.748271107673645,2010.11175,False,True
2502.16753,62,0.7479208111763,1602.05507,False,True
2502.16753,63,0.7470963597297668,cond-mat/0609038,True,False
2502.16753,64,0.7468701601028442,2510.09616,False,False
2502.16753,65,0.7467447519302368,1303.0055,False,False
2502.16753,66,0.7464377284049988,1603.02563,False,True
2502.16753,67,0.7462587952613831,2512.04368,False,False
2502.16753,68,0.7459020018577576,2512.03604,False,True
2502.16753,69,0.745849609375,2505.01489,False,False
2502.16753,70,0.7458041310310364,1501.01826,False,False
2502.16753,71,0.7456183433532715,1408.1767,False,True
2502.16753,72,0.7455465197563171,2009.12909,False,True
2502.16753,73,0.7454712390899658,2307.13203,False,False
2502.16753,74,0.7453447580337524,2312.02313,False,True
2502.16753,75,0.7451533675193787,1711.11487,False,True
2502.16753,76,0.744731068611145,2604.21685,False,True
2502.16753,77,0.7445594668388367,1610.05212,False,False
2502.16753,78,0.7445164322853088,2508.13220,False,False
2502.16753,79,0.744323194026947,1808.08066,False,False
2502.16753,80,0.7441332340240479,1809.09026,False,False
2502.16753,81,0.7441270351409912,1503.01158,False,False
2502.16753,82,0.7440958023071289,2511.16469,False,True
2502.16753,83,0.743980348110199,2509.20418,False,False
2502.16753,84,0.7438095211982727,1911.07533,False,False
2502.16753,85,0.7436617612838745,2304.12072,False,False
2502.16753,86,0.7431133985519409,2006.16661,False,True
2502.16753,87,0.7428980469703674,2405.02826,False,False
2502.16753,88,0.7428162097930908,1906.05283,False,False
2502.16753,89,0.7427101135253906,1507.02952,False,False
2502.16753,90,0.7426437735557556,2006.08415,False,False
2502.16753,91,0.7418779134750366,1910.06715,False,True
2502.16753,92,0.7418015003204346,2502.20627,False,False
2502.16753,93,0.7411852478981018,2009.10975,False,False
2502.16753,94,0.740938663482666,1712.02227,False,False
2502.16753,95,0.7409064173698425,2405.06455,False,False
2502.16753,96,0.7407025694847107,1409.8576,False,False
2502.16753,97,0.7398949861526489,2008.03252,False,False
2502.16753,98,0.7395046949386597,2107.07283,False,False
2502.16753,99,0.7394949793815613,2201.12278,False,True
2502.16753,100,0.7394686937332153,2003.10563,False,False
2502.20795,1,0.9091507196426392,2511.10201,False,True
2502.20795,2,0.9089725017547607,2408.13296,False,True
2502.20795,3,0.9065486788749695,2512.05525,False,False
2502.20795,4,0.9047843217849731,2402.03921,False,False
2502.20795,5,0.9028775691986084,2504.12332,False,True
2502.20795,6,0.9018599390983582,2502.21321,False,True
2502.20795,7,0.901302695274353,2605.18801,False,False
2502.20795,8,0.8943568468093872,2501.00885,False,True
2502.20795,9,0.8920429348945618,2502.03461,False,True
2502.20795,10,0.8888914585113525,2601.06911,False,True
2502.20795,11,0.8847788572311401,2501.08406,False,True
2502.20795,12,0.8835082054138184,2503.13520,False,True
2502.20795,13,0.8830885887145996,2508.08636,False,True
2502.20795,14,0.8824202418327332,2404.11502,False,True
2502.20795,15,0.8794208765029907,2411.18700,False,True
2502.20795,16,0.8789973258972168,2512.01420,False,True
2502.20795,17,0.8783673048019409,2410.11710,False,True
2502.20795,18,0.8780744671821594,2505.02142,False,True
2502.20795,19,0.8779933452606201,2510.17496,False,False
2502.20795,20,0.876968502998352,2311.08596,False,True
2502.20795,21,0.8769329190254211,2503.12016,False,False
2502.20795,22,0.8768284320831299,2412.14222,False,True
2502.20795,23,0.8766731023788452,2411.10606,False,False
2502.20795,24,0.8761640787124634,2503.17998,False,False
2502.20795,25,0.8751228451728821,2510.09595,False,True
2502.20795,26,0.8748942613601685,2508.00360,False,True
2502.20795,27,0.8736474514007568,2403.08319,False,True
2502.20795,28,0.8727526664733887,2411.08432,False,True
2502.20795,29,0.8727461099624634,2411.15296,False,True
2502.20795,30,0.8717771768569946,2508.17445,True,True
2502.20795,31,0.8715206384658813,2310.05492,False,True
2502.20795,32,0.8712245225906372,2406.03642,False,True
2502.20795,33,0.8712201714515686,2510.09471,False,True
2502.20795,34,0.8709428310394287,2509.20909,False,True
2502.20795,35,0.8699909448623657,2604.02507,False,False
2502.20795,36,0.869855523109436,2404.05086,False,True
2502.20795,37,0.8694366216659546,2606.00135,False,False
2502.20795,38,0.869167149066925,2410.14184,False,True
2502.20795,39,0.8680459856987,2402.07938,False,True
2502.20795,40,0.867834210395813,2604.19440,False,True
2502.20795,41,0.8678228259086609,2603.29002,False,False
2502.20795,42,0.8678037524223328,2403.14009,False,True
2502.20795,43,0.8676278591156006,2406.08216,False,False
2502.20795,44,0.8674769401550293,2506.07833,False,True
2502.20795,45,0.8672411441802979,2602.15858,False,True
2502.20795,46,0.866980791091919,2603.00546,False,False
2502.20795,47,0.8661888241767883,2412.07207,False,True
2502.20795,48,0.8652865290641785,2509.18458,False,True
2502.20795,49,0.8652144074440002,2603.16177,False,False
2502.20795,50,0.8650656938552856,2312.15234,False,False
2502.20795,51,0.8647722005844116,2410.16270,False,False
2502.20795,52,0.8643653392791748,2601.04700,False,True
2502.20795,53,0.863850474357605,2501.05707,False,True
2502.20795,54,0.8636636137962341,2602.00770,False,True
2502.20795,55,0.8636224269866943,2603.05294,False,False
2502.20795,56,0.8633042573928833,2605.02028,False,True
2502.20795,57,0.863253116607666,2512.00902,False,False
2502.20795,58,0.862362802028656,2311.13126,False,True
2502.20795,59,0.8623407483100891,2408.01444,False,False
2502.20795,60,0.8618742823600769,2605.21468,False,True
2502.20795,61,0.8615636229515076,2511.16324,False,True
2502.20795,62,0.8612418174743652,2601.03205,False,True
2502.20795,63,0.8612318634986877,2505.09316,False,True
2502.20795,64,0.8611084222793579,1409.3809,False,False
2502.20795,65,0.8598278164863586,2510.03415,False,True
2502.20795,66,0.8596826791763306,2605.21442,False,False
2502.20795,67,0.859618067741394,2306.13840,False,True
2502.20795,68,0.8594807386398315,2506.02890,False,True
2502.20795,69,0.8594681024551392,2310.17639,False,True
2502.20795,70,0.8592430949211121,2508.18244,False,False
2502.20795,71,0.858859658241272,2506.10833,False,False
2502.20795,72,0.8585643172264099,2402.15052,False,True
2502.20795,73,0.8585517406463623,2410.12138,False,True
2502.20795,74,0.8582185506820679,2509.22158,False,True
2502.20795,75,0.8579726219177246,2406.10950,False,True
2502.20795,76,0.8575140237808228,2501.04150,False,False
2502.20795,77,0.8574824333190918,2602.17316,False,True
2502.20795,78,0.8570239543914795,2503.05891,False,True
2502.20795,79,0.8565863370895386,2605.03227,False,False
2502.20795,80,0.8565317392349243,2510.17918,False,True
2502.20795,81,0.8565114140510559,2404.10952,False,True
2502.20795,82,0.8564066886901855,2604.15618,False,False
2502.20795,83,0.8560661673545837,2402.13446,False,True
2502.20795,84,0.8559947609901428,2606.04557,False,True
2502.20795,85,0.8559666872024536,2512.06239,False,True
2502.20795,86,0.8557537794113159,2402.15754,False,True
2502.20795,87,0.8557388186454773,2505.10309,False,False
2502.20795,88,0.8552193641662598,2603.21237,False,False
2502.20795,89,0.8547877669334412,2602.04742,False,True
2502.20795,90,0.8547858595848083,2510.24476,False,True
2502.20795,91,0.8532848954200745,2505.04388,False,True
2502.20795,92,0.8530296087265015,2406.12307,False,True
2502.20795,93,0.8525055646896362,2312.07104,False,False
2502.20795,94,0.8521949052810669,2412.02735,False,False
2502.20795,95,0.8518204092979431,2211.09110,False,True
2502.20795,96,0.8517677783966064,2510.23590,False,False
2502.20795,97,0.8517674803733826,2503.05005,False,True
2502.20795,98,0.8516782522201538,2412.00099,False,False
2502.20795,99,0.8516348600387573,2601.10504,False,True
2502.20795,100,0.8515243530273438,2601.12415,False,False
2503.16930,1,0.9017358422279358,2510.06601,False,True
2503.16930,2,0.8990399241447449,2203.01645,False,True
2503.16930,3,0.8938630819320679,2212.05909,False,True
2503.16930,4,0.8909317255020142,2310.02641,False,True
2503.16930,5,0.8906608819961548,1912.05293,False,True
2503.16930,6,0.8895411491394043,1906.00270,False,True
2503.16930,7,0.8839457631111145,1903.08817,False,True
2503.16930,8,0.8819535374641418,1603.09056,False,True
2503.16930,9,0.8798827528953552,2603.08133,False,True
2503.16930,10,0.879264235496521,2504.08591,False,True
2503.16930,11,0.8766592741012573,1805.02996,False,True
2503.16930,12,0.8749911785125732,2006.01339,False,False
2503.16930,13,0.8747415542602539,1511.08861,False,True
2503.16930,14,0.8735095858573914,2101.10208,False,False
2503.16930,15,0.8731451034545898,2201.00187,False,True
2503.16930,16,0.8724567890167236,2201.11403,False,True
2503.16930,17,0.8716379404067993,2601.00533,False,True
2503.16930,18,0.8682423830032349,2305.00379,False,True
2503.16930,19,0.8674074411392212,1905.02538,False,True
2503.16930,20,0.8667662143707275,2208.14704,False,True
2503.16930,21,0.8665146231651306,2510.19581,False,True
2503.16930,22,0.8656148910522461,2410.14994,False,True
2503.16930,23,0.8653604388237,2505.24406,False,True
2503.16930,24,0.8638315200805664,1810.06766,False,True
2503.16930,25,0.8630211353302002,2309.07921,False,True
2503.16930,26,0.8628867268562317,2012.09289,False,True
2503.16930,27,0.8628093004226685,1707.09482,False,True
2503.16930,28,0.862638533115387,2312.02918,False,True
2503.16930,29,0.8626103401184082,2101.07518,False,True
2503.16930,30,0.8622500896453857,2509.01411,False,True
2503.16930,31,0.8615698218345642,2207.04904,False,True
2503.16930,32,0.8591532707214355,2410.14980,False,True
2503.16930,33,0.8579695224761963,2407.08950,False,True
2503.16930,34,0.8575581312179565,2411.07765,False,True
2503.16930,35,0.8571819067001343,2601.01865,False,True
2503.16930,36,0.8562218546867371,2406.19030,False,True
2503.16930,37,0.8561972379684448,2506.07740,False,True
2503.16930,38,0.8561335802078247,2508.03449,False,True
2503.16930,39,0.8561304807662964,2403.07547,False,True
2503.16930,40,0.85611492395401,2104.02773,False,True
2503.16930,41,0.855736255645752,2203.00845,False,True
2503.16930,42,0.8543746471405029,2407.04815,False,True
2503.16930,43,0.8533463478088379,1903.08558,False,True
2503.16930,44,0.8531582355499268,2111.15362,False,True
2503.16930,45,0.8528640866279602,2312.09496,False,True
2503.16930,46,0.8523622751235962,2103.01698,False,True
2503.16930,47,0.8522562384605408,1910.10797,False,True
2503.16930,48,0.8521744608879089,1903.00440,False,True
2503.16930,49,0.8520098924636841,2508.14461,False,True
2503.16930,50,0.8516442775726318,2508.05060,False,True
2503.16930,51,0.8510118722915649,2008.04030,False,True
2503.16930,52,0.8509003520011902,1904.10698,False,True
2503.16930,53,0.8507322072982788,2404.03652,False,True
2503.16930,54,0.850651741027832,2502.09563,False,True
2503.16930,55,0.8504197597503662,2204.07098,False,True
2503.16930,56,0.8502247333526611,1907.08310,False,True
2503.16930,57,0.8498377203941345,2509.06793,False,True
2503.16930,58,0.8493895530700684,2409.03404,False,True
2503.16930,59,0.8489763140678406,2407.14983,False,True
2503.16930,60,0.8486904501914978,2205.10101,False,True
2503.16930,61,0.8486025333404541,2601.00225,False,True
2503.16930,62,0.848278284072876,2505.03097,False,True
2503.16930,63,0.8477790951728821,2107.08373,False,False
2503.16930,64,0.8470463752746582,2303.11364,False,True
2503.16930,65,0.846554160118103,2111.13282,False,True
2503.16930,66,0.8453733921051025,2105.13978,False,True
2503.16930,67,0.8441575169563293,2004.02432,False,True
2503.16930,68,0.844031810760498,2204.09213,False,True
2503.16930,69,0.8438814878463745,2601.19129,False,True
2503.16930,70,0.843424916267395,2311.15510,False,True
2503.16930,71,0.8431941866874695,2410.09864,False,True
2503.16930,72,0.8427216410636902,2406.05649,False,True
2503.16930,73,0.8427137732505798,2509.10024,False,True
2503.16930,74,0.8426648378372192,2208.06768,False,True
2503.16930,75,0.8422185778617859,1710.09834,False,False
2503.16930,76,0.8421869277954102,2407.01960,False,True
2503.16930,77,0.8420986533164978,1703.08173,False,True
2503.16930,78,0.841972827911377,2502.11002,False,True
2503.16930,79,0.8413285613059998,2511.12895,False,True
2503.16930,80,0.8409432172775269,2503.07535,False,True
2503.16930,81,0.8409261703491211,2306.04236,False,True
2503.16930,82,0.8406752347946167,1812.11852,False,True
2503.16930,83,0.839666485786438,2604.12512,False,True
2503.16930,84,0.83954256772995,2209.13620,False,True
2503.16930,85,0.8390735983848572,2510.22650,False,True
2503.16930,86,0.8389468193054199,2307.10603,False,True
2503.16930,87,0.8387501239776611,2606.15389,False,True
2503.16930,88,0.8386048674583435,2511.18673,False,True
2503.16930,89,0.8382241725921631,2107.10990,False,True
2503.16930,90,0.8373442888259888,2211.08512,False,True
2503.16930,91,0.8368515968322754,2109.05923,False,True
2503.16930,92,0.8365505337715149,2007.05220,False,True
2503.16930,93,0.836500883102417,2009.02007,False,True
2503.16930,94,0.8363912105560303,2012.02181,False,True
2503.16930,95,0.8359934091567993,2201.11998,False,True
2503.16930,96,0.8358436226844788,1904.02028,False,True
2503.16930,97,0.8353757858276367,2403.14602,False,True
2503.16930,98,0.8350397348403931,2110.12914,False,True
2503.16930,99,0.8349614143371582,1907.10830,False,True
2503.16930,100,0.8346883058547974,2104.04191,False,True
2505.15283,1,0.8481201529502869,2203.12477,False,False
2505.15283,2,0.8467408418655396,1506.04861,False,False
2505.15283,3,0.8464897871017456,2011.05460,False,True
2505.15283,4,0.8415104746818542,2108.05745,False,False
2505.15283,5,0.840225100517273,math/0611203,False,False
2505.15283,6,0.8401497006416321,1206.3266,False,False
2505.15283,7,0.8381900191307068,1505.02250,False,False
2505.15283,8,0.8371120095252991,1304.0524,False,False
2505.15283,9,0.8351577520370483,q-bio/0608012,False,False
2505.15283,10,0.8348612785339355,1508.02935,False,True
2505.15283,11,0.8345134258270264,2404.18024,False,False
2505.15283,12,0.8342553377151489,1807.01191,False,False
2505.15283,13,0.8331935405731201,2504.00001,False,False
2505.15283,14,0.8321145176887512,2403.14761,False,False
2505.15283,15,0.8318992257118225,cond-mat/0011174,True,False
2505.15283,16,0.8315649032592773,1903.11543,False,True
2505.15283,17,0.8314505815505981,2210.03058,False,False
2505.15283,18,0.8308191299438477,math/9809071,False,True
2505.15283,19,0.8304774165153503,1110.2540,False,False
2505.15283,20,0.8295767903327942,2301.13163,False,True
2505.15283,21,0.8293842077255249,2109.14356,False,False
2505.15283,22,0.8287270665168762,2006.04753,False,False
2505.15283,23,0.828662097454071,1510.04905,False,False
2505.15283,24,0.8279370665550232,2204.09235,False,False
2505.15283,25,0.8277917504310608,1809.05450,False,False
2505.15283,26,0.8271636962890625,1107.0104,False,False
2505.15283,27,0.8271471858024597,2505.21645,False,False
2505.15283,28,0.8271069526672363,1304.6899,False,False
2505.15283,29,0.826653242111206,math/9711223,False,False
2505.15283,30,0.8248677253723145,2307.05607,False,False
2505.15283,31,0.8248667120933533,1302.0072,False,False
2505.15283,32,0.824838399887085,math/0611915,False,False
2505.15283,33,0.8246148824691772,1807.01353,False,True
2505.15283,34,0.8238445520401001,2502.15660,False,False
2505.15283,35,0.8235272169113159,1205.5770,False,True
2505.15283,36,0.8232831358909607,2605.20122,False,False
2505.15283,37,0.8229774832725525,2504.20739,False,True
2505.15283,38,0.8229105472564697,2303.15895,False,False
2505.15283,39,0.8228082060813904,2201.07197,False,False
2505.15283,40,0.8227730393409729,2510.10133,False,False
2505.15283,41,0.8226515054702759,1503.08417,False,False
2505.15283,42,0.8224416971206665,1803.06908,False,False
2505.15283,43,0.8220776915550232,2008.03769,False,False
2505.15283,44,0.8215512037277222,2104.13881,False,False
2505.15283,45,0.8214969038963318,1507.01767,False,False
2505.15283,46,0.8214330673217773,2310.20342,False,False
2505.15283,47,0.8212578892707825,1209.1380,False,False
2505.15283,48,0.8209323883056641,0707.2346,False,False
2505.15283,49,0.8208334445953369,0707.3898,False,True
2505.15283,50,0.8207767605781555,1704.06311,False,False
2505.15283,51,0.8206773996353149,1807.05614,False,False
2505.15283,52,0.8205205202102661,2103.00646,False,False
2505.15283,53,0.8204315900802612,2211.05259,False,False
2505.15283,54,0.8201794028282166,2109.04131,False,True
2505.15283,55,0.8196167945861816,1109.0968,False,True
2505.15283,56,0.8194506168365479,2112.04549,False,False
2505.15283,57,0.818932294845581,1008.2626,False,False
2505.15283,58,0.8184586763381958,2606.17051,False,False
2505.15283,59,0.8181962370872498,2009.04389,False,False
2505.15283,60,0.818163275718689,1210.6287,False,False
2505.15283,61,0.818022608757019,2311.02325,False,False
2505.15283,62,0.8179887533187866,1410.2109,False,True
2505.15283,63,0.8176417946815491,2004.10180,False,False
2505.15283,64,0.817614734172821,1101.4324,False,False
2505.15283,65,0.8175520896911621,1606.02158,False,False
2505.15283,66,0.8175010085105896,1902.09465,False,False
2505.15283,67,0.8174206018447876,1809.07006,False,False
2505.15283,68,0.8166742324829102,2102.02193,False,False
2505.15283,69,0.81659334897995,1203.2888,False,False
2505.15283,70,0.8161909580230713,2002.06421,False,False
2505.15283,71,0.8160711526870728,2205.11794,False,False
2505.15283,72,0.8160582780838013,2305.03818,False,False
2505.15283,73,0.8159841299057007,math/0609244,False,False
2505.15283,74,0.8159562945365906,0812.3963,False,False
2505.15283,75,0.8158919215202332,1901.00232,False,False
2505.15283,76,0.8158230185508728,2203.07989,False,False
2505.15283,77,0.8155832290649414,2410.22477,False,False
2505.15283,78,0.8150883913040161,1307.3522,False,True
2505.15283,79,0.8145785331726074,1909.00918,False,False
2505.15283,80,0.8145464658737183,1308.1889,False,False
2505.15283,81,0.8140736818313599,2210.12128,False,False
2505.15283,82,0.8138440847396851,2005.04095,False,False
2505.15283,83,0.8136100172996521,2602.00754,False,False
2505.15283,84,0.8135528564453125,2010.05652,False,False
2505.15283,85,0.81355220079422,1806.09062,False,False
2505.15283,86,0.8134927153587341,2504.16565,False,False
2505.15283,87,0.8134531378746033,1807.08248,False,False
2505.15283,88,0.813408374786377,math/0611802,False,False
2505.15283,89,0.813301146030426,2207.04194,False,False
2505.15283,90,0.8132902383804321,2310.11470,False,False
2505.15283,91,0.813147783279419,1102.5727,False,False
2505.15283,92,0.8131455183029175,math/0309005,False,False
2505.15283,93,0.8130258917808533,2004.14037,False,False
2505.15283,94,0.8125665783882141,1802.08252,False,False
2505.15283,95,0.8124130964279175,2502.03886,False,True
2505.15283,96,0.8123809695243835,1611.03398,False,False
2505.15283,97,0.8122518062591553,2309.00097,False,False
2505.15283,98,0.8121612668037415,1412.1581,False,False
2505.15283,99,0.8121073246002197,2505.09647,False,True
2505.15283,100,0.811826765537262,1410.7220,False,True
2505.23969,1,0.8660133481025696,2005.02565,False,False
2505.23969,2,0.8627796173095703,2204.12006,False,False
2505.23969,3,0.8597791790962219,1308.1362,False,False
2505.23969,4,0.8423293828964233,2503.10562,False,False
2505.23969,5,0.8416423797607422,2410.11253,False,False
2505.23969,6,0.8401483297348022,1912.08516,False,False
2505.23969,7,0.8369061350822449,2206.03915,False,False
2505.23969,8,0.8360275030136108,1910.09030,False,False
2505.23969,9,0.8346644639968872,1610.09902,False,False
2505.23969,10,0.8332952857017517,1608.04081,False,False
2505.23969,11,0.8285238742828369,2301.09484,False,False
2505.23969,12,0.8274554014205933,2204.03073,False,False
2505.23969,13,0.8264098167419434,2512.04592,False,False
2505.23969,14,0.8261075615882874,2305.12303,False,False
2505.23969,15,0.8259044885635376,1011.3514,False,False
2505.23969,16,0.8257434964179993,1709.04371,False,False
2505.23969,17,0.8249955177307129,2109.10408,False,False
2505.23969,18,0.8243622183799744,2510.24861,False,False
2505.23969,19,0.8236560225486755,2203.02076,False,False
2505.23969,20,0.8226856589317322,1811.09592,False,False
2505.23969,21,0.8207131624221802,1803.06313,False,False
2505.23969,22,0.8202321529388428,2211.07561,False,False
2505.23969,23,0.8199343085289001,1304.7050,False,False
2505.23969,24,0.8178844451904297,1707.02596,False,True
2505.23969,25,0.8177141547203064,2502.17217,False,False
2505.23969,26,0.8172581195831299,2006.01215,False,False
2505.23969,27,0.8161433935165405,2207.11460,False,False
2505.23969,28,0.8156360983848572,1911.05331,False,False
2505.23969,29,0.8149744272232056,1710.00745,False,False
2505.23969,30,0.8135566115379333,2112.01285,False,False
2505.23969,31,0.8127493858337402,2103.09674,False,False
2505.23969,32,0.8124896883964539,1801.09122,False,False
2505.23969,33,0.8102450370788574,2506.16182,False,False
2505.23969,34,0.809775173664093,1407.8005,False,False
2505.23969,35,0.8090499639511108,2502.03886,False,False
2505.23969,36,0.8081436157226562,1303.5466,False,False
2505.23969,37,0.8080639243125916,2310.01145,False,False
2505.23969,38,0.8075798749923706,1602.06602,False,False
2505.23969,39,0.8075623512268066,2509.12825,False,False
2505.23969,40,0.807180643081665,1301.5412,False,False
2505.23969,41,0.8067628145217896,2511.04586,False,False
2505.23969,42,0.8053712844848633,1409.4937,False,False
2505.23969,43,0.8053433299064636,1301.0908,False,False
2505.23969,44,0.8047229051589966,2501.14599,False,False
2505.23969,45,0.8042050004005432,1712.01343,False,False
2505.23969,46,0.8038405179977417,1905.08740,False,False
2505.23969,47,0.8031973838806152,2002.03687,False,False
2505.23969,48,0.8023439645767212,2305.03732,False,False
2505.23969,49,0.8010618090629578,2603.25401,False,False
2505.23969,50,0.8008225560188293,0802.0748,False,False
2505.23969,51,0.8006861209869385,1211.3551,False,False
2505.23969,52,0.8005918264389038,1402.5992,False,False
2505.23969,53,0.8001053333282471,1509.04566,False,False
2505.23969,54,0.799775242805481,2512.15227,False,False
2505.23969,55,0.7989563941955566,2311.01451,False,False
2505.23969,56,0.7986941933631897,2011.05460,False,False
2505.23969,57,0.7984404563903809,1909.01126,False,False
2505.23969,58,0.7983484268188477,1907.12239,False,False
2505.23969,59,0.7981337308883667,2510.15574,False,False
2505.23969,60,0.7975550293922424,1510.02267,False,False
2505.23969,61,0.7974081039428711,2605.19951,False,False
2505.23969,62,0.7972813844680786,2512.01628,False,False
2505.23969,63,0.7972484230995178,2310.19659,False,False
2505.23969,64,0.7969186902046204,1904.09493,False,False
2505.23969,65,0.7968805432319641,1307.2895,False,False
2505.23969,66,0.7965899109840393,1703.00212,False,True
2505.23969,67,0.7964596152305603,2305.08996,False,False
2505.23969,68,0.79637610912323,2409.08211,False,False
2505.23969,69,0.7954769730567932,2508.10158,False,False
2505.23969,70,0.7946761250495911,1205.5300,False,False
2505.23969,71,0.7942255735397339,2603.20249,False,False
2505.23969,72,0.794015645980835,2407.01404,False,False
2505.23969,73,0.7939360737800598,2504.09068,False,True
2505.23969,74,0.7935976386070251,1902.06666,False,False
2505.23969,75,0.7935470342636108,2404.12262,False,False
2505.23969,76,0.7935003042221069,2410.15519,False,False
2505.23969,77,0.7932233214378357,1603.08649,False,False
2505.23969,78,0.7931930422782898,1004.0524,False,False
2505.23969,79,0.7931008338928223,2202.12373,False,False
2505.23969,80,0.7927441596984863,2508.00628,False,False
2505.23969,81,0.7923073172569275,1511.06171,False,False
2505.23969,82,0.7919917702674866,2111.07007,False,False
2505.23969,83,0.791512668132782,2606.16293,False,False
2505.23969,84,0.7909356355667114,0905.1054,False,False
2505.23969,85,0.7904583215713501,2210.05379,False,False
2505.23969,86,0.7903907299041748,1703.02882,False,False
2505.23969,87,0.7902714610099792,2602.10786,False,False
2505.23969,88,0.7902409434318542,2508.16316,False,False
2505.23969,89,0.7899620532989502,1508.02138,False,False
2505.23969,90,0.7898452877998352,2203.01662,False,False
2505.23969,91,0.7896569967269897,2503.23567,False,False
2505.23969,92,0.7895361185073853,1609.00324,False,False
2505.23969,93,0.78922438621521,2301.12664,False,False
2505.23969,94,0.7891658544540405,2305.19013,False,False
2505.23969,95,0.7891077995300293,2102.13260,False,False
2505.23969,96,0.7889637351036072,0812.4618,False,False
2505.23969,97,0.7888365983963013,2512.20732,False,False
2505.23969,98,0.7884021997451782,2606.09741,False,True
2505.23969,99,0.787835955619812,2501.05331,False,False
2505.23969,100,0.7874838709831238,1908.02244,False,False
2508.08818,1,0.9007962346076965,1308.1547,False,False
2508.08818,2,0.8978992700576782,2307.05607,False,False
2508.08818,3,0.8960563540458679,math/0505146,False,False
2508.08818,4,0.8937202095985413,1407.1222,False,False
2508.08818,5,0.8924628496170044,1402.5775,False,False
2508.08818,6,0.8911886215209961,0811.3145,False,False
2508.08818,7,0.8911457061767578,0906.4605,False,False
2508.08818,8,0.8905236124992371,1307.5731,False,False
2508.08818,9,0.8904956579208374,2102.04495,False,True
2508.08818,10,0.8902958035469055,1701.07979,False,False
2508.08818,11,0.890019953250885,1011.2260,False,False
2508.08818,12,0.8884429335594177,1802.08883,False,False
2508.08818,13,0.8881892561912537,1203.3834,False,False
2508.08818,14,0.8876403570175171,1608.01467,False,False
2508.08818,15,0.8874067664146423,math/0304410,False,False
2508.08818,16,0.8872111439704895,1702.05439,False,False
2508.08818,17,0.8871381282806396,math/0607687,False,False
2508.08818,18,0.8870365619659424,math/0211395,False,False
2508.08818,19,0.8855918049812317,0803.2294,False,False
2508.08818,20,0.8847581148147583,math/0501531,False,False
2508.08818,21,0.884600043296814,1710.04779,False,False
2508.08818,22,0.8832692503929138,math/0604459,False,True
2508.08818,23,0.8832460641860962,2504.18192,False,False
2508.08818,24,0.8825601935386658,1905.10354,False,False
2508.08818,25,0.8824508786201477,math-ph/0505008,False,False
2508.08818,26,0.8824370503425598,0910.5416,False,True
2508.08818,27,0.8823437690734863,0708.1720,False,False
2508.08818,28,0.8815597295761108,1004.3621,False,False
2508.08818,29,0.8814191222190857,math/0312293,False,False
2508.08818,30,0.8807054162025452,math/0510081,False,False
2508.08818,31,0.8796758651733398,1509.01915,False,False
2508.08818,32,0.8796723484992981,2005.06553,False,False
2508.08818,33,0.8792564272880554,2407.01021,False,False
2508.08818,34,0.8786848187446594,1712.06119,False,False
2508.08818,35,0.878555953502655,1003.2711,False,False
2508.08818,36,0.8783286213874817,1207.5183,False,False
2508.08818,37,0.8781477212905884,math/0406431,False,False
2508.08818,38,0.8778640031814575,1208.5342,False,False
2508.08818,39,0.877541720867157,1912.07171,False,False
2508.08818,40,0.8758661150932312,1707.07017,False,False
2508.08818,41,0.8755757808685303,1508.02498,False,False
2508.08818,42,0.875500500202179,1911.06690,False,False
2508.08818,43,0.8753034472465515,1208.5823,False,False
2508.08818,44,0.8746455907821655,1809.04448,False,False
2508.08818,45,0.8740943670272827,2509.11558,False,False
2508.08818,46,0.8740237355232239,2403.01358,False,False
2508.08818,47,0.8731847405433655,1106.4532,False,False
2508.08818,48,0.8723706603050232,0806.4096,False,False
2508.08818,49,0.8723397254943848,2312.09344,False,False
2508.08818,50,0.8721716403961182,1905.04324,False,False
2508.08818,51,0.8720481395721436,1409.0360,False,False
2508.08818,52,0.8720397353172302,1408.5024,False,False
2508.08818,53,0.8720130920410156,math/0608187,False,False
2508.08818,54,0.8719395995140076,2012.11837,False,False
2508.08818,55,0.8718480467796326,1504.03626,False,True
2508.08818,56,0.8711575269699097,1105.2787,False,False
2508.08818,57,0.8710259795188904,2006.13569,False,False
2508.08818,58,0.8708987236022949,1012.4615,False,False
2508.08818,59,0.870870053768158,0808.3048,False,False
2508.08818,60,0.8703963160514832,2008.03863,False,True
2508.08818,61,0.8702100515365601,1601.02192,False,False
2508.08818,62,0.870194137096405,2301.00441,False,False
2508.08818,63,0.8701665997505188,2005.04135,False,False
2508.08818,64,0.8701102137565613,2501.04375,False,False
2508.08818,65,0.8700377941131592,2503.17883,False,False
2508.08818,66,0.8700323104858398,2104.01248,False,False
2508.08818,67,0.869957447052002,2507.15184,False,False
2508.08818,68,0.869908332824707,math/0604340,False,False
2508.08818,69,0.8698171973228455,1002.0388,False,False
2508.08818,70,0.8697749376296997,0801.0919,False,False
2508.08818,71,0.86977219581604,1802.02869,False,False
2508.08818,72,0.8696498870849609,2302.01685,False,False
2508.08818,73,0.8695430159568787,2310.17520,False,False
2508.08818,74,0.8694804906845093,2007.02618,False,False
2508.08818,75,0.869403600692749,1508.00734,False,True
2508.08818,76,0.8693855404853821,1911.10955,False,False
2508.08818,77,0.8691217303276062,1001.0409,False,False
2508.08818,78,0.8687489032745361,2510.19038,False,False
2508.08818,79,0.8684806823730469,1603.00631,False,False
2508.08818,80,0.868471622467041,2001.02175,False,False
2508.08818,81,0.8684595823287964,1401.0664,False,False
2508.08818,82,0.8681748509407043,1601.00052,False,False
2508.08818,83,0.8680799007415771,math/0604352,False,False
2508.08818,84,0.8678886294364929,math/0503507,False,False
2508.08818,85,0.867517352104187,1112.1759,False,False
2508.08818,86,0.8674468398094177,2106.02924,False,False
2508.08818,87,0.8673421144485474,2601.02832,False,False
2508.08818,88,0.8672195672988892,1501.00178,False,False
2508.08818,89,0.8671578168869019,math/0405342,False,False
2508.08818,90,0.8668738603591919,2207.09694,False,False
2508.08818,91,0.8663715720176697,2504.18862,False,False
2508.08818,92,0.8663369417190552,1212.3895,False,False
2508.08818,93,0.8660939335823059,2303.13135,False,False
2508.08818,94,0.8660411834716797,1610.04344,False,False
2508.08818,95,0.8659623265266418,math/9910143,False,False
2508.08818,96,0.8658133745193481,1612.08008,False,False
2508.08818,97,0.8656920194625854,2402.04071,False,False
2508.08818,98,0.865370512008667,0812.1124,False,False
2508.08818,99,0.8653450608253479,1307.3649,False,False
2508.08818,100,0.865240752696991,1408.1435,False,False
2509.24344,1,0.9341674447059631,2406.11903,False,False
2509.24344,2,0.9029252529144287,2408.01444,False,False
2509.24344,3,0.8950278162956238,2504.00042,False,False
2509.24344,4,0.8770793676376343,2601.12259,False,False
2509.24344,5,0.8734674453735352,2503.13520,False,True
2509.24344,6,0.8728700876235962,2510.05702,False,False
2509.24344,7,0.8708343505859375,2505.04388,False,False
2509.24344,8,0.8703663349151611,2408.13296,False,False
2509.24344,9,0.86662757396698,2605.09106,False,False
2509.24344,10,0.8579663634300232,2502.21321,False,False
2509.24344,11,0.8575515747070312,2502.03461,False,False
2509.24344,12,0.8542977571487427,2501.00885,False,False
2509.24344,13,0.8532411456108093,2605.18801,False,False
2509.24344,14,0.8525329232215881,2412.14222,False,False
2509.24344,15,0.8521910309791565,2204.11394,False,False
2509.24344,16,0.8513888120651245,2306.13840,False,False
2509.24344,17,0.8505936861038208,2402.13533,False,False
2509.24344,18,0.8499000072479248,2606.01800,False,False
2509.24344,19,0.8497415781021118,2508.21377,False,False
2509.24344,20,0.8493034839630127,2407.19256,False,False
2509.24344,21,0.8482550978660583,2503.12016,False,False
2509.24344,22,0.8478107452392578,2512.05525,False,False
2509.24344,23,0.846424400806427,2601.03794,False,False
2509.24344,24,0.8458424806594849,2410.17266,False,False
2509.24344,25,0.8452736139297485,2412.15093,False,False
2509.24344,26,0.8441329002380371,2411.10606,False,False
2509.24344,27,0.8400968313217163,2601.15170,False,False
2509.24344,28,0.8396773934364319,2402.13446,False,False
2509.24344,29,0.83635014295578,2510.17496,False,False
2509.24344,30,0.8362829685211182,2310.13549,False,False
2509.24344,31,0.8357859253883362,2504.12332,False,False
2509.24344,32,0.8353264927864075,2405.08603,False,False
2509.24344,33,0.8347523808479309,2502.16556,False,False
2509.24344,34,0.8347164392471313,2402.02633,False,False
2509.24344,35,0.8336215615272522,2402.03921,False,False
2509.24344,36,0.8326557278633118,2511.10201,False,False
2509.24344,37,0.8315143585205078,2403.08319,False,False
2509.24344,38,0.8313050270080566,2509.08218,False,False
2509.24344,39,0.8312215209007263,2501.08406,False,False
2509.24344,40,0.830318808555603,2110.04151,False,False
2509.24344,41,0.8303041458129883,2504.10497,False,False
2509.24344,42,0.8301340937614441,2605.13936,False,False
2509.24344,43,0.8300710320472717,2601.10167,False,False
2509.24344,44,0.8300363421440125,2005.03521,False,False
2509.24344,45,0.8293963670730591,2506.07833,False,False
2509.24344,46,0.8288414478302002,2403.11103,True,False
2509.24344,47,0.8280092477798462,2605.15436,False,False
2509.24344,48,0.8276124000549316,2308.00447,False,False
2509.24344,49,0.8274875283241272,2410.11710,False,False
2509.24344,50,0.8274735808372498,2602.10210,False,False
2509.24344,51,0.8272625803947449,2501.02460,False,False
2509.24344,52,0.8261317014694214,2209.14901,False,False
2509.24344,53,0.82517009973526,2412.05862,False,False
2509.24344,54,0.8251632452011108,2402.15052,False,False
2509.24344,55,0.8248164653778076,2401.05908,False,False
2509.24344,56,0.8236848711967468,2501.06496,False,False
2509.24344,57,0.823493242263794,2410.16589,False,False
2509.24344,58,0.8220120668411255,2509.14546,False,False
2509.24344,59,0.82196044921875,2409.03346,False,False
2509.24344,60,0.8216455578804016,2402.15754,False,False
2509.24344,61,0.821636438369751,2401.07103,False,False
2509.24344,62,0.82163405418396,2203.03540,False,False
2509.24344,63,0.8215559720993042,2404.02936,False,False
2509.24344,64,0.8212263584136963,2507.15100,False,False
2509.24344,65,0.8196796774864197,2510.09595,False,False
2509.24344,66,0.8196068406105042,2304.02210,False,False
2509.24344,67,0.8189610838890076,2504.10415,False,False
2509.24344,68,0.8189088702201843,2508.01630,False,False
2509.24344,69,0.8188424706459045,2309.13322,False,False
2509.24344,70,0.8182747960090637,2404.05086,False,False
2509.24344,71,0.8177756667137146,2301.01181,False,False
2509.24344,72,0.8175176978111267,2512.02499,False,False
2509.24344,73,0.8172039985656738,2404.11502,False,False
2509.24344,74,0.8171086311340332,2404.17999,False,False
2509.24344,75,0.815634548664093,2506.02890,False,False
2509.24344,76,0.8154493570327759,2507.04478,False,False
2509.24344,77,0.8151533603668213,2403.02181,False,False
2509.24344,78,0.8148713111877441,2311.13126,False,False
2509.24344,79,0.8144731521606445,2409.14858,False,False
2509.24344,80,0.8135141134262085,2604.14199,False,False
2509.24344,81,0.8134642243385315,2501.01741,False,True
2509.24344,82,0.81339031457901,2403.12173,False,False
2509.24344,83,0.813331127166748,2605.28714,False,False
2509.24344,84,0.813326358795166,2211.09110,False,False
2509.24344,85,0.8132404685020447,2508.20395,False,False
2509.24344,86,0.8131267428398132,2312.09323,False,False
2509.24344,87,0.8131054043769836,2512.13352,False,False
2509.24344,88,0.812920331954956,2301.01293,False,False
2509.24344,89,0.8128347396850586,2501.00174,True,False
2509.24344,90,0.8127802610397339,2601.06911,False,False
2509.24344,91,0.8126193881034851,2311.08596,False,False
2509.24344,92,0.8123552203178406,2505.17407,False,False
2509.24344,93,0.8121837973594666,2604.21209,False,False
2509.24344,94,0.8116610050201416,2302.06976,False,False
2509.24344,95,0.8113638758659363,2403.12212,False,False
2509.24344,96,0.8110257983207703,2312.15234,False,False
2509.24344,97,0.8107442855834961,2504.12285,False,False
2509.24344,98,0.8097233772277832,2601.06347,False,False
2509.24344,99,0.809658408164978,2410.14184,False,False
2509.24344,100,0.8090590238571167,2212.08037,False,False
2511.02535,1,0.8810973763465881,2310.05554,False,True
2511.02535,2,0.8592609167098999,1903.11510,False,True
2511.02535,3,0.8346393704414368,1604.02824,False,False
2511.02535,4,0.8319987058639526,1307.5168,False,True
2511.02535,5,0.8274040222167969,1309.4352,False,True
2511.02535,6,0.8270411491394043,patt-sol/9604005,False,False
2511.02535,7,0.8254866003990173,1603.00490,False,True
2511.02535,8,0.8206831216812134,2401.11051,False,False
2511.02535,9,0.8204483985900879,2312.10760,False,True
2511.02535,10,0.818265438079834,0812.2375,False,True
2511.02535,11,0.8170619010925293,quant-ph/0109046,False,False
2511.02535,12,0.8158067464828491,2401.09506,False,False
2511.02535,13,0.8126682043075562,1404.4807,False,True
2511.02535,14,0.812030553817749,2402.16510,False,False
2511.02535,15,0.8115816116333008,1902.03556,False,True
2511.02535,16,0.8115758895874023,2409.08452,False,False
2511.02535,17,0.8106127977371216,cond-mat/0612242,False,False
2511.02535,18,0.810552179813385,1405.1148,False,False
2511.02535,19,0.80982506275177,2511.06911,False,False
2511.02535,20,0.8079643845558167,1301.4099,False,True
2511.02535,21,0.8075560331344604,cond-mat/0310658,False,True
2511.02535,22,0.8067708015441895,cond-mat/0205182,False,True
2511.02535,23,0.8054693937301636,2111.05376,False,True
2511.02535,24,0.8053493499755859,2207.13318,False,True
2511.02535,25,0.8052796721458435,physics/0607263,False,False
2511.02535,26,0.8040181398391724,1502.07612,False,True
2511.02535,27,0.803826093673706,1007.5233,False,False
2511.02535,28,0.8025931119918823,1707.09401,True,True
2511.02535,29,0.802001416683197,2207.13925,False,True
2511.02535,30,0.8018739819526672,2311.10546,False,False
2511.02535,31,0.8018523454666138,0710.3716,False,True
2511.02535,32,0.8011930584907532,0909.0554,False,False
2511.02535,33,0.8011144995689392,2011.13215,False,True
2511.02535,34,0.8009833693504333,1403.2969,False,False
2511.02535,35,0.800923228263855,0910.2637,False,True
2511.02535,36,0.8006261587142944,1706.07330,False,True
2511.02535,37,0.8005802035331726,2112.13362,False,True
2511.02535,38,0.8005768656730652,1701.08482,False,False
2511.02535,39,0.7998122572898865,2211.00336,False,True
2511.02535,40,0.7996785640716553,1608.00937,False,False
2511.02535,41,0.798204779624939,1812.03344,False,False
2511.02535,42,0.7980251312255859,1902.01105,True,False
2511.02535,43,0.7977319955825806,1003.1623,False,True
2511.02535,44,0.7976650595664978,2101.06981,False,True
2511.02535,45,0.7972748279571533,2202.05157,False,True
2511.02535,46,0.7971689105033875,2306.13269,False,True
2511.02535,47,0.7966299653053284,1704.07089,False,True
2511.02535,48,0.796498715877533,2604.01523,False,False
2511.02535,49,0.7964483499526978,2002.02744,False,True
2511.02535,50,0.7963658571243286,2505.14127,False,True
2511.02535,51,0.795773983001709,2104.10541,False,True
2511.02535,52,0.7953044176101685,1210.6662,False,True
2511.02535,53,0.795119047164917,2304.13948,False,False
2511.02535,54,0.7944701910018921,1501.07894,False,False
2511.02535,55,0.7943276166915894,1808.09330,False,False
2511.02535,56,0.7937537431716919,2208.14803,False,False
2511.02535,57,0.7934110164642334,2405.06402,False,False
2511.02535,58,0.7927882671356201,0710.4288,False,False
2511.02535,59,0.7923693656921387,2009.08944,False,True
2511.02535,60,0.7913385629653931,1701.09101,False,False
2511.02535,61,0.7910350561141968,2308.08421,False,True
2511.02535,62,0.7909337282180786,1005.0690,False,False
2511.02535,63,0.7903422713279724,1007.5027,False,False
2511.02535,64,0.790071427822113,cond-mat/0605525,True,False
2511.02535,65,0.7897973656654358,1205.1035,False,False
2511.02535,66,0.7894533276557922,1010.2587,False,True
2511.02535,67,0.7894434928894043,1707.04970,False,False
2511.02535,68,0.7892454266548157,1502.03992,False,True
2511.02535,69,0.7890523672103882,1201.3553,False,False
2511.02535,70,0.7886663675308228,2108.14005,False,True
2511.02535,71,0.7884703278541565,1112.5208,False,False
2511.02535,72,0.7884593605995178,2302.10614,False,False
2511.02535,73,0.7882235050201416,2202.05386,False,False
2511.02535,74,0.7877116203308105,2304.06213,False,False
2511.02535,75,0.7875986099243164,1407.5034,False,False
2511.02535,76,0.7875561714172363,1111.1928,False,True
2511.02535,77,0.7869941592216492,cond-mat/0602509,False,False
2511.02535,78,0.7867941856384277,1109.4705,True,False
2511.02535,79,0.7867375612258911,2212.13156,False,False
2511.02535,80,0.7864094972610474,2606.13207,False,False
2511.02535,81,0.7856829166412354,2206.14867,False,False
2511.02535,82,0.7856659889221191,1008.0400,False,True
2511.02535,83,0.7854539155960083,2011.09267,False,False
2511.02535,84,0.7848856449127197,2302.13223,False,False
2511.02535,85,0.7842798233032227,1309.6523,False,True
2511.02535,86,0.784246563911438,1903.03865,False,False
2511.02535,87,0.7835263609886169,1702.07395,False,False
2511.02535,88,0.783327043056488,cond-mat/0601589,False,True
2511.02535,89,0.7823185920715332,1910.03132,False,False
2511.02535,90,0.7822169065475464,0902.2710,False,False
2511.02535,91,0.7820804119110107,1210.3014,False,True
2511.02535,92,0.7817195653915405,2104.01950,False,False
2511.02535,93,0.7816656827926636,1908.07850,False,False
2511.02535,94,0.7815099358558655,1002.2394,False,False
2511.02535,95,0.7814245223999023,1604.05156,False,False
2511.02535,96,0.7813786268234253,2303.10498,False,False
2511.02535,97,0.7813244462013245,astro-ph/0304104,False,False
2511.02535,98,0.7808529734611511,2408.13692,False,True
2511.02535,99,0.780002236366272,1405.4321,False,False
2511.02535,100,0.7798904776573181,1811.08491,False,True
2512.09874,1,0.8438137173652649,2504.10415,False,True
2512.09874,2,0.8336432576179504,2606.13782,False,True
2512.09874,3,0.8307945728302002,2403.02333,False,True
2512.09874,4,0.8254009485244751,2601.04700,False,False
2512.09874,5,0.824746310710907,1612.04888,False,False
2512.09874,6,0.8240888714790344,2112.04023,False,True
2512.09874,7,0.8223767280578613,2510.17496,False,True
2512.09874,8,0.8203988075256348,2409.01524,False,True
2512.09874,9,0.8193792104721069,2212.10535,True,True
2512.09874,10,0.8190730810165405,2510.03415,False,True
2512.09874,11,0.8190548419952393,2502.03461,False,False
2512.09874,12,0.8183630704879761,2404.10952,False,True
2512.09874,13,0.8172779083251953,2601.06911,False,True
2512.09874,14,0.8172445297241211,2506.04821,False,False
2512.09874,15,0.8165068030357361,2508.20395,False,True
2512.09874,16,0.8163120746612549,2511.10201,False,False
2512.09874,17,0.8154342174530029,2411.02142,False,True
2512.09874,18,0.8139601945877075,2402.12219,False,True
2512.09874,19,0.8130844235420227,2510.15981,False,True
2512.09874,20,0.8121906518936157,2006.10782,False,True
2512.09874,21,0.8107494711875916,2509.25217,False,True
2512.09874,22,0.8107150793075562,2202.07206,False,False
2512.09874,23,0.8097429275512695,2312.05402,False,False
2512.09874,24,0.8095396161079407,2305.13186,False,True
2512.09874,25,0.8086234331130981,2305.20050,False,True
2512.09874,26,0.8083235621452332,2405.20194,False,False
2512.09874,27,0.8073384165763855,2604.03616,False,False
2512.09874,28,0.8071180582046509,2503.21937,False,True
2512.09874,29,0.8067604899406433,2503.02670,False,False
2512.09874,30,0.8060122132301331,2601.15170,False,True
2512.09874,31,0.8052302598953247,2501.07244,False,True
2512.09874,32,0.8042700886726379,2307.06984,False,False
2512.09874,33,0.804232120513916,2503.19605,False,False
2512.09874,34,0.8030818104743958,2602.00770,False,False
2512.09874,35,0.8029252290725708,2410.02884,False,True
2512.09874,36,0.8025010824203491,2406.11050,False,True
2512.09874,37,0.801823616027832,2604.06898,False,False
2512.09874,38,0.8009554147720337,2406.08269,False,True
2512.09874,39,0.8006609082221985,2501.00885,False,True
2512.09874,40,0.799472451210022,2310.05492,False,True
2512.09874,41,0.7990761399269104,2604.12379,False,True
2512.09874,42,0.7988625168800354,2001.02657,False,False
2512.09874,43,0.7983343005180359,1403.8118,False,True
2512.09874,44,0.7976250052452087,2202.04626,False,False
2512.09874,45,0.7972036600112915,2401.16467,False,True
2512.09874,46,0.7969743013381958,cs/0512096,False,False
2512.09874,47,0.7965238094329834,2212.11481,False,False
2512.09874,48,0.7959149479866028,2211.12551,False,True
2512.09874,49,0.795628547668457,2505.24832,False,False
2512.09874,50,0.795616090297699,1611.03398,False,True
2512.09874,51,0.7953645586967468,2402.01687,False,False
2512.09874,52,0.7948431372642517,2310.14420,False,True
2512.09874,53,0.7947624325752258,2606.14560,False,False
2512.09874,54,0.7945724725723267,2012.15843,False,True
2512.09874,55,0.7945418357849121,2508.17445,True,False
2512.09874,56,0.7945058345794678,2604.23347,False,False
2512.09874,57,0.7943591475486755,2405.03228,False,False
2512.09874,58,0.7937813997268677,2406.06494,False,True
2512.09874,59,0.7937211394309998,2409.20189,False,False
2512.09874,60,0.7934011220932007,2409.07840,False,False
2512.09874,61,0.7932788133621216,2407.17353,False,False
2512.09874,62,0.7930604219436646,2310.16028,False,True
2512.09874,63,0.792930543422699,2408.14817,False,True
2512.09874,64,0.7925759553909302,2401.11905,False,True
2512.09874,65,0.7921900153160095,2405.04086,False,False
2512.09874,66,0.7920599579811096,2506.08134,False,True
2512.09874,67,0.7911769151687622,2301.11689,False,False
2512.09874,68,0.7911681532859802,2512.20732,False,True
2512.09874,69,0.7910711765289307,2512.05580,False,False
2512.09874,70,0.7905324101448059,2602.10210,False,False
2512.09874,71,0.790435254573822,2508.00836,False,False
2512.09874,72,0.7903477549552917,2502.16537,False,False
2512.09874,73,0.7901229858398438,2605.10141,False,True
2512.09874,74,0.7901190519332886,2308.01825,False,False
2512.09874,75,0.7897343635559082,2601.12444,False,True
2512.09874,76,0.789219081401825,2604.03557,False,True
2512.09874,77,0.7888802886009216,1310.3473,False,False
2512.09874,78,0.7886959314346313,2511.00403,False,False
2512.09874,79,0.788207471370697,2306.13840,False,True
2512.09874,80,0.7880673408508301,2503.05891,False,False
2512.09874,81,0.787906289100647,2502.07960,False,False
2512.09874,82,0.7878833413124084,2501.05491,False,False
2512.09874,83,0.7877652645111084,2110.06843,False,False
2512.09874,84,0.787700355052948,1302.3601,False,True
2512.09874,85,0.7876331210136414,2410.14405,False,False
2512.09874,86,0.7873724102973938,2602.00185,False,True
2512.09874,87,0.7872558832168579,2411.16489,False,True
2512.09874,88,0.7867391109466553,2602.07674,False,False
2512.09874,89,0.7866175174713135,2606.14156,False,True
2512.09874,90,0.7865185737609863,2601.03205,False,True
2512.09874,91,0.786376953125,1710.11301,False,False
2512.09874,92,0.7859911322593689,2002.05432,False,False
2512.09874,93,0.7858562469482422,2508.00669,False,True
2512.09874,94,0.7858454585075378,2510.21262,False,False
2512.09874,95,0.7857024669647217,1504.04770,False,False
2512.09874,96,0.7856630682945251,2606.04557,False,True
2512.09874,97,0.7854791283607483,2403.09725,False,True
2512.09874,98,0.7854359149932861,2403.10900,False,False
2512.09874,99,0.7853062152862549,1412.4053,False,False
2512.09874,100,0.7850847244262695,1811.03392,False,False
2603.01074,1,0.8967660665512085,2510.23525,False,True
2603.01074,2,0.8819024562835693,1809.08495,False,True
2603.01074,3,0.8567541837692261,2308.12433,False,True
2603.01074,4,0.8563158512115479,2209.09483,False,True
2603.01074,5,0.8530067801475525,2103.08745,False,True
2603.01074,6,0.8525721430778503,2101.06931,False,True
2603.01074,7,0.8519225120544434,2112.00050,False,True
2603.01074,8,0.847900390625,2503.00518,False,True
2603.01074,9,0.844650149345398,2303.15777,False,False
2603.01074,10,0.8423593044281006,2505.15545,False,True
2603.01074,11,0.8379755616188049,2505.00378,False,True
2603.01074,12,0.8353963494300842,2305.11881,False,True
2603.01074,13,0.8329801559448242,1910.06528,False,True
2603.01074,14,0.8276375532150269,2210.01784,False,True
2603.01074,15,0.8262836933135986,2512.08653,False,False
2603.01074,16,0.826064944267273,2311.06054,False,True
2603.01074,17,0.8241280913352966,2311.15605,False,True
2603.01074,18,0.8192773461341858,2210.05896,False,True
2603.01074,19,0.8181673288345337,2103.06999,False,True
2603.01074,20,0.8177716732025146,2503.06986,False,True
2603.01074,21,0.8149393796920776,2512.23042,False,True
2603.01074,22,0.8113698959350586,2411.00499,False,True
2603.01074,23,0.8111921548843384,2308.05314,False,True
2603.01074,24,0.8103485703468323,2601.01213,False,True
2603.01074,25,0.8099815845489502,2303.11610,False,True
2603.01074,26,0.8078514933586121,2209.14858,False,True
2603.01074,27,0.8077854514122009,2602.05522,False,True
2603.01074,28,0.8005962371826172,2309.05490,False,True
2603.01074,29,0.7997763156890869,2505.19546,False,True
2603.01074,30,0.7984903454780579,2509.20081,False,False
2603.01074,31,0.7977284789085388,2303.17778,False,True
2603.01074,32,0.7973265647888184,2207.12654,False,True
2603.01074,33,0.7969697117805481,2307.08992,False,True
2603.01074,34,0.7966554760932922,2112.12610,False,True
2603.01074,35,0.7966205477714539,2509.23341,False,False
2603.01074,36,0.7952690124511719,2503.01140,False,False
2603.01074,37,0.7933324575424194,1812.11017,False,True
2603.01074,38,0.7921692132949829,1809.05590,False,False
2603.01074,39,0.79207843542099,2105.13879,False,False
2603.01074,40,0.7903713583946228,2605.17566,False,True
2603.01074,41,0.7898342609405518,1811.07246,False,True
2603.01074,42,0.7884019613265991,2001.08247,False,True
2603.01074,43,0.7870568633079529,2605.20510,False,True
2603.01074,44,0.785919189453125,2206.08194,False,True
2603.01074,45,0.7858678102493286,1903.08558,False,True
2603.01074,46,0.7848841547966003,2405.17262,False,True
2603.01074,47,0.7838971018791199,2602.09932,False,True
2603.01074,48,0.7833892107009888,2108.03746,False,True
2603.01074,49,0.7826524376869202,2010.01910,False,True
2603.01074,50,0.7825514674186707,1705.06057,False,True
2603.01074,51,0.7821098566055298,2011.09128,False,True
2603.01074,52,0.7811051607131958,1912.09513,False,True
2603.01074,53,0.7801421880722046,2606.04891,False,True
2603.01074,54,0.780105471611023,2604.03301,False,True
2603.01074,55,0.7796557545661926,2403.13470,False,True
2603.01074,56,0.7781094312667847,2105.12549,False,True
2603.01074,57,0.7776235342025757,2602.18066,False,True
2603.01074,58,0.7771685123443604,2509.03211,False,True
2603.01074,59,0.7771615386009216,2505.04485,False,True
2603.01074,60,0.7767382264137268,2111.04946,False,True
2603.01074,61,0.7762223482131958,2506.03224,False,True
2603.01074,62,0.7753313779830933,2409.18026,False,True
2603.01074,63,0.7750999927520752,2004.02493,False,True
2603.01074,64,0.7745261788368225,2509.02287,False,True
2603.01074,65,0.7743813991546631,2602.05480,False,True
2603.01074,66,0.7742947936058044,2301.09077,False,True
2603.01074,67,0.7735993266105652,2012.02024,False,True
2603.01074,68,0.773521900177002,2307.14726,False,True
2603.01074,69,0.7718033194541931,2103.12292,False,True
2603.01074,70,0.7716731429100037,1805.04902,False,True
2603.01074,71,0.7715846300125122,2503.08594,False,True
2603.01074,72,0.7715569138526917,2605.16570,False,False
2603.01074,73,0.7707119584083557,1511.04902,False,True
2603.01074,74,0.7703402638435364,2507.11343,False,False
2603.01074,75,0.7699233889579773,2510.22436,False,True
2603.01074,76,0.7698373794555664,2212.00786,False,True
2603.01074,77,0.7696490287780762,1609.06653,False,True
2603.01074,78,0.7694441080093384,2306.00823,False,True
2603.01074,79,0.7694105505943298,2507.19253,False,True
2603.01074,80,0.7690005302429199,1808.04028,False,True
2603.01074,81,0.7687830924987793,2508.20954,False,True
2603.01074,82,0.7687292695045471,2207.10316,False,True
2603.01074,83,0.7678486108779907,2006.08021,False,True
2603.01074,84,0.7677520513534546,2602.01163,False,True
2603.01074,85,0.7675360441207886,1604.00606,False,True
2603.01074,86,0.7674119472503662,2001.06819,False,True
2603.01074,87,0.7664913535118103,2104.14032,False,True
2603.01074,88,0.7654404640197754,2311.00970,False,True
2603.01074,89,0.7630202770233154,2012.10715,False,True
2603.01074,90,0.7621633410453796,2405.05133,False,True
2603.01074,91,0.7613442540168762,2405.14876,False,True
2603.01074,92,0.7603442072868347,2308.05988,False,True
2603.01074,93,0.7603238224983215,2505.23597,False,True
2603.01074,94,0.7601726651191711,2605.30168,False,True
2603.01074,95,0.7600962519645691,2308.03982,False,True
2603.01074,96,0.7599409222602844,2501.14404,False,True
2603.01074,97,0.7595013380050659,2110.04704,False,True
2603.01074,98,0.7593616247177124,2311.09346,True,True
2603.01074,99,0.7586519122123718,2506.15747,False,True
2603.01074,100,0.7581206560134888,2303.07963,False,True
2603.15074,1,0.9032905697822571,1503.03962,False,True
2603.15074,2,0.9023939967155457,0807.3179,False,True
2603.15074,3,0.9005470275878906,0810.5604,False,True
2603.15074,4,0.8974119424819946,1802.05080,False,True
2603.15074,5,0.8970852494239807,1505.07692,False,True
2603.15074,6,0.8946883678436279,math/0210159,False,True
2603.15074,7,0.8920984864234924,2102.07717,False,True
2603.15074,8,0.8906814455986023,1801.10305,False,True
2603.15074,9,0.8901169300079346,1910.12192,False,True
2603.15074,10,0.8885769248008728,1406.2672,False,False
2603.15074,11,0.8884419202804565,2604.18981,False,True
2603.15074,12,0.8872979283332825,0710.1305,False,True
2603.15074,13,0.8870918154716492,1801.00656,False,True
2603.15074,14,0.882737934589386,2602.20099,False,True
2603.15074,15,0.8820739388465881,1005.2386,False,True
2603.15074,16,0.8818585872650146,1411.4404,False,True
2603.15074,17,0.8817967176437378,1210.1719,False,False
2603.15074,18,0.8817716240882874,math/9210212,False,True
2603.15074,19,0.8795477151870728,1005.1387,False,False
2603.15074,20,0.878415048122406,2511.22672,False,True
2603.15074,21,0.8774569630622864,1702.04973,False,False
2603.15074,22,0.8772154450416565,math-ph/0611064,False,False
2603.15074,23,0.8770351409912109,1804.08851,False,True
2603.15074,24,0.8756737112998962,hep-th/9410199,False,False
2603.15074,25,0.8750080466270447,gr-qc/9408028,False,False
2603.15074,26,0.8740699887275696,1003.3220,False,True
2603.15074,27,0.8734031915664673,2312.06765,False,False
2603.15074,28,0.8725866079330444,1108.2911,False,False
2603.15074,29,0.8723365664482117,1109.4614,False,False
2603.15074,30,0.8722224831581116,2604.19282,False,True
2603.15074,31,0.8714169859886169,1709.09993,False,False
2603.15074,32,0.8714072704315186,2604.14087,False,True
2603.15074,33,0.8712950348854065,math/0407245,False,True
2603.15074,34,0.8709262013435364,2604.18561,False,True
2603.15074,35,0.8708382844924927,0808.2730,False,False
2603.15074,36,0.870364785194397,1402.2122,False,False
2603.15074,37,0.8703534603118896,hep-th/0212205,False,False
2603.15074,38,0.8695344924926758,1207.5131,False,True
2603.15074,39,0.8690087795257568,0811.3534,False,False
2603.15074,40,0.868985116481781,1903.10496,False,True
2603.15074,41,0.8686960935592651,2211.12327,False,False
2603.15074,42,0.868449866771698,0811.1658,False,True
2603.15074,43,0.8678531646728516,1210.5597,False,True
2603.15074,44,0.867301881313324,2309.03515,False,False
2603.15074,45,0.8672383427619934,2004.08357,False,True
2603.15074,46,0.8668525218963623,1409.5847,False,False
2603.15074,47,0.8667690753936768,math/0208135,False,False
2603.15074,48,0.8660675883293152,2307.05030,False,True
2603.15074,49,0.8658431768417358,2110.10160,False,False
2603.15074,50,0.8656712174415588,1204.1268,False,True
2603.15074,51,0.8652070164680481,math/9803137,False,True
2603.15074,52,0.8643761277198792,hep-th/0110151,False,False
2603.15074,53,0.864007830619812,gr-qc/9502010,False,False
2603.15074,54,0.8638308644294739,hep-th/0205250,False,False
2603.15074,55,0.863662838935852,math/0511034,False,True
2603.15074,56,0.8634284734725952,1503.05675,False,False
2603.15074,57,0.8633225560188293,2308.03673,False,False
2603.15074,58,0.863196611404419,2508.05785,False,False
2603.15074,59,0.862557590007782,gr-qc/9806041,False,False
2603.15074,60,0.8623710870742798,hep-th/9710246,False,False
2603.15074,61,0.8622260093688965,gr-qc/0607013,False,False
2603.15074,62,0.8620958924293518,1712.05011,False,False
2603.15074,63,0.8619253039360046,2109.13293,False,False
2603.15074,64,0.8617261648178101,2405.09659,False,False
2603.15074,65,0.8617255091667175,math/0407153,False,True
2603.15074,66,0.8617240786552429,math/0610721,False,True
2603.15074,67,0.8615300059318542,hep-th/0511065,True,False
2603.15074,68,0.8615275621414185,0802.1250,False,False
2603.15074,69,0.8614869713783264,1612.02942,True,True
2603.15074,70,0.8612645864486694,2310.04214,False,True
2603.15074,71,0.8611937761306763,hep-th/9901139,False,False
2603.15074,72,0.8611109852790833,0711.4723,False,False
2603.15074,73,0.8609441518783569,0712.4299,False,False
2603.15074,74,0.8609375357627869,1903.05070,False,False
2603.15074,75,0.8608905076980591,0809.2563,False,True
2603.15074,76,0.8608755469322205,2404.17121,False,True
2603.15074,77,0.8607993721961975,1701.06136,False,True
2603.15074,78,0.8607736825942993,0801.0829,False,True
2603.15074,79,0.8607372045516968,1405.2164,False,True
2603.15074,80,0.8607207536697388,1408.4166,False,False
2603.15074,81,0.8606138229370117,2506.14960,False,True
2603.15074,82,0.8605585098266602,1404.4231,False,False
2603.15074,83,0.8603585958480835,2005.14210,False,False
2603.15074,84,0.8601380586624146,dg-ga/9604001,False,True
2603.15074,85,0.8597857356071472,gr-qc/0208027,False,False
2603.15074,86,0.8590404987335205,gr-qc/0212034,False,False
2603.15074,87,0.8586142659187317,2512.09842,False,False
2603.15074,88,0.8585867285728455,0801.0319,False,False
2603.15074,89,0.8585831522941589,hep-th/9708128,False,False
2603.15074,90,0.858491837978363,1309.4607,False,False
2603.15074,91,0.8583468794822693,1707.02720,False,False
2603.15074,92,0.8577272891998291,2011.07840,False,False
2603.15074,93,0.8575314283370972,1706.00402,False,False
2603.15074,94,0.8573732972145081,1908.03711,False,True
2603.15074,95,0.8569756746292114,2109.06330,False,True
2603.15074,96,0.8569603562355042,2311.11458,False,True
2603.15074,97,0.856903076171875,2112.08403,False,False
2603.15074,98,0.8567875623703003,2005.10241,False,False
2603.15074,99,0.8564717173576355,math/0412106,False,True
2603.15074,100,0.8562356233596802,hep-th/0011109,False,False
2603.17536,1,0.952594518661499,1808.10571,False,True
2603.17536,2,0.9160026907920837,1903.08040,False,True
2603.17536,3,0.9148627519607544,2503.07616,False,False
2603.17536,4,0.9034714698791504,1712.02238,False,True
2603.17536,5,0.9001759886741638,1901.02059,False,False
2603.17536,6,0.8982118964195251,0808.3499,False,True
2603.17536,7,0.8972415924072266,2111.07485,False,True
2603.17536,8,0.8960803151130676,2405.13818,False,True
2603.17536,9,0.8951570987701416,math-ph/0602057,False,False
2603.17536,10,0.8933403491973877,2006.11592,False,False
2603.17536,11,0.892377495765686,1611.10106,False,False
2603.17536,12,0.8923410177230835,1710.01414,False,True
2603.17536,13,0.8901360034942627,1001.3429,False,False
2603.17536,14,0.8872320652008057,1612.08470,False,False
2603.17536,15,0.8854430317878723,2506.16182,False,False
2603.17536,16,0.8846993446350098,1612.02417,False,False
2603.17536,17,0.8844531774520874,1308.6833,False,True
2603.17536,18,0.8813322186470032,1203.5743,False,True
2603.17536,19,0.8803854584693909,0711.4502,False,False
2603.17536,20,0.8803107142448425,1310.7708,False,False
2603.17536,21,0.8796267509460449,2406.15099,False,True
2603.17536,22,0.8795555233955383,2507.07368,False,False
2603.17536,23,0.878248393535614,0802.1180,False,True
2603.17536,24,0.8772619962692261,1005.2428,False,True
2603.17536,25,0.87680983543396,1710.04292,False,True
2603.17536,26,0.8756216764450073,1908.11851,False,False
2603.17536,27,0.8748798370361328,2005.02565,False,False
2603.17536,28,0.8748311996459961,2312.05606,False,True
2603.17536,29,0.8744952082633972,1005.2279,False,True
2603.17536,30,0.8737928867340088,1304.3484,False,True
2603.17536,31,0.8736329078674316,1606.02158,False,True
2603.17536,32,0.8734092712402344,2409.19530,False,False
2603.17536,33,0.8727304339408875,1806.01493,False,False
2603.17536,34,0.8722937107086182,2410.15146,False,True
2603.17536,35,0.8718879818916321,2412.01225,False,False
2603.17536,36,0.8715336918830872,1403.6353,False,True
2603.17536,37,0.8707519769668579,1808.08604,False,False
2603.17536,38,0.8706489205360413,math/0210472,False,False
2603.17536,39,0.8699531555175781,1001.1866,False,False
2603.17536,40,0.8695192933082581,1710.01428,False,True
2603.17536,41,0.8693187832832336,2504.16296,False,True
2603.17536,42,0.8691730499267578,1908.02679,False,False
2603.17536,43,0.8691600561141968,2008.13333,False,True
2603.17536,44,0.8686976432800293,1011.2623,False,False
2603.17536,45,0.8684306740760803,1505.00896,False,False
2603.17536,46,0.8680820465087891,0809.2870,False,False
2603.17536,47,0.8680669069290161,astro-ph/0702201,False,False
2603.17536,48,0.8680495023727417,1011.4606,False,False
2603.17536,49,0.8677108287811279,1504.06112,False,True
2603.17536,50,0.8674247860908508,math/0205094,False,False
2603.17536,51,0.8674206137657166,2405.04958,False,False
2603.17536,52,0.8671805262565613,2110.09092,False,True
2603.17536,53,0.866747260093689,0811.0946,False,True
2603.17536,54,0.8667203187942505,0803.0667,False,True
2603.17536,55,0.8660520911216736,2007.01218,False,True
2603.17536,56,0.8656900525093079,0705.2127,False,False
2603.17536,57,0.8647944331169128,1705.08125,False,False
2603.17536,58,0.8647310137748718,0907.1053,False,True
2603.17536,59,0.8645743131637573,0708.3270,False,True
2603.17536,60,0.864464282989502,2206.00908,False,True
2603.17536,61,0.8641117811203003,2603.20996,False,True
2603.17536,62,0.8639659881591797,2106.07194,False,True
2603.17536,63,0.863918125629425,2212.12708,False,False
2603.17536,64,0.8638070821762085,1711.06493,False,True
2603.17536,65,0.8637397289276123,2210.11595,False,False
2603.17536,66,0.8633750677108765,2401.12328,False,True
2603.17536,67,0.8633438944816589,1902.09920,False,False
2603.17536,68,0.8629165291786194,1901.10594,False,True
2603.17536,69,0.8625458478927612,2204.00676,False,True
2603.17536,70,0.8613331317901611,math/9908162,False,False
2603.17536,71,0.8608244061470032,hep-th/9209080,False,False
2603.17536,72,0.8606435656547546,1606.08670,False,True
2603.17536,73,0.8604879379272461,2007.00249,False,False
2603.17536,74,0.860057532787323,2411.03384,False,False
2603.17536,75,0.8599188923835754,1508.07726,False,False
2603.17536,76,0.8597339391708374,2007.06132,False,False
2603.17536,77,0.8597217202186584,1712.01343,False,True
2603.17536,78,0.859710693359375,nlin/0111021,False,False
2603.17536,79,0.8596580624580383,1509.04566,False,False
2603.17536,80,0.8594378232955933,2210.05469,False,False
2603.17536,81,0.8591971397399902,1611.02786,True,False
2603.17536,82,0.8580777049064636,0803.1653,False,True
2603.17536,83,0.8579086065292358,2111.03769,False,True
2603.17536,84,0.857541024684906,1805.05558,False,False
2603.17536,85,0.8573891520500183,2006.01215,False,False
2603.17536,86,0.8572593927383423,2506.07892,False,True
2603.17536,87,0.8568040132522583,2104.12007,False,False
2603.17536,88,0.8566606044769287,1710.01721,False,True
2603.17536,89,0.8566291332244873,1004.1500,False,False
2603.17536,90,0.8565238118171692,2511.06100,False,True
2603.17536,91,0.8564897775650024,0707.0313,False,False
2603.17536,92,0.8564547300338745,1505.06394,False,False
2603.17536,93,0.8562778234481812,2012.05026,False,True
2603.17536,94,0.8561768531799316,1603.03000,False,True
2603.17536,95,0.8560302257537842,1606.06798,False,False
2603.17536,96,0.855756938457489,1811.11543,False,True
2603.17536,97,0.855434775352478,1501.01945,False,True
2603.17536,98,0.8553796410560608,gr-qc/0506037,False,False
2603.17536,99,0.8552585244178772,2002.09555,False,True
2603.17536,100,0.8551021218299866,1309.4245,False,False
2603.28815,1,0.8679683208465576,2604.17870,False,False
2603.28815,2,0.8515270948410034,2605.13044,False,True
2603.28815,3,0.8495948910713196,2503.12687,False,True
2603.28815,4,0.8463081121444702,2603.20925,False,True
2603.28815,5,0.8399434089660645,2602.17753,False,True
2603.28815,6,0.8391944766044617,2602.11619,False,True
2603.28815,7,0.8344756364822388,1912.01217,False,True
2603.28815,8,0.832909107208252,2510.23883,False,True
2603.28815,9,0.8323620557785034,2507.02977,False,True
2603.28815,10,0.8318850994110107,2511.20703,False,True
2603.28815,11,0.8312734365463257,2512.03109,False,True
2603.28815,12,0.8309338092803955,2606.00135,False,True
2603.28815,13,0.8292157649993896,2606.00822,False,True
2603.28815,14,0.8267034292221069,2512.11979,False,True
2603.28815,15,0.8253810405731201,2410.07976,False,False
2603.28815,16,0.8209222555160522,2209.13085,False,False
2603.28815,17,0.8194887638092041,2405.05066,False,True
2603.28815,18,0.819054126739502,2505.15935,False,True
2603.28815,19,0.8190240263938904,2112.11230,False,True
2603.28815,20,0.8176831007003784,1905.01652,False,True
2603.28815,21,0.8138404488563538,2508.08283,False,True
2603.28815,22,0.8108471035957336,2505.21808,False,False
2603.28815,23,0.8108164072036743,2603.03515,False,True
2603.28815,24,0.8106778860092163,2510.18170,False,True
2603.28815,25,0.8106070756912231,2505.07757,False,True
2603.28815,26,0.8100118637084961,2508.19488,False,True
2603.28815,27,0.8095818161964417,2401.05290,False,False
2603.28815,28,0.8081361055374146,2310.13004,False,True
2603.28815,29,0.8066799640655518,2604.14465,False,True
2603.28815,30,0.8059054017066956,1812.11571,False,False
2603.28815,31,0.8057165741920471,2602.00456,False,True
2603.28815,32,0.8054332137107849,2409.14491,False,False
2603.28815,33,0.8051913380622864,2007.09185,False,True
2603.28815,34,0.805168628692627,1910.05789,False,True
2603.28815,35,0.8049474358558655,2601.05214,False,True
2603.28815,36,0.8045554757118225,2308.10721,False,True
2603.28815,37,0.8037735223770142,2603.11677,False,True
2603.28815,38,0.8034970760345459,2602.10604,False,True
2603.28815,39,0.8023218512535095,2605.02900,False,True
2603.28815,40,0.8022602200508118,2606.05563,False,True
2603.28815,41,0.8014101982116699,2602.11348,False,True
2603.28815,42,0.800392746925354,2606.02404,False,False
2603.28815,43,0.7998702526092529,2505.14569,False,True
2603.28815,44,0.7987555265426636,2306.04585,False,False
2603.28815,45,0.7987121939659119,2502.09861,False,True
2603.28815,46,0.798263430595398,2606.14832,False,False
2603.28815,47,0.7982200980186462,2307.11516,False,True
2603.28815,48,0.7980133891105652,2601.03923,False,True
2603.28815,49,0.7979872822761536,2603.02635,False,False
2603.28815,50,0.7979399561882019,2410.18416,False,False
2603.28815,51,0.7975168824195862,2312.15198,False,True
2603.28815,52,0.7966643571853638,2503.05891,False,False
2603.28815,53,0.7958372831344604,2401.15026,False,False
2603.28815,54,0.7957484722137451,2004.05363,False,False
2603.28815,55,0.7947688698768616,2601.16964,False,True
2603.28815,56,0.7947221398353577,2605.29796,False,True
2603.28815,57,0.7939636707305908,2603.19328,False,True
2603.28815,58,0.7929589152336121,2603.21340,False,True
2603.28815,59,0.7909582257270813,2606.13662,False,True
2603.28815,60,0.790637731552124,2604.03244,False,True
2603.28815,61,0.7902282476425171,2604.09813,False,True
2603.28815,62,0.790161669254303,2508.19152,False,True
2603.28815,63,0.7899601459503174,2411.10488,False,True
2603.28815,64,0.7895729541778564,2307.09668,False,True
2603.28815,65,0.7894649505615234,2605.26596,False,True
2603.28815,66,0.7891090512275696,2605.02028,False,False
2603.28815,67,0.7890462279319763,2606.04779,False,True
2603.28815,68,0.7887203693389893,2509.00591,False,False
2603.28815,69,0.7885617017745972,2507.02097,False,False
2603.28815,70,0.7885580658912659,2606.05614,False,True
2603.28815,71,0.7885067462921143,2606.07594,False,True
2603.28815,72,0.7881950736045837,2505.11289,False,True
2603.28815,73,0.788154661655426,2106.03352,False,True
2603.28815,74,0.7873291969299316,2511.01078,False,False
2603.28815,75,0.7873199582099915,1607.00913,False,True
2603.28815,76,0.7869871854782104,2410.22457,False,True
2603.28815,77,0.7862752079963684,2508.08636,False,False
2603.28815,78,0.7860561013221741,2602.04742,False,False
2603.28815,79,0.7859010100364685,2601.18552,False,False
2603.28815,80,0.7858469486236572,2201.00345,False,False
2603.28815,81,0.785611093044281,2511.04220,False,True
2603.28815,82,0.7845094799995422,2002.05648,False,True
2603.28815,83,0.7843058109283447,2601.13812,False,False
2603.28815,84,0.7838982939720154,2505.10309,False,True
2603.28815,85,0.7834450006484985,2605.15188,False,True
2603.28815,86,0.7833223342895508,2305.02128,False,True
2603.28815,87,0.7832896113395691,2009.01791,False,True
2603.28815,88,0.7827935218811035,2510.06214,False,True
2603.28815,89,0.7827460765838623,2510.01367,False,True
2603.28815,90,0.7827422618865967,2508.13220,False,True
2603.28815,91,0.7826061844825745,2408.02529,False,True
2603.28815,92,0.7825292348861694,2510.11701,False,False
2603.28815,93,0.7823262214660645,1602.07290,False,False
2603.28815,94,0.7822312116622925,2406.12934,False,True
2603.28815,95,0.7821851372718811,1704.05539,False,True
2603.28815,96,0.7821699380874634,2101.05744,False,False
2603.28815,97,0.7818263173103333,2605.24462,False,False
2603.28815,98,0.781681478023529,2406.06225,False,True
2603.28815,99,0.7816520929336548,2506.04821,False,False
2603.28815,100,0.7815970182418823,1107.5537,False,True
2605.21580,1,0.915963888168335,1911.07946,False,True
2605.21580,2,0.9070155620574951,astro-ph/0611461,False,False
2605.21580,3,0.9012148976325989,astro-ph/0211062,True,False
2605.21580,4,0.896384060382843,astro-ph/0301259,False,False
2605.21580,5,0.8953253030776978,astro-ph/0610318,False,False
2605.21580,6,0.8947054743766785,2512.16988,False,True
2605.21580,7,0.8937883377075195,2106.00699,False,True
2605.21580,8,0.8937128782272339,1311.7506,True,True
2605.21580,9,0.8933795690536499,2509.04706,False,True
2605.21580,10,0.8929391503334045,1303.2158,False,True
2605.21580,11,0.8923733830451965,0802.0167,False,False
2605.21580,12,0.891857922077179,2402.04443,False,True
2605.21580,13,0.8916961550712585,2301.07039,False,True
2605.21580,14,0.891141414642334,astro-ph/0605626,False,False
2605.21580,15,0.8910653591156006,2302.10962,False,True
2605.21580,16,0.8894841074943542,2605.20596,False,True
2605.21580,17,0.8893516659736633,astro-ph/0409174,False,False
2605.21580,18,0.8888435363769531,0802.3995,False,False
2605.21580,19,0.8878753781318665,1211.2161,False,True
2605.21580,20,0.8875758647918701,1208.5279,False,True
2605.21580,21,0.8859619498252869,1908.11562,False,True
2605.21580,22,0.8857957720756531,2410.06448,False,True
2605.21580,23,0.8854843378067017,0710.5207,False,False
2605.21580,24,0.8849675059318542,1803.02381,False,True
2605.21580,25,0.8847742676734924,2004.02904,False,True
2605.21580,26,0.8846633434295654,2307.15740,False,True
2605.21580,27,0.8844720125198364,1901.04769,False,True
2605.21580,28,0.8824667930603027,astro-ph/0003441,False,False
2605.21580,29,0.8823875188827515,astro-ph/0008062,False,False
2605.21580,30,0.8823156356811523,1209.4079,False,True
2605.21580,31,0.8821998238563538,2504.07621,False,True
2605.21580,32,0.8815114498138428,1406.1183,False,True
2605.21580,33,0.8811826705932617,astro-ph/0602230,False,False
2605.21580,34,0.8809077143669128,astro-ph/0511618,False,False
2605.21580,35,0.8808835744857788,2005.07653,False,True
2605.21580,36,0.8808468580245972,2103.10447,False,True
2605.21580,37,0.8807328939437866,1701.06835,False,True
2605.21580,38,0.880489706993103,1007.2795,False,True
2605.21580,39,0.8803349137306213,1410.3824,False,True
2605.21580,40,0.8793550133705139,astro-ph/9903301,False,False
2605.21580,41,0.8790348768234253,astro-ph/0410510,False,False
2605.21580,42,0.8789068460464478,1407.7076,False,True
2605.21580,43,0.8787219524383545,1511.07640,False,True
2605.21580,44,0.8787187337875366,0706.1213,False,False
2605.21580,45,0.878612756729126,astro-ph/9708095,False,False
2605.21580,46,0.8785030245780945,1405.6051,False,True
2605.21580,47,0.878272533416748,1602.05206,False,True
2605.21580,48,0.8781474828720093,1804.00659,False,True
2605.21580,49,0.8780328631401062,0810.3848,False,False
2605.21580,50,0.8773993253707886,1908.10045,False,True
2605.21580,51,0.8773186802864075,astro-ph/0608215,False,False
2605.21580,52,0.8773148059844971,2603.14560,False,True
2605.21580,53,0.877190887928009,1510.07448,False,True
2605.21580,54,0.8770714998245239,2601.12773,False,True
2605.21580,55,0.8766136169433594,0906.1799,False,True
2605.21580,56,0.8759793043136597,2502.02644,False,True
2605.21580,57,0.8759686350822449,1903.01995,False,True
2605.21580,58,0.8759651184082031,astro-ph/0306019,False,False
2605.21580,59,0.8756318092346191,1101.1430,False,True
2605.21580,60,0.8753153681755066,1009.5367,False,True
2605.21580,61,0.8751835823059082,2311.06332,False,True
2605.21580,62,0.8751091957092285,astro-ph/0302324,False,False
2605.21580,63,0.8747086524963379,0811.0163,False,False
2605.21580,64,0.8745977878570557,2510.05312,False,True
2605.21580,65,0.8744992613792419,1711.07142,False,True
2605.21580,66,0.874129593372345,2507.15962,False,True
2605.21580,67,0.8733081221580505,2406.08059,False,True
2605.21580,68,0.8725180625915527,1003.5942,False,True
2605.21580,69,0.8724955320358276,astro-ph/9901297,False,False
2605.21580,70,0.8724076151847839,0802.2663,False,False
2605.21580,71,0.8721867203712463,1403.7288,False,True
2605.21580,72,0.8721674680709839,astro-ph/0201068,False,False
2605.21580,73,0.8719431161880493,2403.13993,False,True
2605.21580,74,0.8716037273406982,astro-ph/0702716,False,False
2605.21580,75,0.8715737462043762,1102.5198,False,True
2605.21580,76,0.8714718222618103,0903.2482,False,True
2605.21580,77,0.8708632588386536,1203.0487,False,True
2605.21580,78,0.870711624622345,1606.01262,False,True
2605.21580,79,0.8706120848655701,1003.0658,True,True
2605.21580,80,0.8705480098724365,astro-ph/9906009,False,False
2605.21580,81,0.8704400062561035,0910.1598,False,False
2605.21580,82,0.8702763319015503,astro-ph/0504424,True,False
2605.21580,83,0.8701518774032593,1903.00083,False,True
2605.21580,84,0.8697779774665833,1112.0691,False,True
2605.21580,85,0.8697675466537476,2310.10589,False,True
2605.21580,86,0.8697590231895447,1902.04532,False,True
2605.21580,87,0.8697430491447449,2504.04522,False,True
2605.21580,88,0.8696045279502869,astro-ph/9806252,False,False
2605.21580,89,0.869592010974884,1705.09332,False,True
2605.21580,90,0.8689579963684082,gr-qc/9903105,False,False
2605.21580,91,0.8688939213752747,1510.01879,False,True
2605.21580,92,0.868880569934845,2408.13076,False,True
2605.21580,93,0.8688094615936279,1303.2393,True,True
2605.21580,94,0.8688004612922668,1111.5012,False,True
2605.21580,95,0.8687492609024048,astro-ph/0502022,False,False
2605.21580,96,0.8685303926467896,1611.09910,False,True
2605.21580,97,0.8684202432632446,1302.1363,False,False
2605.21580,98,0.86839359998703,2105.11530,False,True
2605.21580,99,0.8681777715682983,2503.10958,False,True
2605.21580,100,0.8681265711784363,1205.2010,False,True
cond-mat/0401469,1,0.8618394136428833,1307.3575,False,False
cond-mat/0401469,2,0.855958104133606,1609.03732,False,False
cond-mat/0401469,3,0.8550915122032166,0802.2233,False,False
cond-mat/0401469,4,0.853819727897644,cond-mat/0602307,False,True
cond-mat/0401469,5,0.8437467217445374,2506.13913,False,False
cond-mat/0401469,6,0.8432911038398743,cond-mat/9705230,False,True
cond-mat/0401469,7,0.8418415784835815,cond-mat/0511525,False,True
cond-mat/0401469,8,0.8403740525245667,2406.09380,False,False
cond-mat/0401469,9,0.8386648893356323,2111.09674,False,False
cond-mat/0401469,10,0.8386155366897583,0904.4097,False,True
cond-mat/0401469,11,0.8381696343421936,math-ph/0607038,True,False
cond-mat/0401469,12,0.8363626003265381,cond-mat/0404593,False,True
cond-mat/0401469,13,0.8335429430007935,1402.1581,False,True
cond-mat/0401469,14,0.8307586312294006,1207.2873,False,False
cond-mat/0401469,15,0.8292601108551025,1703.03237,False,True
cond-mat/0401469,16,0.8276740312576294,2209.11725,False,False
cond-mat/0401469,17,0.8268911838531494,1510.05573,False,False
cond-mat/0401469,18,0.8252468109130859,1406.6191,False,True
cond-mat/0401469,19,0.8248473405838013,quant-ph/0303081,False,False
cond-mat/0401469,20,0.8243538737297058,1208.3538,False,False
cond-mat/0401469,21,0.8233405947685242,1702.00149,False,True
cond-mat/0401469,22,0.8224003314971924,2206.13565,False,True
cond-mat/0401469,23,0.8220303654670715,2507.07200,False,False
cond-mat/0401469,24,0.8218939900398254,2106.13836,False,False
cond-mat/0401469,25,0.8218041658401489,2004.14081,False,False
cond-mat/0401469,26,0.8216080665588379,2209.09888,False,False
cond-mat/0401469,27,0.8215867877006531,1510.01474,False,True
cond-mat/0401469,28,0.8215836882591248,1312.1274,False,True
cond-mat/0401469,29,0.8209783434867859,1603.07806,False,False
cond-mat/0401469,30,0.8209219574928284,math/0509458,False,False
cond-mat/0401469,31,0.820293664932251,cond-mat/0012410,False,True
cond-mat/0401469,32,0.8202252984046936,1808.04787,False,False
cond-mat/0401469,33,0.8201768398284912,cond-mat/0703709,False,True
cond-mat/0401469,34,0.8198933601379395,1907.03546,False,False
cond-mat/0401469,35,0.8195422887802124,0710.3386,False,True
cond-mat/0401469,36,0.8194798827171326,1006.1084,False,False
cond-mat/0401469,37,0.819032609462738,math/0703017,False,False
cond-mat/0401469,38,0.8177415132522583,2601.06020,False,False
cond-mat/0401469,39,0.8174101114273071,1502.05972,False,True
cond-mat/0401469,40,0.8165667653083801,1208.3358,False,False
cond-mat/0401469,41,0.8161935806274414,1712.01343,False,False
cond-mat/0401469,42,0.8159476518630981,1312.2499,False,True
cond-mat/0401469,43,0.8153796195983887,1612.04574,False,True
cond-mat/0401469,44,0.8149428963661194,1207.1574,False,False
cond-mat/0401469,45,0.8149232864379883,cond-mat/0011174,True,True
cond-mat/0401469,46,0.8148747086524963,1602.05247,False,False
cond-mat/0401469,47,0.8147416114807129,2603.19430,False,True
cond-mat/0401469,48,0.8145455121994019,1301.7196,False,False
cond-mat/0401469,49,0.8142361044883728,2003.05338,False,False
cond-mat/0401469,50,0.8139868378639221,1103.4840,False,True
cond-mat/0401469,51,0.8132369518280029,1403.1060,False,False
cond-mat/0401469,52,0.8131665587425232,1707.00973,False,False
cond-mat/0401469,53,0.8126847147941589,1906.10069,False,True
cond-mat/0401469,54,0.8122701644897461,1211.6072,False,False
cond-mat/0401469,55,0.8120160102844238,1410.4832,False,False
cond-mat/0401469,56,0.8118634223937988,2112.14832,False,False
cond-mat/0401469,57,0.8113746047019958,math/0212398,False,False
cond-mat/0401469,58,0.8113433718681335,1410.3661,False,False
cond-mat/0401469,59,0.8110010623931885,1601.06219,False,False
cond-mat/0401469,60,0.8108309507369995,math/0408241,False,False
cond-mat/0401469,61,0.8102211356163025,2412.21025,False,False
cond-mat/0401469,62,0.8102095127105713,math/0011089,False,False
cond-mat/0401469,63,0.8101571202278137,hep-th/9303055,False,False
cond-mat/0401469,64,0.8096818923950195,2310.16926,False,True
cond-mat/0401469,65,0.8094756603240967,1612.01470,False,True
cond-mat/0401469,66,0.8094134330749512,physics/0304036,False,True
cond-mat/0401469,67,0.8089730739593506,1102.5245,False,False
cond-mat/0401469,68,0.8089287877082825,nlin/0405006,False,False
cond-mat/0401469,69,0.8089097142219543,1102.0943,False,False
cond-mat/0401469,70,0.808844804763794,1003.3024,False,False
cond-mat/0401469,71,0.8086972236633301,physics/0409027,False,False
cond-mat/0401469,72,0.8086449503898621,2102.00960,False,True
cond-mat/0401469,73,0.8085878491401672,2402.01572,False,False
cond-mat/0401469,74,0.8083586096763611,1309.1372,False,False
cond-mat/0401469,75,0.8083025217056274,2310.06057,False,False
cond-mat/0401469,76,0.8081457614898682,0808.3631,False,False
cond-mat/0401469,77,0.8080450892448425,1007.1818,False,True
cond-mat/0401469,78,0.8078590631484985,2302.13566,False,True
cond-mat/0401469,79,0.8078098893165588,1012.1136,False,True
cond-mat/0401469,80,0.8076580166816711,1305.0768,False,False
cond-mat/0401469,81,0.8074768781661987,0907.3294,False,True
cond-mat/0401469,82,0.8074100613594055,2411.05678,False,False
cond-mat/0401469,83,0.8070845007896423,2402.13167,False,False
cond-mat/0401469,84,0.8070809841156006,2108.14005,False,True
cond-mat/0401469,85,0.8069509267807007,0708.0138,False,False
cond-mat/0401469,86,0.8067355751991272,1609.04559,False,False
cond-mat/0401469,87,0.8064480423927307,1808.09668,False,True
cond-mat/0401469,88,0.8064404726028442,1409.5802,True,True
cond-mat/0401469,89,0.8063579797744751,1607.08804,False,True
cond-mat/0401469,90,0.8062944412231445,1303.7255,False,False
cond-mat/0401469,91,0.8062595725059509,1808.04140,False,False
cond-mat/0401469,92,0.8061515688896179,2605.19023,False,True
cond-mat/0401469,93,0.8060978055000305,0804.2345,False,False
cond-mat/0401469,94,0.8059520125389099,1802.07356,False,True
cond-mat/0401469,95,0.8059272766113281,1302.6083,True,False
cond-mat/0401469,96,0.8059061765670776,2012.07039,False,False
cond-mat/0401469,97,0.8058969378471375,1609.04424,False,False
cond-mat/0401469,98,0.8058837652206421,1505.07746,False,False
cond-mat/0401469,99,0.8057435154914856,1011.3262,False,False
cond-mat/0401469,100,0.8056908845901489,2303.00107,False,True
cond-mat/0504200,1,0.8564842343330383,1701.00859,False,True
cond-mat/0504200,2,0.8538023233413696,2010.08305,False,False
cond-mat/0504200,3,0.8480346202850342,2105.08751,False,True
cond-mat/0504200,4,0.8418209552764893,2008.13709,False,True
cond-mat/0504200,5,0.8319209814071655,2202.04758,False,True
cond-mat/0504200,6,0.8273832201957703,1610.00062,False,True
cond-mat/0504200,7,0.8269630670547485,2603.25847,False,True
cond-mat/0504200,8,0.8256277441978455,2405.07617,False,True
cond-mat/0504200,9,0.8216253519058228,2402.06553,False,True
cond-mat/0504200,10,0.8201463222503662,2106.00946,False,True
cond-mat/0504200,11,0.8168426752090454,1403.6269,False,True
cond-mat/0504200,12,0.8154599070549011,1010.1785,False,True
cond-mat/0504200,13,0.8124821186065674,1910.07953,False,True
cond-mat/0504200,14,0.8111423254013062,2502.02551,False,True
cond-mat/0504200,15,0.8075150847434998,2401.03316,False,False
cond-mat/0504200,16,0.806525707244873,2407.06850,False,True
cond-mat/0504200,17,0.8063018918037415,2309.05593,False,False
cond-mat/0504200,18,0.8057029247283936,2303.11202,False,False
cond-mat/0504200,19,0.8048998117446899,2310.12484,False,False
cond-mat/0504200,20,0.8046392798423767,2203.01833,False,True
cond-mat/0504200,21,0.8039823174476624,2501.16736,False,True
cond-mat/0504200,22,0.8033546209335327,2512.24455,False,True
cond-mat/0504200,23,0.8022981882095337,2309.04017,False,True
cond-mat/0504200,24,0.8014909029006958,cond-mat/0204419,False,True
cond-mat/0504200,25,0.8008145093917847,2509.07870,False,True
cond-mat/0504200,26,0.8004883527755737,0908.0396,False,True
cond-mat/0504200,27,0.7998332381248474,1804.01938,False,False
cond-mat/0504200,28,0.7996551394462585,2502.00985,False,True
cond-mat/0504200,29,0.7988990545272827,1212.2038,False,False
cond-mat/0504200,30,0.7984889149665833,2603.29934,False,True
cond-mat/0504200,31,0.7981289625167847,1810.11108,False,True
cond-mat/0504200,32,0.7978311777114868,2311.05216,False,True
cond-mat/0504200,33,0.7971706986427307,cond-mat/0412376,False,False
cond-mat/0504200,34,0.7955038547515869,1709.07201,False,True
cond-mat/0504200,35,0.7947189807891846,0901.2973,False,True
cond-mat/0504200,36,0.7946295738220215,2204.01181,False,True
cond-mat/0504200,37,0.7929007411003113,2309.00099,False,True
cond-mat/0504200,38,0.7904024124145508,1811.12777,False,True
cond-mat/0504200,39,0.7895193099975586,1911.12936,False,True
cond-mat/0504200,40,0.7891464829444885,2407.19609,False,True
cond-mat/0504200,41,0.7888229489326477,2302.14394,False,True
cond-mat/0504200,42,0.7881767153739929,2509.00947,False,False
cond-mat/0504200,43,0.7876316905021667,2404.08651,False,True
cond-mat/0504200,44,0.7875539064407349,1907.13509,False,True
cond-mat/0504200,45,0.7872459888458252,2209.00558,False,True
cond-mat/0504200,46,0.7869716286659241,2407.06587,False,True
cond-mat/0504200,47,0.7864842414855957,2312.03711,True,True
cond-mat/0504200,48,0.7862746715545654,2206.04174,False,True
cond-mat/0504200,49,0.7862362265586853,cond-mat/0509730,False,True
cond-mat/0504200,50,0.7849102020263672,1106.3849,False,True
cond-mat/0504200,51,0.7844854593276978,2603.10968,False,True
cond-mat/0504200,52,0.7843848466873169,2603.08858,False,True
cond-mat/0504200,53,0.7843044996261597,1906.03047,False,False
cond-mat/0504200,54,0.7836906909942627,2104.10293,False,True
cond-mat/0504200,55,0.783206582069397,2602.10839,False,False
cond-mat/0504200,56,0.7831845283508301,2102.05022,False,True
cond-mat/0504200,57,0.782867431640625,cond-mat/0606427,False,True
cond-mat/0504200,58,0.7826667428016663,1811.06485,False,False
cond-mat/0504200,59,0.7825886011123657,2308.03860,False,True
cond-mat/0504200,60,0.782311201095581,1907.05485,False,False
cond-mat/0504200,61,0.782213568687439,1306.1077,False,True
cond-mat/0504200,62,0.7821115255355835,2102.12167,False,False
cond-mat/0504200,63,0.781552255153656,1803.06780,False,True
cond-mat/0504200,64,0.7814934849739075,2511.17395,False,False
cond-mat/0504200,65,0.7804127931594849,1809.09862,False,False
cond-mat/0504200,66,0.7803869247436523,1907.05591,False,True
cond-mat/0504200,67,0.7800247073173523,2201.12768,False,False
cond-mat/0504200,68,0.7799268960952759,1810.12131,False,False
cond-mat/0504200,69,0.7799044847488403,1908.08665,False,True
cond-mat/0504200,70,0.7798063158988953,2005.14574,False,False
cond-mat/0504200,71,0.7796880006790161,1302.3139,False,True
cond-mat/0504200,72,0.7796519994735718,2307.11189,False,True
cond-mat/0504200,73,0.7794150114059448,1802.00275,False,True
cond-mat/0504200,74,0.7791392207145691,2012.04260,False,True
cond-mat/0504200,75,0.7782607078552246,2504.16603,False,True
cond-mat/0504200,76,0.7780131101608276,cond-mat/0506022,False,True
cond-mat/0504200,77,0.7776729464530945,2509.01524,False,False
cond-mat/0504200,78,0.7773352861404419,2209.11743,False,False
cond-mat/0504200,79,0.7772217392921448,2102.07323,False,False
cond-mat/0504200,80,0.7772184014320374,cond-mat/0409019,False,False
cond-mat/0504200,81,0.7770963311195374,1304.5733,False,True
cond-mat/0504200,82,0.7765253782272339,2206.04768,False,True
cond-mat/0504200,83,0.7764813303947449,2201.04340,False,False
cond-mat/0504200,84,0.7758427858352661,2305.07252,False,False
cond-mat/0504200,85,0.7756854891777039,1411.5903,False,True
cond-mat/0504200,86,0.7756476998329163,1203.5681,False,True
cond-mat/0504200,87,0.7755594849586487,2004.14915,False,True
cond-mat/0504200,88,0.7754789590835571,1702.04012,False,False
cond-mat/0504200,89,0.7749979496002197,2605.18668,False,False
cond-mat/0504200,90,0.7746015787124634,1608.07119,False,True
cond-mat/0504200,91,0.7744733095169067,2409.10321,False,True
cond-mat/0504200,92,0.7742661237716675,1704.00263,False,True
cond-mat/0504200,93,0.7739099264144897,1910.10737,False,False
cond-mat/0504200,94,0.7738254070281982,2206.14315,False,True
cond-mat/0504200,95,0.7734948396682739,2107.03866,False,False
cond-mat/0504200,96,0.7734929323196411,cond-mat/0109465,False,True
cond-mat/0504200,97,0.7734744548797607,1402.1961,False,False
cond-mat/0504200,98,0.7731797695159912,2502.17985,False,True
cond-mat/0504200,99,0.7726112604141235,2011.13693,False,True
cond-mat/0504200,100,0.7723934650421143,2006.15896,False,True
hep-ph/0310257,1,0.918876051902771,hep-ph/9705411,False,True
hep-ph/0310257,2,0.9157696962356567,hep-ph/9801235,False,True
hep-ph/0310257,3,0.9088568091392517,hep-ph/0306195,False,True
hep-ph/0310257,4,0.9080278277397156,1904.07371,False,True
hep-ph/0310257,5,0.9076204299926758,0705.2275,False,True
hep-ph/0310257,6,0.9075536727905273,1006.0949,False,True
hep-ph/0310257,7,0.9075116515159607,1508.01645,False,True
hep-ph/0310257,8,0.9047611355781555,hep-ph/0606104,False,True
hep-ph/0310257,9,0.9013445377349854,1907.04338,False,True
hep-ph/0310257,10,0.9007732272148132,hep-ph/9502206,False,True
hep-ph/0310257,11,0.8998806476593018,1711.09194,False,True
hep-ph/0310257,12,0.8994432687759399,hep-ph/0307190,False,True
hep-ph/0310257,13,0.8991279006004333,hep-ph/9402254,False,True
hep-ph/0310257,14,0.8980516195297241,2106.07934,False,True
hep-ph/0310257,15,0.897800862789154,1011.3621,False,True
hep-ph/0310257,16,0.8975589871406555,1905.02323,False,True
hep-ph/0310257,17,0.896385133266449,hep-ph/9712516,False,True
hep-ph/0310257,18,0.8962231874465942,1111.0528,False,True
hep-ph/0310257,19,0.8953022956848145,1007.2310,False,True
hep-ph/0310257,20,0.8950435519218445,hep-ph/0201247,False,True
hep-ph/0310257,21,0.8945230841636658,1309.7223,False,True
hep-ph/0310257,22,0.8944981694221497,0809.3453,True,True
hep-ph/0310257,23,0.8938078284263611,hep-ph/9412367,False,True
hep-ph/0310257,24,0.8931277990341187,2312.09179,False,True
hep-ph/0310257,25,0.8930583000183105,1907.05829,False,True
hep-ph/0310257,26,0.8926562070846558,1601.06657,False,True
hep-ph/0310257,27,0.8924094438552856,1012.3401,False,False
hep-ph/0310257,28,0.892197847366333,hep-th/0409043,False,False
hep-ph/0310257,29,0.8920630216598511,1212.2655,False,True
hep-ph/0310257,30,0.8920462727546692,hep-ph/0002066,False,True
hep-ph/0310257,31,0.8917840719223022,hep-ph/0002067,False,True
hep-ph/0310257,32,0.8913344144821167,hep-ph/9804228,False,True
hep-ph/0310257,33,0.8907728791236877,hep-ph/9909448,False,True
hep-ph/0310257,34,0.8905665874481201,2508.11160,False,True
hep-ph/0310257,35,0.8897521495819092,hep-th/0405242,False,False
hep-ph/0310257,36,0.8895693421363831,1202.1297,True,True
hep-ph/0310257,37,0.8892467021942139,hep-ph/9907331,False,True
hep-ph/0310257,38,0.8892176747322083,1007.5439,False,True
hep-ph/0310257,39,0.8891690969467163,1610.09840,False,True
hep-ph/0310257,40,0.8883174061775208,0807.2259,False,True
hep-ph/0310257,41,0.8877004384994507,hep-ph/9307201,False,True
hep-ph/0310257,42,0.8875093460083008,hep-th/0103116,False,False
hep-ph/0310257,43,0.887509286403656,1704.03382,False,True
hep-ph/0310257,44,0.8874592781066895,hep-ph/9609391,False,True
hep-ph/0310257,45,0.8870986700057983,2412.01647,False,False
hep-ph/0310257,46,0.8867199420928955,hep-ph/0206118,False,True
hep-ph/0310257,47,0.8865455389022827,1902.11076,False,True
hep-ph/0310257,48,0.8851260542869568,hep-ph/0408260,False,True
hep-ph/0310257,49,0.8841891288757324,0807.4936,False,True
hep-ph/0310257,50,0.8838312029838562,hep-ph/0311034,False,True
hep-ph/0310257,51,0.8835240006446838,hep-ph/0411090,False,True
hep-ph/0310257,52,0.883354663848877,2501.03872,False,True
hep-ph/0310257,53,0.882568359375,1403.5046,False,False
hep-ph/0310257,54,0.8825042247772217,1508.00585,False,True
hep-ph/0310257,55,0.8823196887969971,1212.4304,False,True
hep-ph/0310257,56,0.8819657564163208,0811.3470,False,True
hep-ph/0310257,57,0.8814475536346436,hep-ph/9609458,False,True
hep-ph/0310257,58,0.8813364505767822,hep-th/0512078,False,True
hep-ph/0310257,59,0.881199836730957,hep-th/9708007,False,False
hep-ph/0310257,60,0.8811177015304565,hep-ph/0407312,False,True
hep-ph/0310257,61,0.8810948133468628,1403.7167,False,False
hep-ph/0310257,62,0.8809869289398193,1206.4966,False,False
hep-ph/0310257,63,0.8806301355361938,1208.3867,False,True
hep-ph/0310257,64,0.8806276917457581,hep-th/0107263,False,False
hep-ph/0310257,65,0.8806180953979492,hep-ph/0703299,True,True
hep-ph/0310257,66,0.8803263306617737,2603.09520,False,False
hep-ph/0310257,67,0.8802692890167236,2506.16693,False,True
hep-ph/0310257,68,0.8801059722900391,hep-ph/0109251,False,True
hep-ph/0310257,69,0.8799554109573364,1811.02560,False,True
hep-ph/0310257,70,0.8798846006393433,0706.0473,False,True
hep-ph/0310257,71,0.8795347809791565,1007.3060,False,True
hep-ph/0310257,72,0.8792562484741211,hep-ph/0610009,False,True
hep-ph/0310257,73,0.8791624307632446,1406.0093,False,True
hep-ph/0310257,74,0.8791109323501587,2504.06190,False,False
hep-ph/0310257,75,0.879025399684906,1401.2613,False,False
hep-ph/0310257,76,0.8788256645202637,hep-th/0403058,False,True
hep-ph/0310257,77,0.8787462115287781,1003.5018,False,False
hep-ph/0310257,78,0.8786075115203857,2402.00609,False,False
hep-ph/0310257,79,0.8784894943237305,0807.3196,False,False
hep-ph/0310257,80,0.8781808614730835,hep-th/9805172,False,False
hep-ph/0310257,81,0.8778942227363586,2412.19369,False,True
hep-ph/0310257,82,0.8774846196174622,2109.03109,False,True
hep-ph/0310257,83,0.8773919343948364,1710.03760,False,True
hep-ph/0310257,84,0.8773763179779053,hep-ph/9812484,False,True
hep-ph/0310257,85,0.877208948135376,0912.3997,False,True
hep-ph/0310257,86,0.8772065043449402,hep-th/9908085,True,False
hep-ph/0310257,87,0.877017080783844,2605.26202,False,True
hep-ph/0310257,88,0.8770110011100769,2101.03506,False,True
hep-ph/0310257,89,0.8768104314804077,0712.2419,False,True
hep-ph/0310257,90,0.8763211965560913,0904.2137,False,True
hep-ph/0310257,91,0.876091480255127,hep-th/0202047,False,True
hep-ph/0310257,92,0.8759779930114746,1505.05834,False,False
hep-ph/0310257,93,0.875791072845459,0710.2058,False,True
hep-ph/0310257,94,0.8757362961769104,0907.1878,False,True
hep-ph/0310257,95,0.8756983280181885,hep-ph/9805246,False,True
hep-ph/0310257,96,0.8753296732902527,hep-th/9606034,False,False
hep-ph/0310257,97,0.8751760721206665,hep-ph/9504213,False,True
hep-ph/0310257,98,0.8746269345283508,1804.05396,False,False
hep-ph/0310257,99,0.8746176362037659,1502.04140,False,True
hep-ph/0310257,100,0.8746161460876465,hep-ph/9704349,False,True
hep-th/9505153,1,0.8199355602264404,0907.5216,False,False
hep-th/9505153,2,0.8066930174827576,1405.5984,False,False
hep-th/9505153,3,0.8011105060577393,2003.04717,False,True
hep-th/9505153,4,0.7995510697364807,hep-ph/0007138,False,False
hep-th/9505153,5,0.7979642152786255,nucl-th/0605043,False,False
hep-th/9505153,6,0.796964704990387,physics/0511088,False,False
hep-th/9505153,7,0.7955347895622253,0906.4841,True,False
hep-th/9505153,8,0.7950015068054199,hep-th/9504158,False,True
hep-th/9505153,9,0.7948594093322754,1205.5228,False,False
hep-th/9505153,10,0.7942634224891663,0802.1913,False,True
hep-th/9505153,11,0.7941481471061707,cond-mat/0502476,False,False
hep-th/9505153,12,0.7939194440841675,2008.01275,False,False
hep-th/9505153,13,0.793433666229248,1407.0437,False,False
hep-th/9505153,14,0.791559100151062,2208.02727,False,True
hep-th/9505153,15,0.7915046215057373,gr-qc/0312010,False,False
hep-th/9505153,16,0.7914535403251648,0810.1900,False,False
hep-th/9505153,17,0.790586531162262,cond-mat/0312296,False,False
hep-th/9505153,18,0.7900811433792114,2304.08180,False,False
hep-th/9505153,19,0.7899632453918457,1607.06863,False,False
hep-th/9505153,20,0.7891796827316284,1806.07561,False,False
hep-th/9505153,21,0.7891101837158203,2003.06296,False,False
hep-th/9505153,22,0.7887178659439087,2401.12525,False,False
hep-th/9505153,23,0.788685142993927,1307.4233,False,False
hep-th/9505153,24,0.7886260151863098,2112.01125,False,False
hep-th/9505153,25,0.7882151007652283,cond-mat/0609407,False,False
hep-th/9505153,26,0.7877480983734131,hep-th/9906170,False,True
hep-th/9505153,27,0.7869328260421753,hep-th/0301194,False,True
hep-th/9505153,28,0.7868890166282654,2012.00712,False,False
hep-th/9505153,29,0.786700963973999,hep-th/9310074,False,True
hep-th/9505153,30,0.7865484952926636,2406.10343,False,False
hep-th/9505153,31,0.7862337827682495,hep-th/9708121,False,True
hep-th/9505153,32,0.7860203981399536,2003.03820,False,False
hep-th/9505153,33,0.7852284908294678,1612.03014,False,False
hep-th/9505153,34,0.7851548790931702,cond-mat/0605087,False,False
hep-th/9505153,35,0.7849477529525757,1711.08806,False,True
hep-th/9505153,36,0.7846744060516357,1910.14271,False,False
hep-th/9505153,37,0.7844424247741699,hep-ph/9709230,False,False
hep-th/9505153,38,0.7835738062858582,2512.24770,False,True
hep-th/9505153,39,0.783485472202301,0709.0706,False,False
hep-th/9505153,40,0.7827637195587158,1609.07725,False,True
hep-th/9505153,41,0.7819599509239197,1001.2514,False,False
hep-th/9505153,42,0.7818825244903564,2512.16695,False,False
hep-th/9505153,43,0.7817662954330444,1807.10992,False,False
hep-th/9505153,44,0.7813520431518555,astro-ph/0504599,False,False
hep-th/9505153,45,0.7813321352005005,nucl-th/0110003,False,False
hep-th/9505153,46,0.7813090085983276,gr-qc/0604099,False,True
hep-th/9505153,47,0.7812325358390808,hep-th/9311001,False,True
hep-th/9505153,48,0.7811452150344849,cond-mat/0608364,False,False
hep-th/9505153,49,0.7803637385368347,0902.0836,False,False
hep-th/9505153,50,0.7801240086555481,1504.04177,False,False
hep-th/9505153,51,0.779328465461731,hep-ph/9904376,False,False
hep-th/9505153,52,0.779169499874115,hep-ph/9904431,False,False
hep-th/9505153,53,0.7790225744247437,hep-ph/9809330,False,False
hep-th/9505153,54,0.7789729833602905,cond-mat/0601525,False,False
hep-th/9505153,55,0.7788288593292236,nucl-th/0505008,True,False
hep-th/9505153,56,0.7787204384803772,1509.08633,False,False
hep-th/9505153,57,0.7781442403793335,hep-th/0107193,False,True
hep-th/9505153,58,0.7781250476837158,2602.20047,False,True
hep-th/9505153,59,0.778104841709137,hep-ph/9504229,False,True
hep-th/9505153,60,0.7777397036552429,1110.5409,False,False
hep-th/9505153,61,0.7776901125907898,0806.3038,False,False
hep-th/9505153,62,0.7775292992591858,quant-ph/0501168,False,False
hep-th/9505153,63,0.7767645120620728,1607.02055,False,False
hep-th/9505153,64,0.7765471935272217,nucl-th/0204074,False,False
hep-th/9505153,65,0.7765177488327026,1806.04547,False,False
hep-th/9505153,66,0.7763617038726807,physics/9810057,False,False
hep-th/9505153,67,0.7762896418571472,gr-qc/0009015,False,False
hep-th/9505153,68,0.7757641077041626,2503.18039,False,True
hep-th/9505153,69,0.7757555842399597,nucl-th/9808073,False,False
hep-th/9505153,70,0.7757313251495361,cond-mat/0606480,False,False
hep-th/9505153,71,0.7756213545799255,2310.06027,False,True
hep-th/9505153,72,0.7754510641098022,hep-th/0109028,False,True
hep-th/9505153,73,0.7752940058708191,1904.04515,False,False
hep-th/9505153,74,0.7749007344245911,0807.0289,False,False
hep-th/9505153,75,0.7746060490608215,1511.08909,False,False
hep-th/9505153,76,0.7743630409240723,1911.09082,False,False
hep-th/9505153,77,0.7742516398429871,2010.09742,True,True
hep-th/9505153,78,0.7737809419631958,1605.08389,False,False
hep-th/9505153,79,0.7736773490905762,1106.3104,False,False
hep-th/9505153,80,0.7735010385513306,0809.2485,False,False
hep-th/9505153,81,0.7732962965965271,2510.02684,False,False
hep-th/9505153,82,0.772838830947876,1205.2416,False,False
hep-th/9505153,83,0.7727435231208801,1409.0900,False,False
hep-th/9505153,84,0.7727055549621582,1707.01388,False,False
hep-th/9505153,85,0.7724387049674988,1607.06731,False,False
hep-th/9505153,86,0.7724267244338989,2105.02032,False,True
hep-th/9505153,87,0.7721801400184631,nucl-th/0602014,False,False
hep-th/9505153,88,0.7720797657966614,hep-ph/9907249,False,False
hep-th/9505153,89,0.7720170617103577,2308.04491,False,True
hep-th/9505153,90,0.772013783454895,nucl-th/0407101,False,False
hep-th/9505153,91,0.7719762921333313,2204.12314,False,False
hep-th/9505153,92,0.771775484085083,cond-mat/0511394,False,False
hep-th/9505153,93,0.7717365622520447,2105.04094,False,False
hep-th/9505153,94,0.7716413736343384,cond-mat/0402250,False,False
hep-th/9505153,95,0.7715827226638794,1303.5283,False,False
hep-th/9505153,96,0.7713443636894226,0806.0997,False,False
hep-th/9505153,97,0.7712429761886597,2108.08099,False,False
hep-th/9505153,98,0.7709003686904907,2005.10841,False,True
hep-th/9505153,99,0.770892322063446,cond-mat/0402337,False,False
hep-th/9505153,100,0.7708569765090942,1501.03974,False,False
math-ph/0207040,1,0.8881568312644958,1909.08832,False,False
math-ph/0207040,2,0.888116717338562,1309.2401,False,False
math-ph/0207040,3,0.8866615295410156,1308.5606,False,False
math-ph/0207040,4,0.8858345746994019,2105.07094,False,False
math-ph/0207040,5,0.8844552636146545,math/0311277,False,False
math-ph/0207040,6,0.8829361200332642,2103.16430,False,False
math-ph/0207040,7,0.8804804086685181,1603.01370,False,False
math-ph/0207040,8,0.8790558576583862,2003.10497,False,False
math-ph/0207040,9,0.8774539828300476,math/0604491,False,False
math-ph/0207040,10,0.8748670816421509,1908.09012,False,False
math-ph/0207040,11,0.8742731213569641,1304.7575,False,False
math-ph/0207040,12,0.8737298250198364,2504.05574,False,False
math-ph/0207040,13,0.8734265565872192,1802.07780,False,False
math-ph/0207040,14,0.8716443181037903,1810.05935,False,False
math-ph/0207040,15,0.8712424635887146,1409.2217,False,False
math-ph/0207040,16,0.8676465749740601,2206.01303,False,False
math-ph/0207040,17,0.8676198720932007,2512.21442,False,False
math-ph/0207040,18,0.8651217222213745,2206.08131,False,True
math-ph/0207040,19,0.8647324442863464,1202.4711,False,False
math-ph/0207040,20,0.8646215200424194,1109.6463,False,False
math-ph/0207040,21,0.8646174669265747,2406.11663,False,False
math-ph/0207040,22,0.8642280697822571,1212.0507,False,False
math-ph/0207040,23,0.8627155423164368,1104.3324,False,False
math-ph/0207040,24,0.8624738454818726,2102.06935,False,False
math-ph/0207040,25,0.8621968626976013,0705.2677,False,False
math-ph/0207040,26,0.862130880355835,2601.02832,False,False
math-ph/0207040,27,0.8612600564956665,2011.14222,False,True
math-ph/0207040,28,0.8603469133377075,2410.17096,False,False
math-ph/0207040,29,0.8590441346168518,0905.3282,False,False
math-ph/0207040,30,0.8588941097259521,1703.05014,False,False
math-ph/0207040,31,0.8584858775138855,math/0605010,False,False
math-ph/0207040,32,0.8580425381660461,1604.02846,False,False
math-ph/0207040,33,0.8575796484947205,0801.2668,False,False
math-ph/0207040,34,0.8572795987129211,math/0702078,False,False
math-ph/0207040,35,0.8571146726608276,1411.6090,False,False
math-ph/0207040,36,0.8570854663848877,1807.01353,False,False
math-ph/0207040,37,0.8565068244934082,2509.21169,False,False
math-ph/0207040,38,0.8564658164978027,0712.2603,False,False
math-ph/0207040,39,0.8558657169342041,1603.00631,False,False
math-ph/0207040,40,0.8558470606803894,0805.0902,False,False
math-ph/0207040,41,0.8549237251281738,1312.6589,False,False
math-ph/0207040,42,0.854727029800415,1305.1860,False,False
math-ph/0207040,43,0.854661226272583,2402.12070,False,False
math-ph/0207040,44,0.8544973731040955,1907.11655,False,False
math-ph/0207040,45,0.8544360399246216,1611.06584,False,False
math-ph/0207040,46,0.8542225956916809,1701.07979,False,False
math-ph/0207040,47,0.8541550636291504,2103.10980,False,False
math-ph/0207040,48,0.8540408611297607,2502.06711,False,False
math-ph/0207040,49,0.8535584211349487,2510.19038,False,True
math-ph/0207040,50,0.8532239198684692,math-ph/0203024,False,True
math-ph/0207040,51,0.8529033660888672,2311.18633,False,False
math-ph/0207040,52,0.8528320789337158,2203.00476,False,False
math-ph/0207040,53,0.8520444631576538,2401.00235,False,False
math-ph/0207040,54,0.85141921043396,1705.10398,False,False
math-ph/0207040,55,0.8513179421424866,1909.12821,False,False
math-ph/0207040,56,0.8511736392974854,1510.03896,False,False
math-ph/0207040,57,0.8510046601295471,1806.09293,False,False
math-ph/0207040,58,0.8507808446884155,1011.6605,False,False
math-ph/0207040,59,0.8507425785064697,1804.04823,False,False
math-ph/0207040,60,0.8506711721420288,math/0604128,False,False
math-ph/0207040,61,0.8505755066871643,1811.11981,False,False
math-ph/0207040,62,0.8504726886749268,1611.06808,False,False
math-ph/0207040,63,0.8500622510910034,2106.02924,False,False
math-ph/0207040,64,0.8497734665870667,0909.3663,False,False
math-ph/0207040,65,0.8496580123901367,1908.03304,False,False
math-ph/0207040,66,0.84955233335495,2012.12888,False,False
math-ph/0207040,67,0.8494096994400024,1603.07378,False,False
math-ph/0207040,68,0.8489929437637329,1508.00734,False,False
math-ph/0207040,69,0.8487845659255981,1802.02869,False,False
math-ph/0207040,70,0.8486000299453735,1107.1149,False,False
math-ph/0207040,71,0.8482860326766968,2209.04140,False,False
math-ph/0207040,72,0.8481122255325317,0812.3485,False,False
math-ph/0207040,73,0.8476400375366211,1412.0257,False,False
math-ph/0207040,74,0.8475555181503296,1202.2226,False,False
math-ph/0207040,75,0.8473923206329346,1110.5723,False,False
math-ph/0207040,76,0.8473827242851257,2208.13813,False,False
math-ph/0207040,77,0.8465133905410767,2204.02031,False,False
math-ph/0207040,78,0.8465110659599304,2302.06437,False,False
math-ph/0207040,79,0.8465000987052917,1204.4440,False,False
math-ph/0207040,80,0.8463597297668457,2305.13222,False,False
math-ph/0207040,81,0.8462682366371155,1109.1736,False,False
math-ph/0207040,82,0.846135675907135,0901.2524,False,False
math-ph/0207040,83,0.8452524542808533,2007.04665,False,False
math-ph/0207040,84,0.8449375629425049,2008.09278,False,True
math-ph/0207040,85,0.8448401689529419,2310.01070,False,False
math-ph/0207040,86,0.8447354435920715,0801.2112,False,False
math-ph/0207040,87,0.8445502519607544,0808.3048,False,False
math-ph/0207040,88,0.8445172309875488,0812.2129,False,False
math-ph/0207040,89,0.8443349003791809,1112.1003,False,False
math-ph/0207040,90,0.8443138003349304,2207.09015,False,False
math-ph/0207040,91,0.8442813754081726,1608.07124,False,False
math-ph/0207040,92,0.8441068530082703,1401.6636,False,True
math-ph/0207040,93,0.8439277410507202,1802.03163,False,False
math-ph/0207040,94,0.8438184857368469,2204.11733,False,False
math-ph/0207040,95,0.843181848526001,1504.04673,False,False
math-ph/0207040,96,0.8428648710250854,2301.07517,False,False
math-ph/0207040,97,0.8425360918045044,2603.09462,False,False
math-ph/0207040,98,0.8424440622329712,1804.03510,False,False
math-ph/0207040,99,0.8424344062805176,1408.3683,False,False
math-ph/0207040,100,0.8423444032669067,1912.01733,False,False
